-- ===========================================================================
-- Super Data Initialization Script (Generated by Python)
-- 產生超過各表 80 組以上的極限壓力測試與驗證資料
-- ===========================================================================

INSERT INTO users (user_id, username, email, password_hash, role, status, permission) VALUES (101, 'super_developer_1', 'super_developer_1@test.com', 'admin', 'DEVELOPER', 'OFFLINE', 'ACTIVE');
INSERT INTO users (user_id, username, email, password_hash, role, status, permission) VALUES (102, 'super_developer_2', 'super_developer_2@test.com', 'admin', 'DEVELOPER', 'OFFLINE', 'ACTIVE');
INSERT INTO users (user_id, username, email, password_hash, role, status, permission) VALUES (103, 'super_developer_3', 'super_developer_3@test.com', 'admin', 'DEVELOPER', 'OFFLINE', 'ACTIVE');
INSERT INTO users (user_id, username, email, password_hash, role, status, permission) VALUES (104, 'super_users_4', 'super_users_4@test.com', 'admin', 'USERS', 'OFFLINE', 'ACTIVE');
INSERT INTO users (user_id, username, email, password_hash, role, status, permission) VALUES (105, 'super_users_5', 'super_users_5@test.com', 'admin', 'USERS', 'OFFLINE', 'ACTIVE');
INSERT INTO users (user_id, username, email, password_hash, role, status, permission) VALUES (106, 'super_users_6', 'super_users_6@test.com', 'admin', 'USERS', 'OFFLINE', 'ACTIVE');
INSERT INTO users (user_id, username, email, password_hash, role, status, permission) VALUES (107, 'super_admin_7', 'super_admin_7@test.com', 'admin', 'ADMIN', 'OFFLINE', 'ACTIVE');
INSERT INTO users (user_id, username, email, password_hash, role, status, permission) VALUES (108, 'super_csr_8', 'super_csr_8@test.com', 'admin', 'CSR', 'OFFLINE', 'ACTIVE');
INSERT INTO users (user_id, username, email, password_hash, role, status, permission) VALUES (109, 'super_developer_9', 'super_developer_9@test.com', 'admin', 'DEVELOPER', 'OFFLINE', 'ACTIVE');
INSERT INTO users (user_id, username, email, password_hash, role, status, permission) VALUES (110, 'super_users_10', 'super_users_10@test.com', 'admin', 'USERS', 'OFFLINE', 'ACTIVE');
INSERT INTO users (user_id, username, email, password_hash, role, status, permission) VALUES (111, 'super_csr_11', 'super_csr_11@test.com', 'admin', 'CSR', 'OFFLINE', 'ACTIVE');
INSERT INTO users (user_id, username, email, password_hash, role, status, permission) VALUES (112, 'super_users_12', 'super_users_12@test.com', 'admin', 'USERS', 'OFFLINE', 'ACTIVE');
INSERT INTO users (user_id, username, email, password_hash, role, status, permission) VALUES (113, 'super_csr_13', 'super_csr_13@test.com', 'admin', 'CSR', 'OFFLINE', 'ACTIVE');
INSERT INTO users (user_id, username, email, password_hash, role, status, permission) VALUES (114, 'super_users_14', 'super_users_14@test.com', 'admin', 'USERS', 'OFFLINE', 'ACTIVE');
INSERT INTO users (user_id, username, email, password_hash, role, status, permission) VALUES (115, 'super_users_15', 'super_users_15@test.com', 'admin', 'USERS', 'OFFLINE', 'ACTIVE');
INSERT INTO users (user_id, username, email, password_hash, role, status, permission) VALUES (116, 'super_users_16', 'super_users_16@test.com', 'admin', 'USERS', 'OFFLINE', 'ACTIVE');
INSERT INTO users (user_id, username, email, password_hash, role, status, permission) VALUES (117, 'super_users_17', 'super_users_17@test.com', 'admin', 'USERS', 'OFFLINE', 'ACTIVE');
INSERT INTO users (user_id, username, email, password_hash, role, status, permission) VALUES (118, 'super_users_18', 'super_users_18@test.com', 'admin', 'USERS', 'OFFLINE', 'ACTIVE');
INSERT INTO users (user_id, username, email, password_hash, role, status, permission) VALUES (119, 'super_developer_19', 'super_developer_19@test.com', 'admin', 'DEVELOPER', 'OFFLINE', 'ACTIVE');
INSERT INTO users (user_id, username, email, password_hash, role, status, permission) VALUES (120, 'super_users_20', 'super_users_20@test.com', 'admin', 'USERS', 'OFFLINE', 'ACTIVE');
INSERT INTO users (user_id, username, email, password_hash, role, status, permission) VALUES (121, 'super_users_21', 'super_users_21@test.com', 'admin', 'USERS', 'OFFLINE', 'ACTIVE');
INSERT INTO users (user_id, username, email, password_hash, role, status, permission) VALUES (122, 'super_admin_22', 'super_admin_22@test.com', 'admin', 'ADMIN', 'OFFLINE', 'ACTIVE');
INSERT INTO users (user_id, username, email, password_hash, role, status, permission) VALUES (123, 'super_users_23', 'super_users_23@test.com', 'admin', 'USERS', 'OFFLINE', 'ACTIVE');
INSERT INTO users (user_id, username, email, password_hash, role, status, permission) VALUES (124, 'super_users_24', 'super_users_24@test.com', 'admin', 'USERS', 'OFFLINE', 'ACTIVE');
INSERT INTO users (user_id, username, email, password_hash, role, status, permission) VALUES (125, 'super_users_25', 'super_users_25@test.com', 'admin', 'USERS', 'OFFLINE', 'ACTIVE');
INSERT INTO users (user_id, username, email, password_hash, role, status, permission) VALUES (126, 'super_developer_26', 'super_developer_26@test.com', 'admin', 'DEVELOPER', 'OFFLINE', 'ACTIVE');
INSERT INTO users (user_id, username, email, password_hash, role, status, permission) VALUES (127, 'super_admin_27', 'super_admin_27@test.com', 'admin', 'ADMIN', 'OFFLINE', 'ACTIVE');
INSERT INTO users (user_id, username, email, password_hash, role, status, permission) VALUES (128, 'super_developer_28', 'super_developer_28@test.com', 'admin', 'DEVELOPER', 'OFFLINE', 'ACTIVE');
INSERT INTO users (user_id, username, email, password_hash, role, status, permission) VALUES (129, 'super_users_29', 'super_users_29@test.com', 'admin', 'USERS', 'OFFLINE', 'ACTIVE');
INSERT INTO users (user_id, username, email, password_hash, role, status, permission) VALUES (130, 'super_users_30', 'super_users_30@test.com', 'admin', 'USERS', 'OFFLINE', 'ACTIVE');
INSERT INTO users (user_id, username, email, password_hash, role, status, permission) VALUES (131, 'super_developer_31', 'super_developer_31@test.com', 'admin', 'DEVELOPER', 'OFFLINE', 'ACTIVE');
INSERT INTO users (user_id, username, email, password_hash, role, status, permission) VALUES (132, 'super_users_32', 'super_users_32@test.com', 'admin', 'USERS', 'OFFLINE', 'ACTIVE');
INSERT INTO users (user_id, username, email, password_hash, role, status, permission) VALUES (133, 'super_users_33', 'super_users_33@test.com', 'admin', 'USERS', 'OFFLINE', 'ACTIVE');
INSERT INTO users (user_id, username, email, password_hash, role, status, permission) VALUES (134, 'super_csr_34', 'super_csr_34@test.com', 'admin', 'CSR', 'OFFLINE', 'ACTIVE');
INSERT INTO users (user_id, username, email, password_hash, role, status, permission) VALUES (135, 'super_developer_35', 'super_developer_35@test.com', 'admin', 'DEVELOPER', 'OFFLINE', 'ACTIVE');
INSERT INTO users (user_id, username, email, password_hash, role, status, permission) VALUES (136, 'super_admin_36', 'super_admin_36@test.com', 'admin', 'ADMIN', 'OFFLINE', 'ACTIVE');
INSERT INTO users (user_id, username, email, password_hash, role, status, permission) VALUES (137, 'super_csr_37', 'super_csr_37@test.com', 'admin', 'CSR', 'OFFLINE', 'ACTIVE');
INSERT INTO users (user_id, username, email, password_hash, role, status, permission) VALUES (138, 'super_developer_38', 'super_developer_38@test.com', 'admin', 'DEVELOPER', 'OFFLINE', 'ACTIVE');
INSERT INTO users (user_id, username, email, password_hash, role, status, permission) VALUES (139, 'super_developer_39', 'super_developer_39@test.com', 'admin', 'DEVELOPER', 'OFFLINE', 'ACTIVE');
INSERT INTO users (user_id, username, email, password_hash, role, status, permission) VALUES (140, 'super_csr_40', 'super_csr_40@test.com', 'admin', 'CSR', 'OFFLINE', 'ACTIVE');
INSERT INTO users (user_id, username, email, password_hash, role, status, permission) VALUES (141, 'super_users_41', 'super_users_41@test.com', 'admin', 'USERS', 'OFFLINE', 'ACTIVE');
INSERT INTO users (user_id, username, email, password_hash, role, status, permission) VALUES (142, 'super_users_42', 'super_users_42@test.com', 'admin', 'USERS', 'OFFLINE', 'ACTIVE');
INSERT INTO users (user_id, username, email, password_hash, role, status, permission) VALUES (143, 'super_admin_43', 'super_admin_43@test.com', 'admin', 'ADMIN', 'OFFLINE', 'ACTIVE');
INSERT INTO users (user_id, username, email, password_hash, role, status, permission) VALUES (144, 'super_users_44', 'super_users_44@test.com', 'admin', 'USERS', 'OFFLINE', 'ACTIVE');
INSERT INTO users (user_id, username, email, password_hash, role, status, permission) VALUES (145, 'super_users_45', 'super_users_45@test.com', 'admin', 'USERS', 'OFFLINE', 'ACTIVE');
INSERT INTO users (user_id, username, email, password_hash, role, status, permission) VALUES (146, 'super_admin_46', 'super_admin_46@test.com', 'admin', 'ADMIN', 'OFFLINE', 'ACTIVE');
INSERT INTO users (user_id, username, email, password_hash, role, status, permission) VALUES (147, 'super_users_47', 'super_users_47@test.com', 'admin', 'USERS', 'OFFLINE', 'ACTIVE');
INSERT INTO users (user_id, username, email, password_hash, role, status, permission) VALUES (148, 'super_users_48', 'super_users_48@test.com', 'admin', 'USERS', 'OFFLINE', 'ACTIVE');
INSERT INTO users (user_id, username, email, password_hash, role, status, permission) VALUES (149, 'super_csr_49', 'super_csr_49@test.com', 'admin', 'CSR', 'OFFLINE', 'ACTIVE');
INSERT INTO users (user_id, username, email, password_hash, role, status, permission) VALUES (150, 'super_users_50', 'super_users_50@test.com', 'admin', 'USERS', 'OFFLINE', 'ACTIVE');
INSERT INTO users (user_id, username, email, password_hash, role, status, permission) VALUES (151, 'super_users_51', 'super_users_51@test.com', 'admin', 'USERS', 'OFFLINE', 'ACTIVE');
INSERT INTO users (user_id, username, email, password_hash, role, status, permission) VALUES (152, 'super_users_52', 'super_users_52@test.com', 'admin', 'USERS', 'OFFLINE', 'ACTIVE');
INSERT INTO users (user_id, username, email, password_hash, role, status, permission) VALUES (153, 'super_developer_53', 'super_developer_53@test.com', 'admin', 'DEVELOPER', 'OFFLINE', 'ACTIVE');
INSERT INTO users (user_id, username, email, password_hash, role, status, permission) VALUES (154, 'super_developer_54', 'super_developer_54@test.com', 'admin', 'DEVELOPER', 'OFFLINE', 'ACTIVE');
INSERT INTO users (user_id, username, email, password_hash, role, status, permission) VALUES (155, 'super_csr_55', 'super_csr_55@test.com', 'admin', 'CSR', 'OFFLINE', 'ACTIVE');
INSERT INTO users (user_id, username, email, password_hash, role, status, permission) VALUES (156, 'super_users_56', 'super_users_56@test.com', 'admin', 'USERS', 'OFFLINE', 'ACTIVE');
INSERT INTO users (user_id, username, email, password_hash, role, status, permission) VALUES (157, 'super_users_57', 'super_users_57@test.com', 'admin', 'USERS', 'OFFLINE', 'ACTIVE');
INSERT INTO users (user_id, username, email, password_hash, role, status, permission) VALUES (158, 'super_developer_58', 'super_developer_58@test.com', 'admin', 'DEVELOPER', 'OFFLINE', 'ACTIVE');
INSERT INTO users (user_id, username, email, password_hash, role, status, permission) VALUES (159, 'super_users_59', 'super_users_59@test.com', 'admin', 'USERS', 'OFFLINE', 'ACTIVE');
INSERT INTO users (user_id, username, email, password_hash, role, status, permission) VALUES (160, 'super_csr_60', 'super_csr_60@test.com', 'admin', 'CSR', 'OFFLINE', 'ACTIVE');
INSERT INTO users (user_id, username, email, password_hash, role, status, permission) VALUES (161, 'super_users_61', 'super_users_61@test.com', 'admin', 'USERS', 'OFFLINE', 'ACTIVE');
INSERT INTO users (user_id, username, email, password_hash, role, status, permission) VALUES (162, 'super_users_62', 'super_users_62@test.com', 'admin', 'USERS', 'OFFLINE', 'ACTIVE');
INSERT INTO users (user_id, username, email, password_hash, role, status, permission) VALUES (163, 'super_developer_63', 'super_developer_63@test.com', 'admin', 'DEVELOPER', 'OFFLINE', 'ACTIVE');
INSERT INTO users (user_id, username, email, password_hash, role, status, permission) VALUES (164, 'super_developer_64', 'super_developer_64@test.com', 'admin', 'DEVELOPER', 'OFFLINE', 'ACTIVE');
INSERT INTO users (user_id, username, email, password_hash, role, status, permission) VALUES (165, 'super_developer_65', 'super_developer_65@test.com', 'admin', 'DEVELOPER', 'OFFLINE', 'ACTIVE');
INSERT INTO users (user_id, username, email, password_hash, role, status, permission) VALUES (166, 'super_csr_66', 'super_csr_66@test.com', 'admin', 'CSR', 'OFFLINE', 'ACTIVE');
INSERT INTO users (user_id, username, email, password_hash, role, status, permission) VALUES (167, 'super_developer_67', 'super_developer_67@test.com', 'admin', 'DEVELOPER', 'OFFLINE', 'ACTIVE');
INSERT INTO users (user_id, username, email, password_hash, role, status, permission) VALUES (168, 'super_users_68', 'super_users_68@test.com', 'admin', 'USERS', 'OFFLINE', 'ACTIVE');
INSERT INTO users (user_id, username, email, password_hash, role, status, permission) VALUES (169, 'super_users_69', 'super_users_69@test.com', 'admin', 'USERS', 'OFFLINE', 'ACTIVE');
INSERT INTO users (user_id, username, email, password_hash, role, status, permission) VALUES (170, 'super_users_70', 'super_users_70@test.com', 'admin', 'USERS', 'OFFLINE', 'ACTIVE');
INSERT INTO users (user_id, username, email, password_hash, role, status, permission) VALUES (171, 'super_users_71', 'super_users_71@test.com', 'admin', 'USERS', 'OFFLINE', 'ACTIVE');
INSERT INTO users (user_id, username, email, password_hash, role, status, permission) VALUES (172, 'super_developer_72', 'super_developer_72@test.com', 'admin', 'DEVELOPER', 'OFFLINE', 'ACTIVE');
INSERT INTO users (user_id, username, email, password_hash, role, status, permission) VALUES (173, 'super_users_73', 'super_users_73@test.com', 'admin', 'USERS', 'OFFLINE', 'ACTIVE');
INSERT INTO users (user_id, username, email, password_hash, role, status, permission) VALUES (174, 'super_users_74', 'super_users_74@test.com', 'admin', 'USERS', 'OFFLINE', 'ACTIVE');
INSERT INTO users (user_id, username, email, password_hash, role, status, permission) VALUES (175, 'super_users_75', 'super_users_75@test.com', 'admin', 'USERS', 'OFFLINE', 'ACTIVE');
INSERT INTO users (user_id, username, email, password_hash, role, status, permission) VALUES (176, 'super_users_76', 'super_users_76@test.com', 'admin', 'USERS', 'OFFLINE', 'ACTIVE');
INSERT INTO users (user_id, username, email, password_hash, role, status, permission) VALUES (177, 'super_csr_77', 'super_csr_77@test.com', 'admin', 'CSR', 'OFFLINE', 'ACTIVE');
INSERT INTO users (user_id, username, email, password_hash, role, status, permission) VALUES (178, 'super_csr_78', 'super_csr_78@test.com', 'admin', 'CSR', 'OFFLINE', 'ACTIVE');
INSERT INTO users (user_id, username, email, password_hash, role, status, permission) VALUES (179, 'super_users_79', 'super_users_79@test.com', 'admin', 'USERS', 'OFFLINE', 'ACTIVE');
INSERT INTO users (user_id, username, email, password_hash, role, status, permission) VALUES (180, 'super_developer_80', 'super_developer_80@test.com', 'admin', 'DEVELOPER', 'OFFLINE', 'ACTIVE');
INSERT INTO users (user_id, username, email, password_hash, role, status, permission) VALUES (181, 'super_users_81', 'super_users_81@test.com', 'admin', 'USERS', 'OFFLINE', 'ACTIVE');
INSERT INTO users (user_id, username, email, password_hash, role, status, permission) VALUES (182, 'super_users_82', 'super_users_82@test.com', 'admin', 'USERS', 'OFFLINE', 'ACTIVE');
INSERT INTO users (user_id, username, email, password_hash, role, status, permission) VALUES (183, 'super_users_83', 'super_users_83@test.com', 'admin', 'USERS', 'OFFLINE', 'ACTIVE');
INSERT INTO users (user_id, username, email, password_hash, role, status, permission) VALUES (184, 'super_users_84', 'super_users_84@test.com', 'admin', 'USERS', 'OFFLINE', 'ACTIVE');
INSERT INTO users (user_id, username, email, password_hash, role, status, permission) VALUES (185, 'super_users_85', 'super_users_85@test.com', 'admin', 'USERS', 'OFFLINE', 'ACTIVE');
INSERT INTO users (user_id, username, email, password_hash, role, status, permission) VALUES (186, 'super_users_86', 'super_users_86@test.com', 'admin', 'USERS', 'OFFLINE', 'ACTIVE');
INSERT INTO users (user_id, username, email, password_hash, role, status, permission) VALUES (187, 'super_users_87', 'super_users_87@test.com', 'admin', 'USERS', 'OFFLINE', 'ACTIVE');
INSERT INTO users (user_id, username, email, password_hash, role, status, permission) VALUES (188, 'super_users_88', 'super_users_88@test.com', 'admin', 'USERS', 'OFFLINE', 'ACTIVE');
INSERT INTO users (user_id, username, email, password_hash, role, status, permission) VALUES (189, 'super_admin_89', 'super_admin_89@test.com', 'admin', 'ADMIN', 'OFFLINE', 'ACTIVE');
INSERT INTO users (user_id, username, email, password_hash, role, status, permission) VALUES (190, 'super_users_90', 'super_users_90@test.com', 'admin', 'USERS', 'OFFLINE', 'ACTIVE');
INSERT INTO users (user_id, username, email, password_hash, role, status, permission) VALUES (191, 'super_users_91', 'super_users_91@test.com', 'admin', 'USERS', 'OFFLINE', 'ACTIVE');
INSERT INTO users (user_id, username, email, password_hash, role, status, permission) VALUES (192, 'super_users_92', 'super_users_92@test.com', 'admin', 'USERS', 'OFFLINE', 'ACTIVE');
INSERT INTO users (user_id, username, email, password_hash, role, status, permission) VALUES (193, 'super_csr_93', 'super_csr_93@test.com', 'admin', 'CSR', 'OFFLINE', 'ACTIVE');
INSERT INTO users (user_id, username, email, password_hash, role, status, permission) VALUES (194, 'super_users_94', 'super_users_94@test.com', 'admin', 'USERS', 'OFFLINE', 'ACTIVE');
INSERT INTO users (user_id, username, email, password_hash, role, status, permission) VALUES (195, 'super_admin_95', 'super_admin_95@test.com', 'admin', 'ADMIN', 'OFFLINE', 'ACTIVE');
INSERT INTO users (user_id, username, email, password_hash, role, status, permission) VALUES (196, 'super_developer_96', 'super_developer_96@test.com', 'admin', 'DEVELOPER', 'OFFLINE', 'ACTIVE');
INSERT INTO users (user_id, username, email, password_hash, role, status, permission) VALUES (197, 'super_developer_97', 'super_developer_97@test.com', 'admin', 'DEVELOPER', 'OFFLINE', 'ACTIVE');
INSERT INTO users (user_id, username, email, password_hash, role, status, permission) VALUES (198, 'super_developer_98', 'super_developer_98@test.com', 'admin', 'DEVELOPER', 'OFFLINE', 'ACTIVE');
INSERT INTO users (user_id, username, email, password_hash, role, status, permission) VALUES (199, 'super_users_99', 'super_users_99@test.com', 'admin', 'USERS', 'OFFLINE', 'ACTIVE');
INSERT INTO users (user_id, username, email, password_hash, role, status, permission) VALUES (200, 'super_users_100', 'super_users_100@test.com', 'admin', 'USERS', 'OFFLINE', 'ACTIVE');
INSERT INTO users (user_id, username, email, password_hash, role, status, permission) VALUES (201, 'super_users_101', 'super_users_101@test.com', 'admin', 'USERS', 'OFFLINE', 'ACTIVE');
INSERT INTO users (user_id, username, email, password_hash, role, status, permission) VALUES (202, 'super_users_102', 'super_users_102@test.com', 'admin', 'USERS', 'OFFLINE', 'ACTIVE');
INSERT INTO users (user_id, username, email, password_hash, role, status, permission) VALUES (203, 'super_users_103', 'super_users_103@test.com', 'admin', 'USERS', 'OFFLINE', 'ACTIVE');
INSERT INTO users (user_id, username, email, password_hash, role, status, permission) VALUES (204, 'super_users_104', 'super_users_104@test.com', 'admin', 'USERS', 'OFFLINE', 'ACTIVE');
INSERT INTO users (user_id, username, email, password_hash, role, status, permission) VALUES (205, 'super_csr_105', 'super_csr_105@test.com', 'admin', 'CSR', 'OFFLINE', 'ACTIVE');
INSERT INTO users (user_id, username, email, password_hash, role, status, permission) VALUES (206, 'super_users_106', 'super_users_106@test.com', 'admin', 'USERS', 'OFFLINE', 'ACTIVE');
INSERT INTO users (user_id, username, email, password_hash, role, status, permission) VALUES (207, 'super_csr_107', 'super_csr_107@test.com', 'admin', 'CSR', 'OFFLINE', 'ACTIVE');
INSERT INTO users (user_id, username, email, password_hash, role, status, permission) VALUES (208, 'super_developer_108', 'super_developer_108@test.com', 'admin', 'DEVELOPER', 'OFFLINE', 'ACTIVE');
INSERT INTO users (user_id, username, email, password_hash, role, status, permission) VALUES (209, 'super_csr_109', 'super_csr_109@test.com', 'admin', 'CSR', 'OFFLINE', 'ACTIVE');
INSERT INTO users (user_id, username, email, password_hash, role, status, permission) VALUES (210, 'super_users_110', 'super_users_110@test.com', 'admin', 'USERS', 'OFFLINE', 'ACTIVE');
INSERT INTO users (user_id, username, email, password_hash, role, status, permission) VALUES (211, 'super_users_111', 'super_users_111@test.com', 'admin', 'USERS', 'OFFLINE', 'ACTIVE');
INSERT INTO users (user_id, username, email, password_hash, role, status, permission) VALUES (212, 'super_admin_112', 'super_admin_112@test.com', 'admin', 'ADMIN', 'OFFLINE', 'ACTIVE');
INSERT INTO users (user_id, username, email, password_hash, role, status, permission) VALUES (213, 'super_users_113', 'super_users_113@test.com', 'admin', 'USERS', 'OFFLINE', 'ACTIVE');
INSERT INTO users (user_id, username, email, password_hash, role, status, permission) VALUES (214, 'super_admin_114', 'super_admin_114@test.com', 'admin', 'ADMIN', 'OFFLINE', 'ACTIVE');
INSERT INTO users (user_id, username, email, password_hash, role, status, permission) VALUES (215, 'super_users_115', 'super_users_115@test.com', 'admin', 'USERS', 'OFFLINE', 'ACTIVE');
INSERT INTO users (user_id, username, email, password_hash, role, status, permission) VALUES (216, 'super_users_116', 'super_users_116@test.com', 'admin', 'USERS', 'OFFLINE', 'ACTIVE');
INSERT INTO users (user_id, username, email, password_hash, role, status, permission) VALUES (217, 'super_users_117', 'super_users_117@test.com', 'admin', 'USERS', 'OFFLINE', 'ACTIVE');
INSERT INTO users (user_id, username, email, password_hash, role, status, permission) VALUES (218, 'super_users_118', 'super_users_118@test.com', 'admin', 'USERS', 'OFFLINE', 'ACTIVE');
INSERT INTO users (user_id, username, email, password_hash, role, status, permission) VALUES (219, 'super_users_119', 'super_users_119@test.com', 'admin', 'USERS', 'OFFLINE', 'ACTIVE');
INSERT INTO users (user_id, username, email, password_hash, role, status, permission) VALUES (220, 'super_developer_120', 'super_developer_120@test.com', 'admin', 'DEVELOPER', 'OFFLINE', 'ACTIVE');
INSERT INTO games (game_id, developer_id, title, description, price, status) VALUES (101, 119, 'Battle Cat Edition 1', 'An amazing battle cat game variant #1.\n\nEnjoy the ultimate feline battles.', 151.84, 'ACTIVE');
INSERT INTO game_media (game_id, file_url, media_type) VALUES (101, '/media/images/101/e0d58b74b57407a754847145c64856ba84d63bd3a8ee79f84703eba0e56ad5db.png', 'media');
INSERT INTO games (game_id, developer_id, title, description, price, status) VALUES (102, 102, 'Battle Cat Edition 2', 'An amazing battle cat game variant #2.\n\nEnjoy the ultimate feline battles.', 983.55, 'ACTIVE');
INSERT INTO game_media (game_id, file_url, media_type) VALUES (102, '/media/images/102/2b7a326ec84a70435ccfe2769480b585d12c083f8db2e20125ecf4807fbd6a67.png', 'media');
INSERT INTO game_media (game_id, file_url, media_type) VALUES (102, '/media/images/102/aac0bef387bd5d1593f8d173189bb6c7cbb1b23f3e940c41dcb7048e95bb7362.png', 'media');
INSERT INTO games (game_id, developer_id, title, description, price, status) VALUES (103, 164, 'Battle Cat Edition 3', 'An amazing battle cat game variant #3.\n\nEnjoy the ultimate feline battles.', 1122.24, 'ACTIVE');
INSERT INTO game_media (game_id, file_url, media_type) VALUES (103, '/downloads/103/game_103.png', 'game_file');
INSERT INTO games (game_id, developer_id, title, description, price, status) VALUES (104, 196, 'Battle Cat Edition 4', 'An amazing battle cat game variant #4.\n\nEnjoy the ultimate feline battles.', 996.26, 'ACTIVE');
INSERT INTO game_media (game_id, file_url, media_type) VALUES (104, '/media/images/104/17c5ab03163e8d6e8b621a419eca8b05c4f6f0fc8f43d3ab6fe0adba91cc4a86.png', 'media');
INSERT INTO game_media (game_id, file_url, media_type) VALUES (104, '/media/images/104/d6d7f8d8e450b9654f839976ae70b82dd6e0296e489601f6101f5ab632235ec6.png', 'media');
INSERT INTO games (game_id, developer_id, title, description, price, status) VALUES (105, 102, 'Battle Cat Edition 5', 'An amazing battle cat game variant #5.\n\nEnjoy the ultimate feline battles.', 1308.35, 'ACTIVE');
INSERT INTO game_media (game_id, file_url, media_type) VALUES (105, '/media/images/105/00d50675b96ece53ebdfdb4f143f17fd27bebae280fa7e3398198b9c5d054bf3.png', 'media');
INSERT INTO game_media (game_id, file_url, media_type) VALUES (105, '/media/images/105/067ddb4f6a4bc8bd1e031b79a64e97c1608eebc0fdf2a76d51585b42cbde9117.png', 'media');
INSERT INTO games (game_id, developer_id, title, description, price, status) VALUES (106, 180, 'Battle Cat Edition 6', 'An amazing battle cat game variant #6.\n\nEnjoy the ultimate feline battles.', 805.02, 'ACTIVE');
INSERT INTO game_media (game_id, file_url, media_type) VALUES (106, '/media/images/106/b7e339f85af94aa332adc01a2f60103afb9878f61176b540ce149ca36f88cd10.png', 'media');
INSERT INTO games (game_id, developer_id, title, description, price, status) VALUES (107, 138, 'Battle Cat Edition 7', 'An amazing battle cat game variant #7.\n\nEnjoy the ultimate feline battles.', 978.55, 'ACTIVE');
INSERT INTO games (game_id, developer_id, title, description, price, status) VALUES (108, 128, 'Battle Cat Edition 8', 'An amazing battle cat game variant #8.\n\nEnjoy the ultimate feline battles.', 906.59, 'ACTIVE');
INSERT INTO game_media (game_id, file_url, media_type) VALUES (108, '/media/images/108/a58bbb39c3aab61ffcf109fceda6ba72716bac0c49fda7ed785e30d6887a35ff.png', 'media');
INSERT INTO games (game_id, developer_id, title, description, price, status) VALUES (109, 139, 'Battle Cat Edition 9', 'An amazing battle cat game variant #9.\n\nEnjoy the ultimate feline battles.', 1168.15, 'TAKEN_DOWN');
INSERT INTO game_media (game_id, file_url, media_type) VALUES (109, '/media/images/109/0e88ad941a6fb3ea4611abb0a6dc9e58c90e11175f2083492095c3bbd0f3ff98.png', 'media');
INSERT INTO game_media (game_id, file_url, media_type) VALUES (109, '/media/images/109/6f4049586422da4f20ed089549fcebbc1f6ab41b5a82275ce5de75c531adc4b5.png', 'media');
INSERT INTO games (game_id, developer_id, title, description, price, status) VALUES (110, 128, 'Battle Cat Edition 10', 'An amazing battle cat game variant #10.\n\nEnjoy the ultimate feline battles.', 551.48, 'ACTIVE');
INSERT INTO game_media (game_id, file_url, media_type) VALUES (110, '/media/images/110/64f5f4c3e298bbf4ab85f288317da14b2165dc124f4beeacc1176f0ab143472a.png', 'media');
INSERT INTO game_media (game_id, file_url, media_type) VALUES (110, '/media/images/110/56455f038f3088c4917e9fc892aff396f221616b5cb14c0b786301d319c41e0b.png', 'media');
INSERT INTO games (game_id, developer_id, title, description, price, status) VALUES (111, 197, 'Battle Cat Edition 11', 'An amazing battle cat game variant #11.\n\nEnjoy the ultimate feline battles.', 260.84, 'ACTIVE');
INSERT INTO game_media (game_id, file_url, media_type) VALUES (111, '/media/images/111/484a1dbcb73722c72f9713a50328199bc242a0eaa315182fe51eef767a5481f7.png', 'media');
INSERT INTO game_media (game_id, file_url, media_type) VALUES (111, '/media/images/111/b333dd4fdfbf32b9098de86d8537a0125a952c143013ab6507ed154351a86452.png', 'media');
INSERT INTO game_media (game_id, file_url, media_type) VALUES (111, '/downloads/111/game_111.png', 'game_file');
INSERT INTO games (game_id, developer_id, title, description, price, status) VALUES (112, 126, 'Battle Cat Edition 12', 'An amazing battle cat game variant #12.\n\nEnjoy the ultimate feline battles.', 314.29, 'ACTIVE');
INSERT INTO game_media (game_id, file_url, media_type) VALUES (112, '/media/images/112/1c69c3d920c64cab6c526020a8863831bb35e5b7c024cb8b62aca6eb217ac1d4.png', 'media');
INSERT INTO games (game_id, developer_id, title, description, price, status) VALUES (113, 208, 'Battle Cat Edition 13', 'An amazing battle cat game variant #13.\n\nEnjoy the ultimate feline battles.', 253.95, 'ACTIVE');
INSERT INTO game_media (game_id, file_url, media_type) VALUES (113, '/media/images/113/8d81b3d25b73b7659321c4d7a7ce60f05eb65b9bfa6374227ff9e4fe570133e8.png', 'media');
INSERT INTO game_media (game_id, file_url, media_type) VALUES (113, '/media/images/113/8012699498e1fba35dbfb8ac2d274a2e26a2054a95a34ed2a45e88b6b386be1c.png', 'media');
INSERT INTO game_media (game_id, file_url, media_type) VALUES (113, '/downloads/113/game_113.png', 'game_file');
INSERT INTO games (game_id, developer_id, title, description, price, status) VALUES (114, 154, 'Battle Cat Edition 14', 'An amazing battle cat game variant #14.\n\nEnjoy the ultimate feline battles.', 213.16, 'TAKEN_DOWN');
INSERT INTO game_media (game_id, file_url, media_type) VALUES (114, '/media/images/114/c1dafce1307ee67d07bd98379fd6a3deada260ebbe4474648ca5885b964c9077.png', 'media');
INSERT INTO game_media (game_id, file_url, media_type) VALUES (114, '/downloads/114/game_114.png', 'game_file');
INSERT INTO games (game_id, developer_id, title, description, price, status) VALUES (115, 158, 'Battle Cat Edition 15', 'An amazing battle cat game variant #15.\n\nEnjoy the ultimate feline battles.', 1317.38, 'ACTIVE');
INSERT INTO game_media (game_id, file_url, media_type) VALUES (115, '/media/images/115/d08d8be9c3ec0677b8049d8b7d31b9b7cfda86bb3bbde5de00d6e6eff299e638.png', 'media');
INSERT INTO game_media (game_id, file_url, media_type) VALUES (115, '/downloads/115/game_115.png', 'game_file');
INSERT INTO games (game_id, developer_id, title, description, price, status) VALUES (116, 128, 'Battle Cat Edition 16', 'An amazing battle cat game variant #16.\n\nEnjoy the ultimate feline battles.', 176.33, 'ACTIVE');
INSERT INTO game_media (game_id, file_url, media_type) VALUES (116, '/media/images/116/d644abfbf027e99cce5034c5ddb628e1b7708f200678c0a8462480f8009cf4a7.png', 'media');
INSERT INTO game_media (game_id, file_url, media_type) VALUES (116, '/media/images/116/7343df305094cf5dedd17ba34d76fbdaa7ea650f86787656c26c69fc624be497.png', 'media');
INSERT INTO game_media (game_id, file_url, media_type) VALUES (116, '/downloads/116/game_116.png', 'game_file');
INSERT INTO games (game_id, developer_id, title, description, price, status) VALUES (117, 164, 'Battle Cat Edition 17', 'An amazing battle cat game variant #17.\n\nEnjoy the ultimate feline battles.', 511.01, 'ACTIVE');
INSERT INTO games (game_id, developer_id, title, description, price, status) VALUES (118, 165, 'Battle Cat Edition 18', 'An amazing battle cat game variant #18.\n\nEnjoy the ultimate feline battles.', 1307.89, 'ACTIVE');
INSERT INTO game_media (game_id, file_url, media_type) VALUES (118, '/downloads/118/game_118.png', 'game_file');
INSERT INTO games (game_id, developer_id, title, description, price, status) VALUES (119, 158, 'Battle Cat Edition 19', 'An amazing battle cat game variant #19.\n\nEnjoy the ultimate feline battles.', 1378.34, 'ACTIVE');
INSERT INTO game_media (game_id, file_url, media_type) VALUES (119, '/media/images/119/2b7a326ec84a70435ccfe2769480b585d12c083f8db2e20125ecf4807fbd6a67.png', 'media');
INSERT INTO game_media (game_id, file_url, media_type) VALUES (119, '/media/images/119/63d458701124faaae3c3ecc21af50a38f80d87f0216134fd8a7d20bf0e42ae65.png', 'media');
INSERT INTO game_media (game_id, file_url, media_type) VALUES (119, '/media/images/119/869207f892fa1bf9abb14c087a5ebe9c0d34ce8d4d690d43290cba6c5bf199ea.png', 'media');
INSERT INTO game_media (game_id, file_url, media_type) VALUES (119, '/downloads/119/game_119.png', 'game_file');
INSERT INTO games (game_id, developer_id, title, description, price, status) VALUES (120, 131, 'Battle Cat Edition 20', 'An amazing battle cat game variant #20.\n\nEnjoy the ultimate feline battles.', 816.32, 'ACTIVE');
INSERT INTO game_media (game_id, file_url, media_type) VALUES (120, '/downloads/120/game_120.png', 'game_file');
INSERT INTO games (game_id, developer_id, title, description, price, status) VALUES (121, 165, 'Battle Cat Edition 21', 'An amazing battle cat game variant #21.\n\nEnjoy the ultimate feline battles.', 704.97, 'ACTIVE');
INSERT INTO game_media (game_id, file_url, media_type) VALUES (121, '/media/images/121/8cfd1c9783f8957c39c30c2c2503f1960132709460dd5d7b7240223802be3803.png', 'media');
INSERT INTO game_media (game_id, file_url, media_type) VALUES (121, '/downloads/121/game_121.png', 'game_file');
INSERT INTO games (game_id, developer_id, title, description, price, status) VALUES (122, 138, 'Battle Cat Edition 22', 'An amazing battle cat game variant #22.\n\nEnjoy the ultimate feline battles.', 1144.55, 'TAKEN_DOWN');
INSERT INTO game_media (game_id, file_url, media_type) VALUES (122, '/downloads/122/game_122.png', 'game_file');
INSERT INTO games (game_id, developer_id, title, description, price, status) VALUES (123, 167, 'Battle Cat Edition 23', 'An amazing battle cat game variant #23.\n\nEnjoy the ultimate feline battles.', 1309.87, 'DRAFT');
INSERT INTO game_media (game_id, file_url, media_type) VALUES (123, '/media/images/123/738885ec6ad701272a97d288c8211fef780fe8906de01715c11d1dc67583e364.png', 'media');
INSERT INTO game_media (game_id, file_url, media_type) VALUES (123, '/media/images/123/b915aee0f00680441ab20363436ec15fa42a346578c14ea743717b069fd7b98d.png', 'media');
INSERT INTO game_media (game_id, file_url, media_type) VALUES (123, '/downloads/123/game_123.png', 'game_file');
INSERT INTO games (game_id, developer_id, title, description, price, status) VALUES (124, 163, 'Battle Cat Edition 24', 'An amazing battle cat game variant #24.\n\nEnjoy the ultimate feline battles.', 855.42, 'ACTIVE');
INSERT INTO games (game_id, developer_id, title, description, price, status) VALUES (125, 135, 'Battle Cat Edition 25', 'An amazing battle cat game variant #25.\n\nEnjoy the ultimate feline battles.', 1281.35, 'DRAFT');
INSERT INTO game_media (game_id, file_url, media_type) VALUES (125, '/media/images/125/ad9246eba4c20a57cfe85430df95c02daf1f638fb5804fd5bf6b134145df76ed.png', 'media');
INSERT INTO game_media (game_id, file_url, media_type) VALUES (125, '/downloads/125/game_125.png', 'game_file');
INSERT INTO games (game_id, developer_id, title, description, price, status) VALUES (126, 138, 'Battle Cat Edition 26', 'An amazing battle cat game variant #26.\n\nEnjoy the ultimate feline battles.', 1115.18, 'ACTIVE');
INSERT INTO game_media (game_id, file_url, media_type) VALUES (126, '/media/images/126/dfd4704c33307f594f5e065aa21804b53986a9472ae4a63923e783b0dc95371c.png', 'media');
INSERT INTO games (game_id, developer_id, title, description, price, status) VALUES (127, 208, 'Battle Cat Edition 27', 'An amazing battle cat game variant #27.\n\nEnjoy the ultimate feline battles.', 857.52, 'ACTIVE');
INSERT INTO game_media (game_id, file_url, media_type) VALUES (127, '/media/images/127/99ff74f305dc84fa94ef31f89c66d6f92669da3375590bb30d1d2d47f924ef85.png', 'media');
INSERT INTO games (game_id, developer_id, title, description, price, status) VALUES (128, 109, 'Battle Cat Edition 28', 'An amazing battle cat game variant #28.\n\nEnjoy the ultimate feline battles.', 232.7, 'ACTIVE');
INSERT INTO game_media (game_id, file_url, media_type) VALUES (128, '/media/images/128/40d8749b1c41dd72a3a86d365d757203a1fc135cd2a7b26ab9a0377e998141a9.png', 'media');
INSERT INTO game_media (game_id, file_url, media_type) VALUES (128, '/downloads/128/game_128.png', 'game_file');
INSERT INTO games (game_id, developer_id, title, description, price, status) VALUES (129, 138, 'Battle Cat Edition 29', 'An amazing battle cat game variant #29.\n\nEnjoy the ultimate feline battles.', 693.41, 'ACTIVE');
INSERT INTO game_media (game_id, file_url, media_type) VALUES (129, '/media/images/129/3f55610345fd8f7d06499a1c3242fb3311dad1e40edac133483a98904463c1ab.png', 'media');
INSERT INTO game_media (game_id, file_url, media_type) VALUES (129, '/downloads/129/game_129.png', 'game_file');
INSERT INTO games (game_id, developer_id, title, description, price, status) VALUES (130, 197, 'Battle Cat Edition 30', 'An amazing battle cat game variant #30.\n\nEnjoy the ultimate feline battles.', 694.98, 'DRAFT');
INSERT INTO game_media (game_id, file_url, media_type) VALUES (130, '/media/images/130/071851e3fd08db9707074a6e19202cea6bdc352f2895b9e69e1a3ab5c7ccea2f.png', 'media');
INSERT INTO game_media (game_id, file_url, media_type) VALUES (130, '/downloads/130/game_130.png', 'game_file');
INSERT INTO games (game_id, developer_id, title, description, price, status) VALUES (131, 103, 'Battle Cat Edition 31', 'An amazing battle cat game variant #31.\n\nEnjoy the ultimate feline battles.', 268.3, 'ACTIVE');
INSERT INTO game_media (game_id, file_url, media_type) VALUES (131, '/media/images/131/895d3fdd2cf8718a75d2d9e883e3e6ce82a27e644e08f6900e225d7dcae25b90.png', 'media');
INSERT INTO game_media (game_id, file_url, media_type) VALUES (131, '/media/images/131/5361c5552519202b59e02690fa706356e59bfccff6ce20af4141ba8dd1fdc454.png', 'media');
INSERT INTO game_media (game_id, file_url, media_type) VALUES (131, '/downloads/131/game_131.png', 'game_file');
INSERT INTO games (game_id, developer_id, title, description, price, status) VALUES (132, 126, 'Battle Cat Edition 32', 'An amazing battle cat game variant #32.\n\nEnjoy the ultimate feline battles.', 1445.63, 'ACTIVE');
INSERT INTO game_media (game_id, file_url, media_type) VALUES (132, '/media/images/132/689fdc2d96be38f9d5eb00248d37db178fa9552428ab1db8d782028375470311.png', 'media');
INSERT INTO games (game_id, developer_id, title, description, price, status) VALUES (133, 158, 'Battle Cat Edition 33', 'An amazing battle cat game variant #33.\n\nEnjoy the ultimate feline battles.', 737.63, 'ACTIVE');
INSERT INTO game_media (game_id, file_url, media_type) VALUES (133, '/media/images/133/92fee9a2960e77e44b15026b967c5aea47ff180b85dda5e13c467073b7a5bd7e.png', 'media');
INSERT INTO game_media (game_id, file_url, media_type) VALUES (133, '/downloads/133/game_133.png', 'game_file');
INSERT INTO games (game_id, developer_id, title, description, price, status) VALUES (134, 154, 'Battle Cat Edition 34', 'An amazing battle cat game variant #34.\n\nEnjoy the ultimate feline battles.', 1085.69, 'TAKEN_DOWN');
INSERT INTO game_media (game_id, file_url, media_type) VALUES (134, '/media/images/134/d4f7759f3737842e19ed2b7a43cc19d7b5ca66dceb821a7ee3c34e24d102c669.png', 'media');
INSERT INTO games (game_id, developer_id, title, description, price, status) VALUES (135, 135, 'Battle Cat Edition 35', 'An amazing battle cat game variant #35.\n\nEnjoy the ultimate feline battles.', 312.69, 'ACTIVE');
INSERT INTO game_media (game_id, file_url, media_type) VALUES (135, '/media/images/135/d7829b7d0a4007edacc2c18914dedef6dbde65bcd8876413c80512f2fc3dce39.png', 'media');
INSERT INTO game_media (game_id, file_url, media_type) VALUES (135, '/downloads/135/game_135.png', 'game_file');
INSERT INTO games (game_id, developer_id, title, description, price, status) VALUES (136, 153, 'Battle Cat Edition 36', 'An amazing battle cat game variant #36.\n\nEnjoy the ultimate feline battles.', 500.41, 'DRAFT');
INSERT INTO game_media (game_id, file_url, media_type) VALUES (136, '/media/images/136/93bd2efdc3afd92e8823425e4bc9189979071d194ab393b35e39bfcb2d5beef6.png', 'media');
INSERT INTO game_media (game_id, file_url, media_type) VALUES (136, '/media/images/136/8aad2d78e2b6d3316081ddba3b5316e2c9adc46187de5d34cd013bba08bbda7c.png', 'media');
INSERT INTO game_media (game_id, file_url, media_type) VALUES (136, '/media/images/136/31ff2efd0c229ced9ebe5c6a0f8638fda67bf6e1aaba7884ec7857e03752d165.png', 'media');
INSERT INTO game_media (game_id, file_url, media_type) VALUES (136, '/downloads/136/game_136.png', 'game_file');
INSERT INTO games (game_id, developer_id, title, description, price, status) VALUES (137, 167, 'Battle Cat Edition 37', 'An amazing battle cat game variant #37.\n\nEnjoy the ultimate feline battles.', 673.0, 'ACTIVE');
INSERT INTO game_media (game_id, file_url, media_type) VALUES (137, '/media/images/137/0c4e02c34abd7abfcbd49988a3463ced77f77d82c9a81f3c0c03303c41bd9dce.png', 'media');
INSERT INTO game_media (game_id, file_url, media_type) VALUES (137, '/downloads/137/game_137.png', 'game_file');
INSERT INTO games (game_id, developer_id, title, description, price, status) VALUES (138, 119, 'Battle Cat Edition 38', 'An amazing battle cat game variant #38.\n\nEnjoy the ultimate feline battles.', 1096.23, 'TAKEN_DOWN');
INSERT INTO game_media (game_id, file_url, media_type) VALUES (138, '/media/images/138/43b73555fa02cb8f276ef5367437ecf4abebec810b02d129ff5cf5c35e3967e4.png', 'media');
INSERT INTO game_media (game_id, file_url, media_type) VALUES (138, '/media/images/138/5410e89fb01fb544e114446a7babed43f548ad04001375bd3cea9a42f92f83a9.png', 'media');
INSERT INTO games (game_id, developer_id, title, description, price, status) VALUES (139, 103, 'Battle Cat Edition 39', 'An amazing battle cat game variant #39.\n\nEnjoy the ultimate feline battles.', 1203.43, 'ACTIVE');
INSERT INTO game_media (game_id, file_url, media_type) VALUES (139, '/media/images/139/ade91c300711817ab2b98ebd1d2cea67e524882b0edda8bbfd248d33287d569b.png', 'media');
INSERT INTO game_media (game_id, file_url, media_type) VALUES (139, '/media/images/139/67b249019da6a0a29ae9cb13851b5289238d0449fb00de520290e2a9e03829b9.png', 'media');
INSERT INTO game_media (game_id, file_url, media_type) VALUES (139, '/media/images/139/a41565c77c7f57bbea58c6345ad164c651043a215b065fdc8370d295750bd150.png', 'media');
INSERT INTO game_media (game_id, file_url, media_type) VALUES (139, '/downloads/139/game_139.png', 'game_file');
INSERT INTO games (game_id, developer_id, title, description, price, status) VALUES (140, 167, 'Battle Cat Edition 40', 'An amazing battle cat game variant #40.\n\nEnjoy the ultimate feline battles.', 452.41, 'DRAFT');
INSERT INTO game_media (game_id, file_url, media_type) VALUES (140, '/media/images/140/e95c9909a3065e3cbe734b9efba6bf8ad3d0bf5b10b49b7f301d3aa7cf78b4a2.png', 'media');
INSERT INTO game_media (game_id, file_url, media_type) VALUES (140, '/downloads/140/game_140.png', 'game_file');
INSERT INTO games (game_id, developer_id, title, description, price, status) VALUES (141, 153, 'Battle Cat Edition 41', 'An amazing battle cat game variant #41.\n\nEnjoy the ultimate feline battles.', 698.05, 'ACTIVE');
INSERT INTO game_media (game_id, file_url, media_type) VALUES (141, '/media/images/141/b248ce40380bf85361a8522e3d4f92688d261e8a383c2cf7ccfb088f3cb455d3.png', 'media');
INSERT INTO game_media (game_id, file_url, media_type) VALUES (141, '/media/images/141/3ef1fd51a6219bfece8b099ffb09f47abf79e068cc8c1bfecea27f842048689f.png', 'media');
INSERT INTO game_media (game_id, file_url, media_type) VALUES (141, '/media/images/141/691be8d2fb782e67e07b5f90e7954289220fb0be36ebaf352c4cc31266318ec1.png', 'media');
INSERT INTO game_media (game_id, file_url, media_type) VALUES (141, '/downloads/141/game_141.png', 'game_file');
INSERT INTO games (game_id, developer_id, title, description, price, status) VALUES (142, 197, 'Battle Cat Edition 42', 'An amazing battle cat game variant #42.\n\nEnjoy the ultimate feline battles.', 725.97, 'DRAFT');
INSERT INTO game_media (game_id, file_url, media_type) VALUES (142, '/media/images/142/0ffd36ab06bd8a4f88180ec5b250e9179578f5a56ae066ee4713ab23cdaab476.png', 'media');
INSERT INTO game_media (game_id, file_url, media_type) VALUES (142, '/media/images/142/56fdea1fcc5fef9a0528bd21281bd812378bfd998688fb75d3770038b0046cfc.png', 'media');
INSERT INTO game_media (game_id, file_url, media_type) VALUES (142, '/media/images/142/73fd52da9935e759e30a826685893f85d82d42fb774e4b9c12da2b223b7a7855.png', 'media');
INSERT INTO game_media (game_id, file_url, media_type) VALUES (142, '/downloads/142/game_142.png', 'game_file');
INSERT INTO games (game_id, developer_id, title, description, price, status) VALUES (143, 208, 'Battle Cat Edition 43', 'An amazing battle cat game variant #43.\n\nEnjoy the ultimate feline battles.', 580.65, 'DRAFT');
INSERT INTO game_media (game_id, file_url, media_type) VALUES (143, '/media/images/143/0053b13849ac1e0b86d3fa203f200b063407669cdedc3f1c9e9d61ecac1ff708.png', 'media');
INSERT INTO games (game_id, developer_id, title, description, price, status) VALUES (144, 220, 'Battle Cat Edition 44', 'An amazing battle cat game variant #44.\n\nEnjoy the ultimate feline battles.', 86.19, 'ACTIVE');
INSERT INTO game_media (game_id, file_url, media_type) VALUES (144, '/media/images/144/1c69c3d920c64cab6c526020a8863831bb35e5b7c024cb8b62aca6eb217ac1d4.png', 'media');
INSERT INTO game_media (game_id, file_url, media_type) VALUES (144, '/media/images/144/eac64574a2aa2d90d8d734678256f819c4d4ea0840b7d1306a4d1ef804a24e8f.png', 'media');
INSERT INTO game_media (game_id, file_url, media_type) VALUES (144, '/media/images/144/b910a01a1921db22cdbce5c9e5d7ed64255ec1614f4c9346b2509435bcb30605.png', 'media');
INSERT INTO games (game_id, developer_id, title, description, price, status) VALUES (145, 158, 'Battle Cat Edition 45', 'An amazing battle cat game variant #45.\n\nEnjoy the ultimate feline battles.', 469.64, 'ACTIVE');
INSERT INTO game_media (game_id, file_url, media_type) VALUES (145, '/media/images/145/7c1c24cedd3222bf7e3abe857419afe7d860bb5dc83f50a55da312331d0f6322.png', 'media');
INSERT INTO game_media (game_id, file_url, media_type) VALUES (145, '/media/images/145/b5922b2470e87a1e26e1700d641cbbae84f65a585a96ebff859ce26f8bd307e4.png', 'media');
INSERT INTO game_media (game_id, file_url, media_type) VALUES (145, '/downloads/145/game_145.png', 'game_file');
INSERT INTO games (game_id, developer_id, title, description, price, status) VALUES (146, 172, 'Battle Cat Edition 46', 'An amazing battle cat game variant #46.\n\nEnjoy the ultimate feline battles.', 1179.46, 'ACTIVE');
INSERT INTO game_media (game_id, file_url, media_type) VALUES (146, '/media/images/146/c9078c807f73cfdff978b6c9b40b8fe2743efca003dabcf84d49236a92467f16.png', 'media');
INSERT INTO game_media (game_id, file_url, media_type) VALUES (146, '/media/images/146/04cfa85d558bfc2136b44c338a4cd513ed20dbeb7dc8e507e1fa75d560513cb0.png', 'media');
INSERT INTO game_media (game_id, file_url, media_type) VALUES (146, '/downloads/146/game_146.png', 'game_file');
INSERT INTO games (game_id, developer_id, title, description, price, status) VALUES (147, 197, 'Battle Cat Edition 47', 'An amazing battle cat game variant #47.\n\nEnjoy the ultimate feline battles.', 1245.59, 'ACTIVE');
INSERT INTO game_media (game_id, file_url, media_type) VALUES (147, '/media/images/147/3108a01626363ac7dd11efd230967a2840c1e0acae6273d06b5ce4cb5129aa2c.png', 'media');
INSERT INTO games (game_id, developer_id, title, description, price, status) VALUES (148, 197, 'Battle Cat Edition 48', 'An amazing battle cat game variant #48.\n\nEnjoy the ultimate feline battles.', 620.44, 'ACTIVE');
INSERT INTO game_media (game_id, file_url, media_type) VALUES (148, '/media/images/148/c97e7e8aa9eb689196135d00e00d40be3c1c64ccb95b015591e6f5079617db97.png', 'media');
INSERT INTO games (game_id, developer_id, title, description, price, status) VALUES (149, 165, 'Battle Cat Edition 49', 'An amazing battle cat game variant #49.\n\nEnjoy the ultimate feline battles.', 1406.33, 'DRAFT');
INSERT INTO games (game_id, developer_id, title, description, price, status) VALUES (150, 153, 'Battle Cat Edition 50', 'An amazing battle cat game variant #50.\n\nEnjoy the ultimate feline battles.', 964.93, 'TAKEN_DOWN');
INSERT INTO games (game_id, developer_id, title, description, price, status) VALUES (151, 138, 'Battle Cat Edition 51', 'An amazing battle cat game variant #51.\n\nEnjoy the ultimate feline battles.', 1000.46, 'ACTIVE');
INSERT INTO game_media (game_id, file_url, media_type) VALUES (151, '/downloads/151/game_151.png', 'game_file');
INSERT INTO games (game_id, developer_id, title, description, price, status) VALUES (152, 198, 'Battle Cat Edition 52', 'An amazing battle cat game variant #52.\n\nEnjoy the ultimate feline battles.', 1396.23, 'ACTIVE');
INSERT INTO game_media (game_id, file_url, media_type) VALUES (152, '/media/images/152/a5edc691e3bbab03fdd40bb6f00f3ff69933de61d9d407f6e6caac1aeddd3baa.png', 'media');
INSERT INTO game_media (game_id, file_url, media_type) VALUES (152, '/media/images/152/f5a7fe6abccfe4c5d53ea251a7feb2a8c1eba7b48c909ad0160fa9b9e14dcd4b.png', 'media');
INSERT INTO games (game_id, developer_id, title, description, price, status) VALUES (153, 165, 'Battle Cat Edition 53', 'An amazing battle cat game variant #53.\n\nEnjoy the ultimate feline battles.', 1003.01, 'ACTIVE');
INSERT INTO game_media (game_id, file_url, media_type) VALUES (153, '/media/images/153/f391a0043907ce9e14576b9674cc81997de18e33f5e473286b29c09df34ea0b0.png', 'media');
INSERT INTO game_media (game_id, file_url, media_type) VALUES (153, '/media/images/153/b102d68c7ed3b1a685c492de3c4517208b9451ff50cc3e756c13f8cf3606ee9c.png', 'media');
INSERT INTO game_media (game_id, file_url, media_type) VALUES (153, '/media/images/153/64c869859575e185b05ac2019f7d2b6756ff0a82318972d0b0efdb55064c2f21.png', 'media');
INSERT INTO games (game_id, developer_id, title, description, price, status) VALUES (154, 138, 'Battle Cat Edition 54', 'An amazing battle cat game variant #54.\n\nEnjoy the ultimate feline battles.', 1431.18, 'ACTIVE');
INSERT INTO game_media (game_id, file_url, media_type) VALUES (154, '/media/images/154/c1c367108396c244a1e0e4826feac5919b8ac4eb6cbe383a3d99db54c6e9e8f9.png', 'media');
INSERT INTO games (game_id, developer_id, title, description, price, status) VALUES (155, 158, 'Battle Cat Edition 55', 'An amazing battle cat game variant #55.\n\nEnjoy the ultimate feline battles.', 999.4, 'TAKEN_DOWN');
INSERT INTO game_media (game_id, file_url, media_type) VALUES (155, '/downloads/155/game_155.png', 'game_file');
INSERT INTO games (game_id, developer_id, title, description, price, status) VALUES (156, 109, 'Battle Cat Edition 56', 'An amazing battle cat game variant #56.\n\nEnjoy the ultimate feline battles.', 1150.83, 'ACTIVE');
INSERT INTO game_media (game_id, file_url, media_type) VALUES (156, '/downloads/156/game_156.png', 'game_file');
INSERT INTO games (game_id, developer_id, title, description, price, status) VALUES (157, 153, 'Battle Cat Edition 57', 'An amazing battle cat game variant #57.\n\nEnjoy the ultimate feline battles.', 66.13, 'TAKEN_DOWN');
INSERT INTO game_media (game_id, file_url, media_type) VALUES (157, '/media/images/157/da46bdbe982b8422f215e4a95bcba08b49f0b5c62299e0bcb937867c872fbf48.png', 'media');
INSERT INTO game_media (game_id, file_url, media_type) VALUES (157, '/media/images/157/42e1e095828c75af99dae6eb2992be80e284be92c46dc77660f2fd7e2e6f68b7.png', 'media');
INSERT INTO games (game_id, developer_id, title, description, price, status) VALUES (158, 101, 'Battle Cat Edition 58', 'An amazing battle cat game variant #58.\n\nEnjoy the ultimate feline battles.', 805.67, 'ACTIVE');
INSERT INTO game_media (game_id, file_url, media_type) VALUES (158, '/media/images/158/a3f4342f2279a407dfb11c9c1213c7aa36f1dbed8912a0336d91fdcb7b5df68d.png', 'media');
INSERT INTO game_media (game_id, file_url, media_type) VALUES (158, '/media/images/158/a015d7d34f0ed8e737d0f3b825f4afbce10b525083b283fe3259b639739af980.png', 'media');
INSERT INTO game_media (game_id, file_url, media_type) VALUES (158, '/media/images/158/42f4bda3a53772d39202bbe50ce895d85fe9614d49624f5d2aa7d763b27d06ff.png', 'media');
INSERT INTO games (game_id, developer_id, title, description, price, status) VALUES (159, 139, 'Battle Cat Edition 59', 'An amazing battle cat game variant #59.\n\nEnjoy the ultimate feline battles.', 1032.54, 'ACTIVE');
INSERT INTO game_media (game_id, file_url, media_type) VALUES (159, '/media/images/159/a50f3d673a08fad78433b0b2aa7aaabf95df3308a5a5916821ad1defc6fec5d1.png', 'media');
INSERT INTO game_media (game_id, file_url, media_type) VALUES (159, '/media/images/159/44e96bd3da87782993167f84e51b970c8b2fb1b690e73f346943ad7ee68209be.png', 'media');
INSERT INTO game_media (game_id, file_url, media_type) VALUES (159, '/media/images/159/02826498d27ce84225142e2ddc5defed7db819397e4c6c48e13c6660e7eaec89.png', 'media');
INSERT INTO game_media (game_id, file_url, media_type) VALUES (159, '/downloads/159/game_159.png', 'game_file');
INSERT INTO games (game_id, developer_id, title, description, price, status) VALUES (160, 197, 'Battle Cat Edition 60', 'An amazing battle cat game variant #60.\n\nEnjoy the ultimate feline battles.', 341.72, 'TAKEN_DOWN');
INSERT INTO game_media (game_id, file_url, media_type) VALUES (160, '/media/images/160/42adb4fc91a40b1a0968cd969d3e952a0eb85a629d5aabcc42639627402b3057.png', 'media');
INSERT INTO games (game_id, developer_id, title, description, price, status) VALUES (161, 158, 'Battle Cat Edition 61', 'An amazing battle cat game variant #61.\n\nEnjoy the ultimate feline battles.', 1005.36, 'ACTIVE');
INSERT INTO game_media (game_id, file_url, media_type) VALUES (161, '/downloads/161/game_161.png', 'game_file');
INSERT INTO games (game_id, developer_id, title, description, price, status) VALUES (162, 208, 'Battle Cat Edition 62', 'An amazing battle cat game variant #62.\n\nEnjoy the ultimate feline battles.', 488.08, 'ACTIVE');
INSERT INTO game_media (game_id, file_url, media_type) VALUES (162, '/media/images/162/7ac4079c6d01d9eead40a3036e970e83b62b7c95b57fdfa4c9b8915994dbc6ab.png', 'media');
INSERT INTO game_media (game_id, file_url, media_type) VALUES (162, '/downloads/162/game_162.png', 'game_file');
INSERT INTO games (game_id, developer_id, title, description, price, status) VALUES (163, 101, 'Battle Cat Edition 63', 'An amazing battle cat game variant #63.\n\nEnjoy the ultimate feline battles.', 1171.86, 'ACTIVE');
INSERT INTO game_media (game_id, file_url, media_type) VALUES (163, '/media/images/163/856945e24f9b18c2ffaea14abbb3081bf6c726006a81c0e03b393ff6ec01b1cd.png', 'media');
INSERT INTO game_media (game_id, file_url, media_type) VALUES (163, '/media/images/163/801184a323b23fa2f854d195439dbac848a04b145b53ebebfbe6b1d2049ea12f.png', 'media');
INSERT INTO game_media (game_id, file_url, media_type) VALUES (163, '/downloads/163/game_163.png', 'game_file');
INSERT INTO games (game_id, developer_id, title, description, price, status) VALUES (164, 139, 'Battle Cat Edition 64', 'An amazing battle cat game variant #64.\n\nEnjoy the ultimate feline battles.', 381.17, 'ACTIVE');
INSERT INTO game_media (game_id, file_url, media_type) VALUES (164, '/media/images/164/b236d065b979695494a81333b5f74c5bc330647cc22d9af8dda18a4cce68dadb.png', 'media');
INSERT INTO game_media (game_id, file_url, media_type) VALUES (164, '/media/images/164/53352f1593eda39f1fc5c4668d421fb87ab53ee84607e418eb080bf3da4cce51.png', 'media');
INSERT INTO game_media (game_id, file_url, media_type) VALUES (164, '/media/images/164/580f89639df56c9799207ee6bbdae1ff051ceb894aebc5969cb6b0bd2359af86.png', 'media');
INSERT INTO games (game_id, developer_id, title, description, price, status) VALUES (165, 109, 'Battle Cat Edition 65', 'An amazing battle cat game variant #65.\n\nEnjoy the ultimate feline battles.', 530.33, 'DRAFT');
INSERT INTO game_media (game_id, file_url, media_type) VALUES (165, '/media/images/165/7973024e45b8ecd8cb662971766a9b1364915866a137df4166d7fc8e2113bcb4.png', 'media');
INSERT INTO game_media (game_id, file_url, media_type) VALUES (165, '/media/images/165/85cfc651be038319beb58f16f2187bdb7176426c41a53d5f265317dd2a795f68.png', 'media');
INSERT INTO game_media (game_id, file_url, media_type) VALUES (165, '/downloads/165/game_165.png', 'game_file');
INSERT INTO games (game_id, developer_id, title, description, price, status) VALUES (166, 197, 'Battle Cat Edition 66', 'An amazing battle cat game variant #66.\n\nEnjoy the ultimate feline battles.', 752.39, 'TAKEN_DOWN');
INSERT INTO game_media (game_id, file_url, media_type) VALUES (166, '/media/images/166/68f103082a7463b491a184124a7af8411c4767be64d1db22fd3497a3836592ee.png', 'media');
INSERT INTO game_media (game_id, file_url, media_type) VALUES (166, '/media/images/166/f35e00486bae12781b8265fe08f6e67216dd511c83f7b6c9325cfcce286e58d8.png', 'media');
INSERT INTO game_media (game_id, file_url, media_type) VALUES (166, '/downloads/166/game_166.png', 'game_file');
INSERT INTO games (game_id, developer_id, title, description, price, status) VALUES (167, 138, 'Battle Cat Edition 67', 'An amazing battle cat game variant #67.\n\nEnjoy the ultimate feline battles.', 201.44, 'ACTIVE');
INSERT INTO game_media (game_id, file_url, media_type) VALUES (167, '/media/images/167/7030e4900386d703daad2e0101fc03e1427231f0c80dcb4ead66e8d6618e724c.png', 'media');
INSERT INTO games (game_id, developer_id, title, description, price, status) VALUES (168, 198, 'Battle Cat Edition 68', 'An amazing battle cat game variant #68.\n\nEnjoy the ultimate feline battles.', 935.69, 'ACTIVE');
INSERT INTO game_media (game_id, file_url, media_type) VALUES (168, '/media/images/168/70f2964dd0caf394d0cd844235b53fd1849dc9562eefad7a7bbce034f5d05683.png', 'media');
INSERT INTO game_media (game_id, file_url, media_type) VALUES (168, '/media/images/168/2ba3e53f40003f34a6644bb6ee07c38de6efcc839d087d334531af75f2c9d641.png', 'media');
INSERT INTO game_media (game_id, file_url, media_type) VALUES (168, '/downloads/168/game_168.png', 'game_file');
INSERT INTO games (game_id, developer_id, title, description, price, status) VALUES (169, 135, 'Battle Cat Edition 69', 'An amazing battle cat game variant #69.\n\nEnjoy the ultimate feline battles.', 1027.21, 'ACTIVE');
INSERT INTO game_media (game_id, file_url, media_type) VALUES (169, '/media/images/169/5f3324268e4a5aaedc1f0efddb3366e666819e9d2def050f3868833e253c5180.png', 'media');
INSERT INTO game_media (game_id, file_url, media_type) VALUES (169, '/media/images/169/c0fa576983a5a3bd4a95fcf2fecfc0afa22ba675f35cdae3c3e499d932285b0f.png', 'media');
INSERT INTO games (game_id, developer_id, title, description, price, status) VALUES (170, 158, 'Battle Cat Edition 70', 'An amazing battle cat game variant #70.\n\nEnjoy the ultimate feline battles.', 113.28, 'ACTIVE');
INSERT INTO games (game_id, developer_id, title, description, price, status) VALUES (171, 164, 'Battle Cat Edition 71', 'An amazing battle cat game variant #71.\n\nEnjoy the ultimate feline battles.', 1217.64, 'DRAFT');
INSERT INTO game_media (game_id, file_url, media_type) VALUES (171, '/media/images/171/b8c7ca2e8868a1141ce7061d11d41d2296ad10e28c0ea913d547c9c08f3da5b0.png', 'media');
INSERT INTO game_media (game_id, file_url, media_type) VALUES (171, '/media/images/171/b333dd4fdfbf32b9098de86d8537a0125a952c143013ab6507ed154351a86452.png', 'media');
INSERT INTO game_media (game_id, file_url, media_type) VALUES (171, '/media/images/171/739ee607223bb4c5825a93175f4deacd2a10cc9d95ec6ce3b0f0d4cb0f83cf5c.png', 'media');
INSERT INTO games (game_id, developer_id, title, description, price, status) VALUES (172, 220, 'Battle Cat Edition 72', 'An amazing battle cat game variant #72.\n\nEnjoy the ultimate feline battles.', 820.42, 'ACTIVE');
INSERT INTO game_media (game_id, file_url, media_type) VALUES (172, '/media/images/172/93bd2efdc3afd92e8823425e4bc9189979071d194ab393b35e39bfcb2d5beef6.png', 'media');
INSERT INTO game_media (game_id, file_url, media_type) VALUES (172, '/media/images/172/21acd95d4df51f788cea5e8e53eb55113217c85ff5f0e5f4894101eefde2e92f.png', 'media');
INSERT INTO game_media (game_id, file_url, media_type) VALUES (172, '/media/images/172/492c0108a2b34b9871119231d99ce9358a8c862d91fd0cebf8ad032c24c78bd0.png', 'media');
INSERT INTO game_media (game_id, file_url, media_type) VALUES (172, '/downloads/172/game_172.png', 'game_file');
INSERT INTO games (game_id, developer_id, title, description, price, status) VALUES (173, 102, 'Battle Cat Edition 73', 'An amazing battle cat game variant #73.\n\nEnjoy the ultimate feline battles.', 1163.17, 'ACTIVE');
INSERT INTO game_media (game_id, file_url, media_type) VALUES (173, '/media/images/173/6b2fa0f8f47237ea363d99e3c900dc86f2bb21962cfd4d13e6abd3579db82229.png', 'media');
INSERT INTO games (game_id, developer_id, title, description, price, status) VALUES (174, 131, 'Battle Cat Edition 74', 'An amazing battle cat game variant #74.\n\nEnjoy the ultimate feline battles.', 91.05, 'ACTIVE');
INSERT INTO games (game_id, developer_id, title, description, price, status) VALUES (175, 164, 'Battle Cat Edition 75', 'An amazing battle cat game variant #75.\n\nEnjoy the ultimate feline battles.', 1170.11, 'ACTIVE');
INSERT INTO game_media (game_id, file_url, media_type) VALUES (175, '/downloads/175/game_175.png', 'game_file');
INSERT INTO games (game_id, developer_id, title, description, price, status) VALUES (176, 165, 'Battle Cat Edition 76', 'An amazing battle cat game variant #76.\n\nEnjoy the ultimate feline battles.', 158.45, 'ACTIVE');
INSERT INTO game_media (game_id, file_url, media_type) VALUES (176, '/media/images/176/f4e2feba9ba723c46680a16d977fc1c034b9ad288eef5a83b51ce27c429c6048.png', 'media');
INSERT INTO game_media (game_id, file_url, media_type) VALUES (176, '/media/images/176/f7079a1e60b823a0025043f4aca22773828996a6ad41b6cc31a00bfc3fee167c.png', 'media');
INSERT INTO game_media (game_id, file_url, media_type) VALUES (176, '/downloads/176/game_176.png', 'game_file');
INSERT INTO games (game_id, developer_id, title, description, price, status) VALUES (177, 131, 'Battle Cat Edition 77', 'An amazing battle cat game variant #77.\n\nEnjoy the ultimate feline battles.', 1270.43, 'ACTIVE');
INSERT INTO game_media (game_id, file_url, media_type) VALUES (177, '/media/images/177/1b5ecd0f24b89ea9ae4768e548cf7d213486bb21ad32420e8d43131b41c6bf44.png', 'media');
INSERT INTO game_media (game_id, file_url, media_type) VALUES (177, '/media/images/177/ed529ad362599f5d4c1d8657400b0db98e017e85f432e215b844c61b08a242ca.png', 'media');
INSERT INTO game_media (game_id, file_url, media_type) VALUES (177, '/downloads/177/game_177.png', 'game_file');
INSERT INTO games (game_id, developer_id, title, description, price, status) VALUES (178, 208, 'Battle Cat Edition 78', 'An amazing battle cat game variant #78.\n\nEnjoy the ultimate feline battles.', 292.34, 'ACTIVE');
INSERT INTO game_media (game_id, file_url, media_type) VALUES (178, '/media/images/178/02286d08671915dbdc0bdc69e13e9633dc2ebf76a4abe0362fb8d955e9b89646.png', 'media');
INSERT INTO game_media (game_id, file_url, media_type) VALUES (178, '/downloads/178/game_178.png', 'game_file');
INSERT INTO games (game_id, developer_id, title, description, price, status) VALUES (179, 167, 'Battle Cat Edition 79', 'An amazing battle cat game variant #79.\n\nEnjoy the ultimate feline battles.', 657.34, 'ACTIVE');
INSERT INTO game_media (game_id, file_url, media_type) VALUES (179, '/media/images/179/5eba408775f2e35bbc76606dff9dd78076c874c96db7c50c6ef516ba33321d38.png', 'media');
INSERT INTO game_media (game_id, file_url, media_type) VALUES (179, '/media/images/179/14d15619fc6516f0e0edff127f5fb1fbd2ac797971693b2b97816e56fe6f1257.png', 'media');
INSERT INTO game_media (game_id, file_url, media_type) VALUES (179, '/downloads/179/game_179.png', 'game_file');
INSERT INTO games (game_id, developer_id, title, description, price, status) VALUES (180, 197, 'Battle Cat Edition 80', 'An amazing battle cat game variant #80.\n\nEnjoy the ultimate feline battles.', 309.46, 'ACTIVE');
INSERT INTO game_media (game_id, file_url, media_type) VALUES (180, '/media/images/180/689fdc2d96be38f9d5eb00248d37db178fa9552428ab1db8d782028375470311.png', 'media');
INSERT INTO game_media (game_id, file_url, media_type) VALUES (180, '/downloads/180/game_180.png', 'game_file');
INSERT INTO games (game_id, developer_id, title, description, price, status) VALUES (181, 126, 'Battle Cat Edition 81', 'An amazing battle cat game variant #81.\n\nEnjoy the ultimate feline battles.', 917.33, 'ACTIVE');
INSERT INTO game_media (game_id, file_url, media_type) VALUES (181, '/downloads/181/game_181.png', 'game_file');
INSERT INTO games (game_id, developer_id, title, description, price, status) VALUES (182, 126, 'Battle Cat Edition 82', 'An amazing battle cat game variant #82.\n\nEnjoy the ultimate feline battles.', 1459.84, 'ACTIVE');
INSERT INTO game_media (game_id, file_url, media_type) VALUES (182, '/media/images/182/b119e27e34b5e2f18d01180e3ed9fc52fb525fd7b1830e23b6352f591813a400.png', 'media');
INSERT INTO game_media (game_id, file_url, media_type) VALUES (182, '/media/images/182/44e96bd3da87782993167f84e51b970c8b2fb1b690e73f346943ad7ee68209be.png', 'media');
INSERT INTO games (game_id, developer_id, title, description, price, status) VALUES (183, 128, 'Battle Cat Edition 83', 'An amazing battle cat game variant #83.\n\nEnjoy the ultimate feline battles.', 119.96, 'ACTIVE');
INSERT INTO game_media (game_id, file_url, media_type) VALUES (183, '/media/images/183/12f55d8771478ac6e7575cd0af5d4be38815f64c89ff36c17be63600c5b3be59.png', 'media');
INSERT INTO game_media (game_id, file_url, media_type) VALUES (183, '/media/images/183/b053ec90d6a1750499eebc6aef9bf480bc4a0cbc039e35f5430024e518c29658.png', 'media');
INSERT INTO game_media (game_id, file_url, media_type) VALUES (183, '/downloads/183/game_183.png', 'game_file');
INSERT INTO games (game_id, developer_id, title, description, price, status) VALUES (184, 163, 'Battle Cat Edition 84', 'An amazing battle cat game variant #84.\n\nEnjoy the ultimate feline battles.', 1282.04, 'ACTIVE');
INSERT INTO game_media (game_id, file_url, media_type) VALUES (184, '/media/images/184/9e407366c4682a750bb7610bfa5f19a5e1a5fb1150c145e3e17729032783d1e2.png', 'media');
INSERT INTO games (game_id, developer_id, title, description, price, status) VALUES (185, 102, 'Battle Cat Edition 85', 'An amazing battle cat game variant #85.\n\nEnjoy the ultimate feline battles.', 630.14, 'ACTIVE');
INSERT INTO game_media (game_id, file_url, media_type) VALUES (185, '/media/images/185/baf97b52ec33a96a06c943ef3658e8d2cc448a4694c63175cb92bc6731258678.png', 'media');
INSERT INTO game_media (game_id, file_url, media_type) VALUES (185, '/downloads/185/game_185.png', 'game_file');
INSERT INTO games (game_id, developer_id, title, description, price, status) VALUES (186, 135, 'Battle Cat Edition 86', 'An amazing battle cat game variant #86.\n\nEnjoy the ultimate feline battles.', 1334.36, 'ACTIVE');
INSERT INTO game_media (game_id, file_url, media_type) VALUES (186, '/media/images/186/11449b97452ed6a81f8393e32dd0ced7d59629bd6d2c82b0be028cde600fff47.png', 'media');
INSERT INTO game_media (game_id, file_url, media_type) VALUES (186, '/media/images/186/63b73ab0a01f7c6da8a6b3e41a94740239c3c3487328efeb767c9ca1e179bc68.png', 'media');
INSERT INTO games (game_id, developer_id, title, description, price, status) VALUES (187, 163, 'Battle Cat Edition 87', 'An amazing battle cat game variant #87.\n\nEnjoy the ultimate feline battles.', 491.01, 'ACTIVE');
INSERT INTO game_media (game_id, file_url, media_type) VALUES (187, '/media/images/187/60ba183e9896d5e909f6fb5c915db4e6ca7074455554b21980f7aba3001f36f9.png', 'media');
INSERT INTO games (game_id, developer_id, title, description, price, status) VALUES (188, 109, 'Battle Cat Edition 88', 'An amazing battle cat game variant #88.\n\nEnjoy the ultimate feline battles.', 620.11, 'ACTIVE');
INSERT INTO game_media (game_id, file_url, media_type) VALUES (188, '/media/images/188/0a2fcdccce80dd13f5be2d8e993287b3b191d8f73f3177ba42337029f00f1742.png', 'media');
INSERT INTO games (game_id, developer_id, title, description, price, status) VALUES (189, 198, 'Battle Cat Edition 89', 'An amazing battle cat game variant #89.\n\nEnjoy the ultimate feline battles.', 93.81, 'ACTIVE');
INSERT INTO games (game_id, developer_id, title, description, price, status) VALUES (190, 197, 'Battle Cat Edition 90', 'An amazing battle cat game variant #90.\n\nEnjoy the ultimate feline battles.', 234.38, 'ACTIVE');
INSERT INTO games (game_id, developer_id, title, description, price, status) VALUES (191, 138, 'Battle Cat Edition 91', 'An amazing battle cat game variant #91.\n\nEnjoy the ultimate feline battles.', 408.35, 'ACTIVE');
INSERT INTO game_media (game_id, file_url, media_type) VALUES (191, '/media/images/191/2c367c7e8f027df8a5e81e2ebc9ea84854c71375a4ce4e596f01250259cb504b.png', 'media');
INSERT INTO game_media (game_id, file_url, media_type) VALUES (191, '/media/images/191/41e759dda7c0b6e82dc2ae4673bbb6db4a5775810cedf5ceab473c84d62971f9.png', 'media');
INSERT INTO game_media (game_id, file_url, media_type) VALUES (191, '/downloads/191/game_191.png', 'game_file');
INSERT INTO games (game_id, developer_id, title, description, price, status) VALUES (192, 158, 'Battle Cat Edition 92', 'An amazing battle cat game variant #92.\n\nEnjoy the ultimate feline battles.', 409.84, 'ACTIVE');
INSERT INTO game_media (game_id, file_url, media_type) VALUES (192, '/media/images/192/ba1f994ecf377e95435ad25124e5dfa4757111c7579fc6a49641a75623c5ef03.png', 'media');
INSERT INTO game_media (game_id, file_url, media_type) VALUES (192, '/media/images/192/839a5aba909b820123456bafc8e43d26fcaa299d95ed11856e1ef2ab72b0892f.png', 'media');
INSERT INTO games (game_id, developer_id, title, description, price, status) VALUES (193, 126, 'Battle Cat Edition 93', 'An amazing battle cat game variant #93.\n\nEnjoy the ultimate feline battles.', 100.74, 'ACTIVE');
INSERT INTO game_media (game_id, file_url, media_type) VALUES (193, '/media/images/193/5545c7a8ba197582fc951f6f839d465fc880c8882ef7d6bcf730d194e7765c3e.png', 'media');
INSERT INTO game_media (game_id, file_url, media_type) VALUES (193, '/media/images/193/29c97b23804b3a4d14d7c189f2ad8d5beac24fdcec503a3fc10f88a77654e1ea.png', 'media');
INSERT INTO game_media (game_id, file_url, media_type) VALUES (193, '/downloads/193/game_193.png', 'game_file');
INSERT INTO games (game_id, developer_id, title, description, price, status) VALUES (194, 164, 'Battle Cat Edition 94', 'An amazing battle cat game variant #94.\n\nEnjoy the ultimate feline battles.', 698.95, 'ACTIVE');
INSERT INTO game_media (game_id, file_url, media_type) VALUES (194, '/media/images/194/80e919da8ee62abb07661343eba946886e4d0ba7ad4bbb284900e590f1e379b1.png', 'media');
INSERT INTO games (game_id, developer_id, title, description, price, status) VALUES (195, 165, 'Battle Cat Edition 95', 'An amazing battle cat game variant #95.\n\nEnjoy the ultimate feline battles.', 83.35, 'DRAFT');
INSERT INTO game_media (game_id, file_url, media_type) VALUES (195, '/downloads/195/game_195.png', 'game_file');
INSERT INTO games (game_id, developer_id, title, description, price, status) VALUES (196, 172, 'Battle Cat Edition 96', 'An amazing battle cat game variant #96.\n\nEnjoy the ultimate feline battles.', 1146.31, 'ACTIVE');
INSERT INTO game_media (game_id, file_url, media_type) VALUES (196, '/media/images/196/0c3ff4616e7e6e6779d803e5d3041cc7d2f52a389572523cea3ba9e71fa166a6.png', 'media');
INSERT INTO game_media (game_id, file_url, media_type) VALUES (196, '/media/images/196/155d6ccfef34944e97a0ab45c4d45eaa9b0f98e4b4a332fbcfc29a9e91d9a5c7.png', 'media');
INSERT INTO game_media (game_id, file_url, media_type) VALUES (196, '/media/images/196/6f15ce041c2af8298af6a45d9c031dabdb5c4335532bba0336fd16f8cf3640d8.png', 'media');
INSERT INTO game_media (game_id, file_url, media_type) VALUES (196, '/downloads/196/game_196.png', 'game_file');
INSERT INTO games (game_id, developer_id, title, description, price, status) VALUES (197, 208, 'Battle Cat Edition 97', 'An amazing battle cat game variant #97.\n\nEnjoy the ultimate feline battles.', 83.16, 'DRAFT');
INSERT INTO game_media (game_id, file_url, media_type) VALUES (197, '/media/images/197/a4c7f647dc8f522fda8ca258e8679fb8d5e749fed4a0d85d1d36582e176d2a1f.png', 'media');
INSERT INTO game_media (game_id, file_url, media_type) VALUES (197, '/downloads/197/game_197.png', 'game_file');
INSERT INTO games (game_id, developer_id, title, description, price, status) VALUES (198, 119, 'Battle Cat Edition 98', 'An amazing battle cat game variant #98.\n\nEnjoy the ultimate feline battles.', 728.23, 'ACTIVE');
INSERT INTO game_media (game_id, file_url, media_type) VALUES (198, '/media/images/198/651e914adc12e92594a6cd5c22052a45a3f79f7d0d0c7854618a157f505419ed.png', 'media');
INSERT INTO games (game_id, developer_id, title, description, price, status) VALUES (199, 128, 'Battle Cat Edition 99', 'An amazing battle cat game variant #99.\n\nEnjoy the ultimate feline battles.', 741.07, 'ACTIVE');
INSERT INTO game_media (game_id, file_url, media_type) VALUES (199, '/media/images/199/43b73555fa02cb8f276ef5367437ecf4abebec810b02d129ff5cf5c35e3967e4.png', 'media');
INSERT INTO game_media (game_id, file_url, media_type) VALUES (199, '/media/images/199/ef6c4968d74ab42a702f39dfd2b99283bf484ce4537c496c478467b2d12cfd10.png', 'media');
INSERT INTO game_media (game_id, file_url, media_type) VALUES (199, '/downloads/199/game_199.png', 'game_file');
INSERT INTO games (game_id, developer_id, title, description, price, status) VALUES (200, 102, 'Battle Cat Edition 100', 'An amazing battle cat game variant #100.\n\nEnjoy the ultimate feline battles.', 836.99, 'ACTIVE');
INSERT INTO game_media (game_id, file_url, media_type) VALUES (200, '/media/images/200/a2e2ca1fb978059b0bfd37a1f808d5d5f32d935a22f3d52a1de1b5370a2aee31.png', 'media');
INSERT INTO games (game_id, developer_id, title, description, price, status) VALUES (201, 138, 'Battle Cat Edition 101', 'An amazing battle cat game variant #101.\n\nEnjoy the ultimate feline battles.', 182.64, 'ACTIVE');
INSERT INTO game_media (game_id, file_url, media_type) VALUES (201, '/media/images/201/bde4a477d1b151547934b406b97cc7ebd2ecccf855cab7b6c5c2f092ac09c6ba.png', 'media');
INSERT INTO game_media (game_id, file_url, media_type) VALUES (201, '/media/images/201/67b249019da6a0a29ae9cb13851b5289238d0449fb00de520290e2a9e03829b9.png', 'media');
INSERT INTO game_media (game_id, file_url, media_type) VALUES (201, '/downloads/201/game_201.png', 'game_file');
INSERT INTO games (game_id, developer_id, title, description, price, status) VALUES (202, 101, 'Battle Cat Edition 102', 'An amazing battle cat game variant #102.\n\nEnjoy the ultimate feline battles.', 402.67, 'ACTIVE');
INSERT INTO game_media (game_id, file_url, media_type) VALUES (202, '/media/images/202/55f7aa3a5111b0489cfa25cab4777eefb4474b915786f2d36aa6de4fb2dfee80.png', 'media');
INSERT INTO games (game_id, developer_id, title, description, price, status) VALUES (203, 165, 'Battle Cat Edition 103', 'An amazing battle cat game variant #103.\n\nEnjoy the ultimate feline battles.', 364.9, 'ACTIVE');
INSERT INTO game_media (game_id, file_url, media_type) VALUES (203, '/media/images/203/13f6f2f5750f9fa684c58913545fd62d7a026cc485600cf077534a5538ebc000.png', 'media');
INSERT INTO game_media (game_id, file_url, media_type) VALUES (203, '/media/images/203/5f27ff642dec90e2c07b7a81fb237616b9283e11226934d21a6aecc94c24fc05.png', 'media');
INSERT INTO games (game_id, developer_id, title, description, price, status) VALUES (204, 138, 'Battle Cat Edition 104', 'An amazing battle cat game variant #104.\n\nEnjoy the ultimate feline battles.', 998.94, 'ACTIVE');
INSERT INTO game_media (game_id, file_url, media_type) VALUES (204, '/media/images/204/9e21db1d5c4906f5112e517ef8a6760b8ee72f335065f30d9f87072080fdb492.png', 'media');
INSERT INTO games (game_id, developer_id, title, description, price, status) VALUES (205, 167, 'Battle Cat Edition 105', 'An amazing battle cat game variant #105.\n\nEnjoy the ultimate feline battles.', 1063.98, 'ACTIVE');
INSERT INTO game_media (game_id, file_url, media_type) VALUES (205, '/media/images/205/864bac0e92930fd470a7fee0295fc725b235e9382975e152e24600c1eae2680c.png', 'media');
INSERT INTO game_media (game_id, file_url, media_type) VALUES (205, '/media/images/205/168952a9b537c6960e6fd84c0171d8b1845580c96f4b6bb1ef07a3e9fb098f28.png', 'media');
INSERT INTO game_media (game_id, file_url, media_type) VALUES (205, '/downloads/205/game_205.png', 'game_file');
INSERT INTO games (game_id, developer_id, title, description, price, status) VALUES (206, 164, 'Battle Cat Edition 106', 'An amazing battle cat game variant #106.\n\nEnjoy the ultimate feline battles.', 301.51, 'ACTIVE');
INSERT INTO game_media (game_id, file_url, media_type) VALUES (206, '/media/images/206/40961f83dd11daeac97987ec7a0c22049d7169176a1305ac5d91dc319f1adff7.png', 'media');
INSERT INTO game_media (game_id, file_url, media_type) VALUES (206, '/media/images/206/8118d95083834b874b2f0f600098a6b7005b2e81f9857ba58a03f39bf7ec9d88.png', 'media');
INSERT INTO game_media (game_id, file_url, media_type) VALUES (206, '/media/images/206/98d73bc116b83e30eb2066de07137958881da629c76fb86a22fb9c2ca2663b04.png', 'media');
INSERT INTO games (game_id, developer_id, title, description, price, status) VALUES (207, 102, 'Battle Cat Edition 107', 'An amazing battle cat game variant #107.\n\nEnjoy the ultimate feline battles.', 168.66, 'ACTIVE');
INSERT INTO game_media (game_id, file_url, media_type) VALUES (207, '/media/images/207/f9f281daf5a53b98ee4e3334623e30558704ff56430fee3c2e7358d3e30b3a90.png', 'media');
INSERT INTO game_media (game_id, file_url, media_type) VALUES (207, '/downloads/207/game_207.png', 'game_file');
INSERT INTO games (game_id, developer_id, title, description, price, status) VALUES (208, 119, 'Battle Cat Edition 108', 'An amazing battle cat game variant #108.\n\nEnjoy the ultimate feline battles.', 163.8, 'ACTIVE');
INSERT INTO game_media (game_id, file_url, media_type) VALUES (208, '/downloads/208/game_208.png', 'game_file');
INSERT INTO games (game_id, developer_id, title, description, price, status) VALUES (209, 119, 'Battle Cat Edition 109', 'An amazing battle cat game variant #109.\n\nEnjoy the ultimate feline battles.', 262.54, 'TAKEN_DOWN');
INSERT INTO game_media (game_id, file_url, media_type) VALUES (209, '/downloads/209/game_209.png', 'game_file');
INSERT INTO games (game_id, developer_id, title, description, price, status) VALUES (210, 131, 'Battle Cat Edition 110', 'An amazing battle cat game variant #110.\n\nEnjoy the ultimate feline battles.', 478.1, 'ACTIVE');
INSERT INTO game_media (game_id, file_url, media_type) VALUES (210, '/downloads/210/game_210.png', 'game_file');
INSERT INTO games (game_id, developer_id, title, description, price, status) VALUES (211, 109, 'Battle Cat Edition 111', 'An amazing battle cat game variant #111.\n\nEnjoy the ultimate feline battles.', 991.77, 'ACTIVE');
INSERT INTO game_media (game_id, file_url, media_type) VALUES (211, '/media/images/211/3ef893dbc5ec13d87ff775305fd3515dd26149951f8f0eff9bbecf6f04659739.png', 'media');
INSERT INTO game_media (game_id, file_url, media_type) VALUES (211, '/downloads/211/game_211.png', 'game_file');
INSERT INTO games (game_id, developer_id, title, description, price, status) VALUES (212, 119, 'Battle Cat Edition 112', 'An amazing battle cat game variant #112.\n\nEnjoy the ultimate feline battles.', 1362.87, 'ACTIVE');
INSERT INTO game_media (game_id, file_url, media_type) VALUES (212, '/media/images/212/86efc709a876f0e51bc270976051d4930945169c84ee73c240cd30ca1dc50518.png', 'media');
INSERT INTO game_media (game_id, file_url, media_type) VALUES (212, '/downloads/212/game_212.png', 'game_file');
INSERT INTO games (game_id, developer_id, title, description, price, status) VALUES (213, 119, 'Battle Cat Edition 113', 'An amazing battle cat game variant #113.\n\nEnjoy the ultimate feline battles.', 707.54, 'ACTIVE');
INSERT INTO games (game_id, developer_id, title, description, price, status) VALUES (214, 158, 'Battle Cat Edition 114', 'An amazing battle cat game variant #114.\n\nEnjoy the ultimate feline battles.', 1187.77, 'TAKEN_DOWN');
INSERT INTO game_media (game_id, file_url, media_type) VALUES (214, '/media/images/214/87a512c587cca9cc466883330e4de056d8ad1827a18753c1c0532e032dc443ca.png', 'media');
INSERT INTO game_media (game_id, file_url, media_type) VALUES (214, '/downloads/214/game_214.png', 'game_file');
INSERT INTO games (game_id, developer_id, title, description, price, status) VALUES (215, 167, 'Battle Cat Edition 115', 'An amazing battle cat game variant #115.\n\nEnjoy the ultimate feline battles.', 542.9, 'ACTIVE');
INSERT INTO game_media (game_id, file_url, media_type) VALUES (215, '/media/images/215/7f51c94c23286dee0388492aabb8627b9add1c34f80801c12286ed08268f6aeb.png', 'media');
INSERT INTO games (game_id, developer_id, title, description, price, status) VALUES (216, 197, 'Battle Cat Edition 116', 'An amazing battle cat game variant #116.\n\nEnjoy the ultimate feline battles.', 1308.81, 'ACTIVE');
INSERT INTO games (game_id, developer_id, title, description, price, status) VALUES (217, 167, 'Battle Cat Edition 117', 'An amazing battle cat game variant #117.\n\nEnjoy the ultimate feline battles.', 1079.58, 'ACTIVE');
INSERT INTO game_media (game_id, file_url, media_type) VALUES (217, '/media/images/217/1a2af5fc57dd1083881c22342a056989074c54ed9402078d9ca522fec592d02b.png', 'media');
INSERT INTO games (game_id, developer_id, title, description, price, status) VALUES (218, 154, 'Battle Cat Edition 118', 'An amazing battle cat game variant #118.\n\nEnjoy the ultimate feline battles.', 1391.87, 'ACTIVE');
INSERT INTO game_media (game_id, file_url, media_type) VALUES (218, '/downloads/218/game_218.png', 'game_file');
INSERT INTO games (game_id, developer_id, title, description, price, status) VALUES (219, 198, 'Battle Cat Edition 119', 'An amazing battle cat game variant #119.\n\nEnjoy the ultimate feline battles.', 403.49, 'ACTIVE');
INSERT INTO game_media (game_id, file_url, media_type) VALUES (219, '/media/images/219/41f8b5c7ca2b5e1dfddb79a40f248b83882793506307589ac964aa647aa82747.png', 'media');
INSERT INTO game_media (game_id, file_url, media_type) VALUES (219, '/media/images/219/4f3cef90a19fe0ede5baf1904372419086746479f455b6c90e7abd74244dad92.png', 'media');
INSERT INTO game_media (game_id, file_url, media_type) VALUES (219, '/downloads/219/game_219.png', 'game_file');
INSERT INTO games (game_id, developer_id, title, description, price, status) VALUES (220, 154, 'Battle Cat Edition 120', 'An amazing battle cat game variant #120.\n\nEnjoy the ultimate feline battles.', 430.75, 'ACTIVE');
INSERT INTO game_media (game_id, file_url, media_type) VALUES (220, '/media/images/220/0f050445389063f4eb1e3bd85e67cc1dc76624ebf373b5611eaa029991aa627f.png', 'media');
INSERT INTO game_media (game_id, file_url, media_type) VALUES (220, '/downloads/220/game_220.png', 'game_file');
INSERT INTO games (game_id, developer_id, title, description, price, status) VALUES (221, 128, 'Battle Cat Edition 121', 'An amazing battle cat game variant #121.\n\nEnjoy the ultimate feline battles.', 796.19, 'ACTIVE');
INSERT INTO game_media (game_id, file_url, media_type) VALUES (221, '/media/images/221/b0a4eea123f7938b31da6bd3c3804e9972446bfec1ca9b2c70ea8894e8df7d99.png', 'media');
INSERT INTO game_media (game_id, file_url, media_type) VALUES (221, '/downloads/221/game_221.png', 'game_file');
INSERT INTO games (game_id, developer_id, title, description, price, status) VALUES (222, 131, 'Battle Cat Edition 122', 'An amazing battle cat game variant #122.\n\nEnjoy the ultimate feline battles.', 694.58, 'ACTIVE');
INSERT INTO game_media (game_id, file_url, media_type) VALUES (222, '/media/images/222/f4e2feba9ba723c46680a16d977fc1c034b9ad288eef5a83b51ce27c429c6048.png', 'media');
INSERT INTO game_media (game_id, file_url, media_type) VALUES (222, '/media/images/222/b1ab341e19a6c790a68d4f9d2efe4d60e4f37571f05163e5e1cb4c3b925c9343.png', 'media');
INSERT INTO games (game_id, developer_id, title, description, price, status) VALUES (223, 208, 'Battle Cat Edition 123', 'An amazing battle cat game variant #123.\n\nEnjoy the ultimate feline battles.', 919.78, 'ACTIVE');
INSERT INTO game_media (game_id, file_url, media_type) VALUES (223, '/media/images/223/de3946dd853c4186ba4096ae4e6e4c47c6270668cfe84740e0fac9d0ad82e1e2.png', 'media');
INSERT INTO game_media (game_id, file_url, media_type) VALUES (223, '/media/images/223/2156f64d4fbe3a234cbc528957ca6c91fbef06c8c8443b30ee180f919ad71aa5.png', 'media');
INSERT INTO games (game_id, developer_id, title, description, price, status) VALUES (224, 196, 'Battle Cat Edition 124', 'An amazing battle cat game variant #124.\n\nEnjoy the ultimate feline battles.', 1323.76, 'ACTIVE');
INSERT INTO games (game_id, developer_id, title, description, price, status) VALUES (225, 153, 'Battle Cat Edition 125', 'An amazing battle cat game variant #125.\n\nEnjoy the ultimate feline battles.', 160.13, 'ACTIVE');
INSERT INTO game_media (game_id, file_url, media_type) VALUES (225, '/media/images/225/63c13123fd2dd58accdc5a9a90d37012bead5f3fcd59dd2d06bf8e58b9da3dff.png', 'media');
INSERT INTO game_media (game_id, file_url, media_type) VALUES (225, '/media/images/225/47e7a6de8a11b31ad76c8ca6be3459f797e967abff5632161cfecb35d141cdf2.png', 'media');
INSERT INTO game_media (game_id, file_url, media_type) VALUES (225, '/downloads/225/game_225.png', 'game_file');
INSERT INTO games (game_id, developer_id, title, description, price, status) VALUES (226, 138, 'Battle Cat Edition 126', 'An amazing battle cat game variant #126.\n\nEnjoy the ultimate feline battles.', 1145.09, 'TAKEN_DOWN');
INSERT INTO game_media (game_id, file_url, media_type) VALUES (226, '/downloads/226/game_226.png', 'game_file');
INSERT INTO games (game_id, developer_id, title, description, price, status) VALUES (227, 102, 'Battle Cat Edition 127', 'An amazing battle cat game variant #127.\n\nEnjoy the ultimate feline battles.', 1336.59, 'ACTIVE');
INSERT INTO game_media (game_id, file_url, media_type) VALUES (227, '/media/images/227/f295dc6296246eddd212d4c273412402789cab7f351e6b62d0a511b4eec94dae.png', 'media');
INSERT INTO game_media (game_id, file_url, media_type) VALUES (227, '/media/images/227/5c3e94508a582558ac73e79e601c0024f73f2219c78f04b4937950ccaf6946c9.png', 'media');
INSERT INTO game_media (game_id, file_url, media_type) VALUES (227, '/downloads/227/game_227.png', 'game_file');
INSERT INTO games (game_id, developer_id, title, description, price, status) VALUES (228, 154, 'Battle Cat Edition 128', 'An amazing battle cat game variant #128.\n\nEnjoy the ultimate feline battles.', 1276.42, 'ACTIVE');
INSERT INTO game_media (game_id, file_url, media_type) VALUES (228, '/media/images/228/d1195b4a0cf1a347cd83f6d6bc5792ad65832f6d899f74e6e4a9a2feef445546.png', 'media');
INSERT INTO game_media (game_id, file_url, media_type) VALUES (228, '/media/images/228/419c9fa3d941d9f828dc6c0287c1553079b62d33fa28bfe0e158648e6157cd76.png', 'media');
INSERT INTO game_media (game_id, file_url, media_type) VALUES (228, '/media/images/228/f2a99478754aaea985ac7b3904b4efeae6e5093e8431952635c2ea458ac3e7ad.png', 'media');
INSERT INTO games (game_id, developer_id, title, description, price, status) VALUES (229, 198, 'Battle Cat Edition 129', 'An amazing battle cat game variant #129.\n\nEnjoy the ultimate feline battles.', 535.78, 'TAKEN_DOWN');
INSERT INTO game_media (game_id, file_url, media_type) VALUES (229, '/media/images/229/cc6a11c303dafb0f2cdf5980968d55a869866fe6756282c6f90c493e40c9f501.png', 'media');
INSERT INTO game_media (game_id, file_url, media_type) VALUES (229, '/downloads/229/game_229.png', 'game_file');
INSERT INTO games (game_id, developer_id, title, description, price, status) VALUES (230, 197, 'Battle Cat Edition 130', 'An amazing battle cat game variant #130.\n\nEnjoy the ultimate feline battles.', 178.55, 'ACTIVE');
INSERT INTO games (game_id, developer_id, title, description, price, status) VALUES (231, 109, 'Battle Cat Edition 131', 'An amazing battle cat game variant #131.\n\nEnjoy the ultimate feline battles.', 930.19, 'ACTIVE');
INSERT INTO games (game_id, developer_id, title, description, price, status) VALUES (232, 135, 'Battle Cat Edition 132', 'An amazing battle cat game variant #132.\n\nEnjoy the ultimate feline battles.', 766.77, 'ACTIVE');
INSERT INTO game_media (game_id, file_url, media_type) VALUES (232, '/media/images/232/0053b13849ac1e0b86d3fa203f200b063407669cdedc3f1c9e9d61ecac1ff708.png', 'media');
INSERT INTO game_media (game_id, file_url, media_type) VALUES (232, '/media/images/232/8d3cf267c88843cf662fe5e8b61245a3a3b905b66ec1d87300ef8d9187c8773c.png', 'media');
INSERT INTO game_media (game_id, file_url, media_type) VALUES (232, '/media/images/232/7b109f74719dfd569ac277adf16842521d59c80b3dff08140070932e129a28b5.png', 'media');
INSERT INTO game_media (game_id, file_url, media_type) VALUES (232, '/downloads/232/game_232.png', 'game_file');
INSERT INTO games (game_id, developer_id, title, description, price, status) VALUES (233, 197, 'Battle Cat Edition 133', 'An amazing battle cat game variant #133.\n\nEnjoy the ultimate feline battles.', 837.02, 'ACTIVE');
INSERT INTO games (game_id, developer_id, title, description, price, status) VALUES (234, 198, 'Battle Cat Edition 134', 'An amazing battle cat game variant #134.\n\nEnjoy the ultimate feline battles.', 1437.27, 'ACTIVE');
INSERT INTO game_media (game_id, file_url, media_type) VALUES (234, '/media/images/234/6e060654798425735f09727444904d2203d40aa5c7167c4f7aee9418fdc20772.png', 'media');
INSERT INTO games (game_id, developer_id, title, description, price, status) VALUES (235, 165, 'Battle Cat Edition 135', 'An amazing battle cat game variant #135.\n\nEnjoy the ultimate feline battles.', 1404.77, 'ACTIVE');
INSERT INTO game_media (game_id, file_url, media_type) VALUES (235, '/media/images/235/d7c17631145f6bc2bc408e5d14f8d370c71780fb1ed40f93bf36fff29d75443e.png', 'media');
INSERT INTO game_media (game_id, file_url, media_type) VALUES (235, '/media/images/235/24bfd04508286df88a72f72c811992e4560ae0ff031218219a282743d5a684b4.png', 'media');
INSERT INTO game_media (game_id, file_url, media_type) VALUES (235, '/downloads/235/game_235.png', 'game_file');
INSERT INTO games (game_id, developer_id, title, description, price, status) VALUES (236, 172, 'Battle Cat Edition 136', 'An amazing battle cat game variant #136.\n\nEnjoy the ultimate feline battles.', 356.95, 'ACTIVE');
INSERT INTO game_media (game_id, file_url, media_type) VALUES (236, '/downloads/236/game_236.png', 'game_file');
INSERT INTO games (game_id, developer_id, title, description, price, status) VALUES (237, 196, 'Battle Cat Edition 137', 'An amazing battle cat game variant #137.\n\nEnjoy the ultimate feline battles.', 1287.23, 'ACTIVE');
INSERT INTO game_media (game_id, file_url, media_type) VALUES (237, '/downloads/237/game_237.png', 'game_file');
INSERT INTO games (game_id, developer_id, title, description, price, status) VALUES (238, 139, 'Battle Cat Edition 138', 'An amazing battle cat game variant #138.\n\nEnjoy the ultimate feline battles.', 645.92, 'ACTIVE');
INSERT INTO game_media (game_id, file_url, media_type) VALUES (238, '/media/images/238/63efbfe22c355b440d6f167d4686cc0cdeeff6bf7b173b851be63dbaac34bf11.png', 'media');
INSERT INTO game_media (game_id, file_url, media_type) VALUES (238, '/downloads/238/game_238.png', 'game_file');
INSERT INTO games (game_id, developer_id, title, description, price, status) VALUES (239, 180, 'Battle Cat Edition 139', 'An amazing battle cat game variant #139.\n\nEnjoy the ultimate feline battles.', 302.84, 'ACTIVE');
INSERT INTO game_media (game_id, file_url, media_type) VALUES (239, '/media/images/239/b12cd5d3fdaf315e38b4a3aca463ffacf024f7c5f6179696210e75c3a4acf087.png', 'media');
INSERT INTO game_media (game_id, file_url, media_type) VALUES (239, '/downloads/239/game_239.png', 'game_file');
INSERT INTO games (game_id, developer_id, title, description, price, status) VALUES (240, 119, 'Battle Cat Edition 140', 'An amazing battle cat game variant #140.\n\nEnjoy the ultimate feline battles.', 556.46, 'ACTIVE');
INSERT INTO game_media (game_id, file_url, media_type) VALUES (240, '/media/images/240/9f3ef03c967ddfb178e3e7cf65b5de81c8b113aaef9bdefca7e4eccb972cb06d.png', 'media');
INSERT INTO game_media (game_id, file_url, media_type) VALUES (240, '/downloads/240/game_240.png', 'game_file');
INSERT INTO games (game_id, developer_id, title, description, price, status) VALUES (241, 153, 'Battle Cat Edition 141', 'An amazing battle cat game variant #141.\n\nEnjoy the ultimate feline battles.', 1019.01, 'ACTIVE');
INSERT INTO game_media (game_id, file_url, media_type) VALUES (241, '/media/images/241/791b7b1bf41087f7db640c72a082d63f733976a6cca0ee9740fe99b71059cd71.png', 'media');
INSERT INTO game_media (game_id, file_url, media_type) VALUES (241, '/media/images/241/8f891218ae83b6f83b04f03b993458ed35525043a8bc46fd58708b9f2ff01b83.png', 'media');
INSERT INTO game_media (game_id, file_url, media_type) VALUES (241, '/downloads/241/game_241.png', 'game_file');
INSERT INTO games (game_id, developer_id, title, description, price, status) VALUES (242, 126, 'Battle Cat Edition 142', 'An amazing battle cat game variant #142.\n\nEnjoy the ultimate feline battles.', 1317.98, 'ACTIVE');
INSERT INTO game_media (game_id, file_url, media_type) VALUES (242, '/media/images/242/72a74228da6ea9f933b63949bb9d712ec600dbcd509f41da72b1705a41340cd8.png', 'media');
INSERT INTO games (game_id, developer_id, title, description, price, status) VALUES (243, 163, 'Battle Cat Edition 143', 'An amazing battle cat game variant #143.\n\nEnjoy the ultimate feline battles.', 1180.94, 'ACTIVE');
INSERT INTO game_media (game_id, file_url, media_type) VALUES (243, '/downloads/243/game_243.png', 'game_file');
INSERT INTO games (game_id, developer_id, title, description, price, status) VALUES (244, 131, 'Battle Cat Edition 144', 'An amazing battle cat game variant #144.\n\nEnjoy the ultimate feline battles.', 1139.9, 'ACTIVE');
INSERT INTO game_media (game_id, file_url, media_type) VALUES (244, '/media/images/244/a5874b8b6c9473cc48cb4f071179f304fa69d3397cb0c4c6697956c1f3b2e951.png', 'media');
INSERT INTO game_media (game_id, file_url, media_type) VALUES (244, '/downloads/244/game_244.png', 'game_file');
INSERT INTO games (game_id, developer_id, title, description, price, status) VALUES (245, 167, 'Battle Cat Edition 145', 'An amazing battle cat game variant #145.\n\nEnjoy the ultimate feline battles.', 155.76, 'ACTIVE');
INSERT INTO game_media (game_id, file_url, media_type) VALUES (245, '/media/images/245/86efc709a876f0e51bc270976051d4930945169c84ee73c240cd30ca1dc50518.png', 'media');
INSERT INTO game_media (game_id, file_url, media_type) VALUES (245, '/downloads/245/game_245.png', 'game_file');
INSERT INTO games (game_id, developer_id, title, description, price, status) VALUES (246, 131, 'Battle Cat Edition 146', 'An amazing battle cat game variant #146.\n\nEnjoy the ultimate feline battles.', 1485.33, 'TAKEN_DOWN');
INSERT INTO game_media (game_id, file_url, media_type) VALUES (246, '/media/images/246/e158a3f1de1c2a120534c69ecaa38c1d23409c3a1ed9b1e9d0ea52de598211c2.png', 'media');
INSERT INTO game_media (game_id, file_url, media_type) VALUES (246, '/media/images/246/47e7a6de8a11b31ad76c8ca6be3459f797e967abff5632161cfecb35d141cdf2.png', 'media');
INSERT INTO game_media (game_id, file_url, media_type) VALUES (246, '/media/images/246/7d5fb8aba5b3c06635cfc304b8de7d8d66bfaea2784be7c38d34548bd8301f84.png', 'media');
INSERT INTO games (game_id, developer_id, title, description, price, status) VALUES (247, 172, 'Battle Cat Edition 147', 'An amazing battle cat game variant #147.\n\nEnjoy the ultimate feline battles.', 242.67, 'ACTIVE');
INSERT INTO game_media (game_id, file_url, media_type) VALUES (247, '/media/images/247/ade91c300711817ab2b98ebd1d2cea67e524882b0edda8bbfd248d33287d569b.png', 'media');
INSERT INTO games (game_id, developer_id, title, description, price, status) VALUES (248, 103, 'Battle Cat Edition 148', 'An amazing battle cat game variant #148.\n\nEnjoy the ultimate feline battles.', 437.22, 'ACTIVE');
INSERT INTO game_media (game_id, file_url, media_type) VALUES (248, '/downloads/248/game_248.png', 'game_file');
INSERT INTO games (game_id, developer_id, title, description, price, status) VALUES (249, 154, 'Battle Cat Edition 149', 'An amazing battle cat game variant #149.\n\nEnjoy the ultimate feline battles.', 1417.11, 'ACTIVE');
INSERT INTO game_media (game_id, file_url, media_type) VALUES (249, '/media/images/249/e21d2553342411e14cdcc75718978d837eaaed9f10e24b16c7b9ba81d6404e99.png', 'media');
INSERT INTO game_media (game_id, file_url, media_type) VALUES (249, '/media/images/249/4e32e18d5c6de2ff7ca803fd329ffdbd9fc5c758c834258b45a1db002501b2a8.png', 'media');
INSERT INTO game_media (game_id, file_url, media_type) VALUES (249, '/media/images/249/6b2189afd33d3355d718beec27925d81cf0700adc511caedfd896abe17db49bd.png', 'media');
INSERT INTO game_media (game_id, file_url, media_type) VALUES (249, '/downloads/249/game_249.png', 'game_file');
INSERT INTO games (game_id, developer_id, title, description, price, status) VALUES (250, 153, 'Battle Cat Edition 150', 'An amazing battle cat game variant #150.\n\nEnjoy the ultimate feline battles.', 1253.15, 'ACTIVE');
INSERT INTO game_media (game_id, file_url, media_type) VALUES (250, '/media/images/250/a6e094cb6646acccd5cfb17fb7626386be305aa5ef07997c5127ad6194caf89b.png', 'media');
INSERT INTO game_media (game_id, file_url, media_type) VALUES (250, '/downloads/250/game_250.png', 'game_file');
INSERT INTO tags (tag_id, tag_name) VALUES (100, 'Super_RPG');
INSERT INTO tags (tag_id, tag_name) VALUES (101, 'Super_Action');
INSERT INTO tags (tag_id, tag_name) VALUES (102, 'Strategy');
INSERT INTO tags (tag_id, tag_name) VALUES (103, 'Puzzle');
INSERT INTO tags (tag_id, tag_name) VALUES (104, 'Super_Racing');
INSERT INTO tags (tag_id, tag_name) VALUES (105, 'Super_Simulation');
INSERT INTO tags (tag_id, tag_name) VALUES (106, 'Sports');
INSERT INTO tags (tag_id, tag_name) VALUES (107, 'Horror');
INSERT INTO tags (tag_id, tag_name) VALUES (108, 'Adventure');
INSERT INTO tags (tag_id, tag_name) VALUES (109, 'Fighting');
INSERT INTO tags (tag_id, tag_name) VALUES (110, 'RTS');
INSERT INTO tags (tag_id, tag_name) VALUES (111, 'MOBA');
INSERT INTO tags (tag_id, tag_name) VALUES (112, 'MMORPG');
INSERT INTO tags (tag_id, tag_name) VALUES (113, 'FPS');
INSERT INTO tags (tag_id, tag_name) VALUES (114, 'TPS');
INSERT INTO tags (tag_id, tag_name) VALUES (115, 'Sandbox');
INSERT INTO tags (tag_id, tag_name) VALUES (116, 'Open World');
INSERT INTO tags (tag_id, tag_name) VALUES (117, 'Survival');
INSERT INTO tags (tag_id, tag_name) VALUES (118, 'Rhythm');
INSERT INTO tags (tag_id, tag_name) VALUES (119, 'Party');
INSERT INTO tags (tag_id, tag_name) VALUES (120, 'Casual');
INSERT INTO tags (tag_id, tag_name) VALUES (121, 'Arcade');
INSERT INTO tags (tag_id, tag_name) VALUES (122, 'Platformer');
INSERT INTO tags (tag_id, tag_name) VALUES (123, 'Visual Novel');
INSERT INTO tags (tag_id, tag_name) VALUES (124, 'Gacha');
INSERT INTO tags (tag_id, tag_name) VALUES (125, 'Idle');
INSERT INTO tags (tag_id, tag_name) VALUES (126, 'Tower Defense');
INSERT INTO tags (tag_id, tag_name) VALUES (127, 'Card');
INSERT INTO tags (tag_id, tag_name) VALUES (128, 'Board');
INSERT INTO tags (tag_id, tag_name) VALUES (129, 'Trivia');
INSERT INTO tags (tag_id, tag_name) VALUES (130, 'Genre_Extension_30');
INSERT INTO tags (tag_id, tag_name) VALUES (131, 'Genre_Extension_31');
INSERT INTO tags (tag_id, tag_name) VALUES (132, 'Genre_Extension_32');
INSERT INTO tags (tag_id, tag_name) VALUES (133, 'Genre_Extension_33');
INSERT INTO tags (tag_id, tag_name) VALUES (134, 'Genre_Extension_34');
INSERT INTO tags (tag_id, tag_name) VALUES (135, 'Genre_Extension_35');
INSERT INTO tags (tag_id, tag_name) VALUES (136, 'Genre_Extension_36');
INSERT INTO tags (tag_id, tag_name) VALUES (137, 'Genre_Extension_37');
INSERT INTO tags (tag_id, tag_name) VALUES (138, 'Genre_Extension_38');
INSERT INTO tags (tag_id, tag_name) VALUES (139, 'Genre_Extension_39');
INSERT INTO tags (tag_id, tag_name) VALUES (140, 'Genre_Extension_40');
INSERT INTO tags (tag_id, tag_name) VALUES (141, 'Genre_Extension_41');
INSERT INTO tags (tag_id, tag_name) VALUES (142, 'Genre_Extension_42');
INSERT INTO tags (tag_id, tag_name) VALUES (143, 'Genre_Extension_43');
INSERT INTO tags (tag_id, tag_name) VALUES (144, 'Genre_Extension_44');
INSERT INTO tags (tag_id, tag_name) VALUES (145, 'Genre_Extension_45');
INSERT INTO tags (tag_id, tag_name) VALUES (146, 'Genre_Extension_46');
INSERT INTO tags (tag_id, tag_name) VALUES (147, 'Genre_Extension_47');
INSERT INTO tags (tag_id, tag_name) VALUES (148, 'Genre_Extension_48');
INSERT INTO tags (tag_id, tag_name) VALUES (149, 'Genre_Extension_49');
INSERT INTO tags (tag_id, tag_name) VALUES (150, 'Genre_Extension_50');
INSERT INTO tags (tag_id, tag_name) VALUES (151, 'Genre_Extension_51');
INSERT INTO tags (tag_id, tag_name) VALUES (152, 'Genre_Extension_52');
INSERT INTO tags (tag_id, tag_name) VALUES (153, 'Genre_Extension_53');
INSERT INTO tags (tag_id, tag_name) VALUES (154, 'Genre_Extension_54');
INSERT INTO tags (tag_id, tag_name) VALUES (155, 'Genre_Extension_55');
INSERT INTO tags (tag_id, tag_name) VALUES (156, 'Genre_Extension_56');
INSERT INTO tags (tag_id, tag_name) VALUES (157, 'Genre_Extension_57');
INSERT INTO tags (tag_id, tag_name) VALUES (158, 'Genre_Extension_58');
INSERT INTO tags (tag_id, tag_name) VALUES (159, 'Genre_Extension_59');
INSERT INTO tags (tag_id, tag_name) VALUES (160, 'Genre_Extension_60');
INSERT INTO tags (tag_id, tag_name) VALUES (161, 'Genre_Extension_61');
INSERT INTO tags (tag_id, tag_name) VALUES (162, 'Genre_Extension_62');
INSERT INTO tags (tag_id, tag_name) VALUES (163, 'Genre_Extension_63');
INSERT INTO tags (tag_id, tag_name) VALUES (164, 'Genre_Extension_64');
INSERT INTO tags (tag_id, tag_name) VALUES (165, 'Genre_Extension_65');
INSERT INTO tags (tag_id, tag_name) VALUES (166, 'Genre_Extension_66');
INSERT INTO tags (tag_id, tag_name) VALUES (167, 'Genre_Extension_67');
INSERT INTO tags (tag_id, tag_name) VALUES (168, 'Genre_Extension_68');
INSERT INTO tags (tag_id, tag_name) VALUES (169, 'Genre_Extension_69');
INSERT INTO tags (tag_id, tag_name) VALUES (170, 'Genre_Extension_70');
INSERT INTO tags (tag_id, tag_name) VALUES (171, 'Genre_Extension_71');
INSERT INTO tags (tag_id, tag_name) VALUES (172, 'Genre_Extension_72');
INSERT INTO tags (tag_id, tag_name) VALUES (173, 'Genre_Extension_73');
INSERT INTO tags (tag_id, tag_name) VALUES (174, 'Genre_Extension_74');
INSERT INTO tags (tag_id, tag_name) VALUES (175, 'Genre_Extension_75');
INSERT INTO tags (tag_id, tag_name) VALUES (176, 'Genre_Extension_76');
INSERT INTO tags (tag_id, tag_name) VALUES (177, 'Genre_Extension_77');
INSERT INTO tags (tag_id, tag_name) VALUES (178, 'Genre_Extension_78');
INSERT INTO tags (tag_id, tag_name) VALUES (179, 'Genre_Extension_79');
INSERT INTO game_tags (game_id, tag_id) VALUES (101, 103);
INSERT INTO game_tags (game_id, tag_id) VALUES (101, 132);
INSERT INTO game_tags (game_id, tag_id) VALUES (101, 106);
INSERT INTO game_tags (game_id, tag_id) VALUES (101, 122);
INSERT INTO game_tags (game_id, tag_id) VALUES (102, 131);
INSERT INTO game_tags (game_id, tag_id) VALUES (103, 112);
INSERT INTO game_tags (game_id, tag_id) VALUES (104, 105);
INSERT INTO game_tags (game_id, tag_id) VALUES (104, 106);
INSERT INTO game_tags (game_id, tag_id) VALUES (104, 178);
INSERT INTO game_tags (game_id, tag_id) VALUES (105, 119);
INSERT INTO game_tags (game_id, tag_id) VALUES (106, 147);
INSERT INTO game_tags (game_id, tag_id) VALUES (106, 121);
INSERT INTO game_tags (game_id, tag_id) VALUES (107, 148);
INSERT INTO game_tags (game_id, tag_id) VALUES (107, 141);
INSERT INTO game_tags (game_id, tag_id) VALUES (108, 139);
INSERT INTO game_tags (game_id, tag_id) VALUES (108, 160);
INSERT INTO game_tags (game_id, tag_id) VALUES (109, 167);
INSERT INTO game_tags (game_id, tag_id) VALUES (109, 171);
INSERT INTO game_tags (game_id, tag_id) VALUES (109, 104);
INSERT INTO game_tags (game_id, tag_id) VALUES (109, 100);
INSERT INTO game_tags (game_id, tag_id) VALUES (110, 100);
INSERT INTO game_tags (game_id, tag_id) VALUES (110, 177);
INSERT INTO game_tags (game_id, tag_id) VALUES (111, 159);
INSERT INTO game_tags (game_id, tag_id) VALUES (111, 153);
INSERT INTO game_tags (game_id, tag_id) VALUES (112, 101);
INSERT INTO game_tags (game_id, tag_id) VALUES (113, 114);
INSERT INTO game_tags (game_id, tag_id) VALUES (113, 164);
INSERT INTO game_tags (game_id, tag_id) VALUES (113, 101);
INSERT INTO game_tags (game_id, tag_id) VALUES (113, 153);
INSERT INTO game_tags (game_id, tag_id) VALUES (114, 152);
INSERT INTO game_tags (game_id, tag_id) VALUES (115, 146);
INSERT INTO game_tags (game_id, tag_id) VALUES (115, 144);
INSERT INTO game_tags (game_id, tag_id) VALUES (116, 141);
INSERT INTO game_tags (game_id, tag_id) VALUES (116, 123);
INSERT INTO game_tags (game_id, tag_id) VALUES (117, 170);
INSERT INTO game_tags (game_id, tag_id) VALUES (118, 163);
INSERT INTO game_tags (game_id, tag_id) VALUES (118, 146);
INSERT INTO game_tags (game_id, tag_id) VALUES (119, 110);
INSERT INTO game_tags (game_id, tag_id) VALUES (119, 159);
INSERT INTO game_tags (game_id, tag_id) VALUES (119, 149);
INSERT INTO game_tags (game_id, tag_id) VALUES (119, 106);
INSERT INTO game_tags (game_id, tag_id) VALUES (120, 131);
INSERT INTO game_tags (game_id, tag_id) VALUES (120, 171);
INSERT INTO game_tags (game_id, tag_id) VALUES (121, 126);
INSERT INTO game_tags (game_id, tag_id) VALUES (121, 139);
INSERT INTO game_tags (game_id, tag_id) VALUES (122, 102);
INSERT INTO game_tags (game_id, tag_id) VALUES (122, 147);
INSERT INTO game_tags (game_id, tag_id) VALUES (122, 177);
INSERT INTO game_tags (game_id, tag_id) VALUES (122, 141);
INSERT INTO game_tags (game_id, tag_id) VALUES (123, 104);
INSERT INTO game_tags (game_id, tag_id) VALUES (124, 167);
INSERT INTO game_tags (game_id, tag_id) VALUES (124, 132);
INSERT INTO game_tags (game_id, tag_id) VALUES (124, 159);
INSERT INTO game_tags (game_id, tag_id) VALUES (125, 172);
INSERT INTO game_tags (game_id, tag_id) VALUES (125, 157);
INSERT INTO game_tags (game_id, tag_id) VALUES (125, 100);
INSERT INTO game_tags (game_id, tag_id) VALUES (126, 164);
INSERT INTO game_tags (game_id, tag_id) VALUES (126, 146);
INSERT INTO game_tags (game_id, tag_id) VALUES (127, 103);
INSERT INTO game_tags (game_id, tag_id) VALUES (128, 122);
INSERT INTO game_tags (game_id, tag_id) VALUES (129, 122);
INSERT INTO game_tags (game_id, tag_id) VALUES (129, 105);
INSERT INTO game_tags (game_id, tag_id) VALUES (129, 148);
INSERT INTO game_tags (game_id, tag_id) VALUES (130, 102);
INSERT INTO game_tags (game_id, tag_id) VALUES (131, 135);
INSERT INTO game_tags (game_id, tag_id) VALUES (131, 119);
INSERT INTO game_tags (game_id, tag_id) VALUES (131, 122);
INSERT INTO game_tags (game_id, tag_id) VALUES (132, 148);
INSERT INTO game_tags (game_id, tag_id) VALUES (132, 158);
INSERT INTO game_tags (game_id, tag_id) VALUES (132, 104);
INSERT INTO game_tags (game_id, tag_id) VALUES (132, 179);
INSERT INTO game_tags (game_id, tag_id) VALUES (133, 173);
INSERT INTO game_tags (game_id, tag_id) VALUES (133, 117);
INSERT INTO game_tags (game_id, tag_id) VALUES (133, 131);
INSERT INTO game_tags (game_id, tag_id) VALUES (133, 150);
INSERT INTO game_tags (game_id, tag_id) VALUES (134, 135);
INSERT INTO game_tags (game_id, tag_id) VALUES (134, 140);
INSERT INTO game_tags (game_id, tag_id) VALUES (135, 134);
INSERT INTO game_tags (game_id, tag_id) VALUES (135, 152);
INSERT INTO game_tags (game_id, tag_id) VALUES (135, 106);
INSERT INTO game_tags (game_id, tag_id) VALUES (135, 168);
INSERT INTO game_tags (game_id, tag_id) VALUES (136, 138);
INSERT INTO game_tags (game_id, tag_id) VALUES (136, 112);
INSERT INTO game_tags (game_id, tag_id) VALUES (136, 137);
INSERT INTO game_tags (game_id, tag_id) VALUES (137, 127);
INSERT INTO game_tags (game_id, tag_id) VALUES (137, 163);
INSERT INTO game_tags (game_id, tag_id) VALUES (137, 152);
INSERT INTO game_tags (game_id, tag_id) VALUES (137, 132);
INSERT INTO game_tags (game_id, tag_id) VALUES (138, 104);
INSERT INTO game_tags (game_id, tag_id) VALUES (138, 159);
INSERT INTO game_tags (game_id, tag_id) VALUES (138, 123);
INSERT INTO game_tags (game_id, tag_id) VALUES (138, 154);
INSERT INTO game_tags (game_id, tag_id) VALUES (139, 114);
INSERT INTO game_tags (game_id, tag_id) VALUES (139, 137);
INSERT INTO game_tags (game_id, tag_id) VALUES (139, 179);
INSERT INTO game_tags (game_id, tag_id) VALUES (140, 165);
INSERT INTO game_tags (game_id, tag_id) VALUES (140, 104);
INSERT INTO game_tags (game_id, tag_id) VALUES (141, 126);
INSERT INTO game_tags (game_id, tag_id) VALUES (141, 116);
INSERT INTO game_tags (game_id, tag_id) VALUES (141, 145);
INSERT INTO game_tags (game_id, tag_id) VALUES (141, 152);
INSERT INTO game_tags (game_id, tag_id) VALUES (142, 136);
INSERT INTO game_tags (game_id, tag_id) VALUES (142, 123);
INSERT INTO game_tags (game_id, tag_id) VALUES (143, 179);
INSERT INTO game_tags (game_id, tag_id) VALUES (143, 122);
INSERT INTO game_tags (game_id, tag_id) VALUES (144, 116);
INSERT INTO game_tags (game_id, tag_id) VALUES (144, 121);
INSERT INTO game_tags (game_id, tag_id) VALUES (145, 121);
INSERT INTO game_tags (game_id, tag_id) VALUES (146, 131);
INSERT INTO game_tags (game_id, tag_id) VALUES (146, 110);
INSERT INTO game_tags (game_id, tag_id) VALUES (146, 156);
INSERT INTO game_tags (game_id, tag_id) VALUES (147, 166);
INSERT INTO game_tags (game_id, tag_id) VALUES (147, 145);
INSERT INTO game_tags (game_id, tag_id) VALUES (147, 117);
INSERT INTO game_tags (game_id, tag_id) VALUES (147, 164);
INSERT INTO game_tags (game_id, tag_id) VALUES (148, 178);
INSERT INTO game_tags (game_id, tag_id) VALUES (149, 103);
INSERT INTO game_tags (game_id, tag_id) VALUES (149, 151);
INSERT INTO game_tags (game_id, tag_id) VALUES (149, 120);
INSERT INTO game_tags (game_id, tag_id) VALUES (150, 107);
INSERT INTO game_tags (game_id, tag_id) VALUES (150, 139);
INSERT INTO game_tags (game_id, tag_id) VALUES (150, 123);
INSERT INTO game_tags (game_id, tag_id) VALUES (151, 176);
INSERT INTO game_tags (game_id, tag_id) VALUES (151, 179);
INSERT INTO game_tags (game_id, tag_id) VALUES (151, 128);
INSERT INTO game_tags (game_id, tag_id) VALUES (152, 175);
INSERT INTO game_tags (game_id, tag_id) VALUES (152, 113);
INSERT INTO game_tags (game_id, tag_id) VALUES (152, 137);
INSERT INTO game_tags (game_id, tag_id) VALUES (153, 165);
INSERT INTO game_tags (game_id, tag_id) VALUES (153, 176);
INSERT INTO game_tags (game_id, tag_id) VALUES (153, 139);
INSERT INTO game_tags (game_id, tag_id) VALUES (153, 156);
INSERT INTO game_tags (game_id, tag_id) VALUES (154, 167);
INSERT INTO game_tags (game_id, tag_id) VALUES (154, 114);
INSERT INTO game_tags (game_id, tag_id) VALUES (154, 127);
INSERT INTO game_tags (game_id, tag_id) VALUES (155, 154);
INSERT INTO game_tags (game_id, tag_id) VALUES (155, 100);
INSERT INTO game_tags (game_id, tag_id) VALUES (155, 126);
INSERT INTO game_tags (game_id, tag_id) VALUES (156, 144);
INSERT INTO game_tags (game_id, tag_id) VALUES (156, 122);
INSERT INTO game_tags (game_id, tag_id) VALUES (157, 136);
INSERT INTO game_tags (game_id, tag_id) VALUES (157, 150);
INSERT INTO game_tags (game_id, tag_id) VALUES (158, 110);
INSERT INTO game_tags (game_id, tag_id) VALUES (158, 100);
INSERT INTO game_tags (game_id, tag_id) VALUES (158, 112);
INSERT INTO game_tags (game_id, tag_id) VALUES (159, 141);
INSERT INTO game_tags (game_id, tag_id) VALUES (159, 115);
INSERT INTO game_tags (game_id, tag_id) VALUES (159, 161);
INSERT INTO game_tags (game_id, tag_id) VALUES (159, 167);
INSERT INTO game_tags (game_id, tag_id) VALUES (160, 140);
INSERT INTO game_tags (game_id, tag_id) VALUES (160, 174);
INSERT INTO game_tags (game_id, tag_id) VALUES (161, 118);
INSERT INTO game_tags (game_id, tag_id) VALUES (162, 118);
INSERT INTO game_tags (game_id, tag_id) VALUES (162, 149);
INSERT INTO game_tags (game_id, tag_id) VALUES (162, 125);
INSERT INTO game_tags (game_id, tag_id) VALUES (163, 171);
INSERT INTO game_tags (game_id, tag_id) VALUES (163, 173);
INSERT INTO game_tags (game_id, tag_id) VALUES (163, 139);
INSERT INTO game_tags (game_id, tag_id) VALUES (164, 138);
INSERT INTO game_tags (game_id, tag_id) VALUES (164, 105);
INSERT INTO game_tags (game_id, tag_id) VALUES (164, 100);
INSERT INTO game_tags (game_id, tag_id) VALUES (164, 120);
INSERT INTO game_tags (game_id, tag_id) VALUES (165, 127);
INSERT INTO game_tags (game_id, tag_id) VALUES (165, 144);
INSERT INTO game_tags (game_id, tag_id) VALUES (165, 110);
INSERT INTO game_tags (game_id, tag_id) VALUES (165, 165);
INSERT INTO game_tags (game_id, tag_id) VALUES (166, 124);
INSERT INTO game_tags (game_id, tag_id) VALUES (167, 158);
INSERT INTO game_tags (game_id, tag_id) VALUES (167, 161);
INSERT INTO game_tags (game_id, tag_id) VALUES (167, 171);
INSERT INTO game_tags (game_id, tag_id) VALUES (168, 112);
INSERT INTO game_tags (game_id, tag_id) VALUES (168, 132);
INSERT INTO game_tags (game_id, tag_id) VALUES (168, 109);
INSERT INTO game_tags (game_id, tag_id) VALUES (168, 152);
INSERT INTO game_tags (game_id, tag_id) VALUES (169, 127);
INSERT INTO game_tags (game_id, tag_id) VALUES (169, 129);
INSERT INTO game_tags (game_id, tag_id) VALUES (169, 139);
INSERT INTO game_tags (game_id, tag_id) VALUES (169, 143);
INSERT INTO game_tags (game_id, tag_id) VALUES (170, 145);
INSERT INTO game_tags (game_id, tag_id) VALUES (170, 126);
INSERT INTO game_tags (game_id, tag_id) VALUES (170, 150);
INSERT INTO game_tags (game_id, tag_id) VALUES (171, 133);
INSERT INTO game_tags (game_id, tag_id) VALUES (171, 170);
INSERT INTO game_tags (game_id, tag_id) VALUES (172, 163);
INSERT INTO game_tags (game_id, tag_id) VALUES (172, 136);
INSERT INTO game_tags (game_id, tag_id) VALUES (172, 124);
INSERT INTO game_tags (game_id, tag_id) VALUES (173, 135);
INSERT INTO game_tags (game_id, tag_id) VALUES (174, 111);
INSERT INTO game_tags (game_id, tag_id) VALUES (175, 125);
INSERT INTO game_tags (game_id, tag_id) VALUES (175, 153);
INSERT INTO game_tags (game_id, tag_id) VALUES (176, 106);
INSERT INTO game_tags (game_id, tag_id) VALUES (176, 118);
INSERT INTO game_tags (game_id, tag_id) VALUES (177, 113);
INSERT INTO game_tags (game_id, tag_id) VALUES (177, 126);
INSERT INTO game_tags (game_id, tag_id) VALUES (177, 158);
INSERT INTO game_tags (game_id, tag_id) VALUES (177, 174);
INSERT INTO game_tags (game_id, tag_id) VALUES (178, 131);
INSERT INTO game_tags (game_id, tag_id) VALUES (178, 110);
INSERT INTO game_tags (game_id, tag_id) VALUES (178, 127);
INSERT INTO game_tags (game_id, tag_id) VALUES (178, 176);
INSERT INTO game_tags (game_id, tag_id) VALUES (179, 139);
INSERT INTO game_tags (game_id, tag_id) VALUES (179, 123);
INSERT INTO game_tags (game_id, tag_id) VALUES (179, 105);
INSERT INTO game_tags (game_id, tag_id) VALUES (179, 149);
INSERT INTO game_tags (game_id, tag_id) VALUES (180, 114);
INSERT INTO game_tags (game_id, tag_id) VALUES (180, 124);
INSERT INTO game_tags (game_id, tag_id) VALUES (180, 117);
INSERT INTO game_tags (game_id, tag_id) VALUES (181, 112);
INSERT INTO game_tags (game_id, tag_id) VALUES (181, 131);
INSERT INTO game_tags (game_id, tag_id) VALUES (181, 153);
INSERT INTO game_tags (game_id, tag_id) VALUES (182, 107);
INSERT INTO game_tags (game_id, tag_id) VALUES (182, 101);
INSERT INTO game_tags (game_id, tag_id) VALUES (182, 147);
INSERT INTO game_tags (game_id, tag_id) VALUES (182, 106);
INSERT INTO game_tags (game_id, tag_id) VALUES (183, 149);
INSERT INTO game_tags (game_id, tag_id) VALUES (184, 148);
INSERT INTO game_tags (game_id, tag_id) VALUES (184, 173);
INSERT INTO game_tags (game_id, tag_id) VALUES (184, 166);
INSERT INTO game_tags (game_id, tag_id) VALUES (185, 123);
INSERT INTO game_tags (game_id, tag_id) VALUES (185, 133);
INSERT INTO game_tags (game_id, tag_id) VALUES (185, 173);
INSERT INTO game_tags (game_id, tag_id) VALUES (186, 146);
INSERT INTO game_tags (game_id, tag_id) VALUES (186, 108);
INSERT INTO game_tags (game_id, tag_id) VALUES (186, 138);
INSERT INTO game_tags (game_id, tag_id) VALUES (186, 109);
INSERT INTO game_tags (game_id, tag_id) VALUES (187, 131);
INSERT INTO game_tags (game_id, tag_id) VALUES (188, 139);
INSERT INTO game_tags (game_id, tag_id) VALUES (188, 114);
INSERT INTO game_tags (game_id, tag_id) VALUES (189, 176);
INSERT INTO game_tags (game_id, tag_id) VALUES (189, 158);
INSERT INTO game_tags (game_id, tag_id) VALUES (189, 105);
INSERT INTO game_tags (game_id, tag_id) VALUES (190, 141);
INSERT INTO game_tags (game_id, tag_id) VALUES (190, 150);
INSERT INTO game_tags (game_id, tag_id) VALUES (190, 130);
INSERT INTO game_tags (game_id, tag_id) VALUES (190, 107);
INSERT INTO game_tags (game_id, tag_id) VALUES (191, 157);
INSERT INTO game_tags (game_id, tag_id) VALUES (191, 119);
INSERT INTO game_tags (game_id, tag_id) VALUES (192, 151);
INSERT INTO game_tags (game_id, tag_id) VALUES (192, 120);
INSERT INTO game_tags (game_id, tag_id) VALUES (193, 137);
INSERT INTO game_tags (game_id, tag_id) VALUES (193, 136);
INSERT INTO game_tags (game_id, tag_id) VALUES (193, 146);
INSERT INTO game_tags (game_id, tag_id) VALUES (193, 103);
INSERT INTO game_tags (game_id, tag_id) VALUES (194, 147);
INSERT INTO game_tags (game_id, tag_id) VALUES (195, 150);
INSERT INTO game_tags (game_id, tag_id) VALUES (196, 152);
INSERT INTO game_tags (game_id, tag_id) VALUES (196, 165);
INSERT INTO game_tags (game_id, tag_id) VALUES (197, 109);
INSERT INTO game_tags (game_id, tag_id) VALUES (198, 161);
INSERT INTO game_tags (game_id, tag_id) VALUES (199, 177);
INSERT INTO game_tags (game_id, tag_id) VALUES (199, 117);
INSERT INTO game_tags (game_id, tag_id) VALUES (199, 118);
INSERT INTO game_tags (game_id, tag_id) VALUES (199, 121);
INSERT INTO game_tags (game_id, tag_id) VALUES (200, 162);
INSERT INTO game_tags (game_id, tag_id) VALUES (200, 101);
INSERT INTO game_tags (game_id, tag_id) VALUES (200, 158);
INSERT INTO game_tags (game_id, tag_id) VALUES (201, 159);
INSERT INTO game_tags (game_id, tag_id) VALUES (202, 131);
INSERT INTO game_tags (game_id, tag_id) VALUES (202, 100);
INSERT INTO game_tags (game_id, tag_id) VALUES (202, 135);
INSERT INTO game_tags (game_id, tag_id) VALUES (203, 103);
INSERT INTO game_tags (game_id, tag_id) VALUES (204, 149);
INSERT INTO game_tags (game_id, tag_id) VALUES (204, 130);
INSERT INTO game_tags (game_id, tag_id) VALUES (204, 115);
INSERT INTO game_tags (game_id, tag_id) VALUES (205, 171);
INSERT INTO game_tags (game_id, tag_id) VALUES (206, 179);
INSERT INTO game_tags (game_id, tag_id) VALUES (206, 164);
INSERT INTO game_tags (game_id, tag_id) VALUES (206, 115);
INSERT INTO game_tags (game_id, tag_id) VALUES (207, 114);
INSERT INTO game_tags (game_id, tag_id) VALUES (208, 154);
INSERT INTO game_tags (game_id, tag_id) VALUES (209, 141);
INSERT INTO game_tags (game_id, tag_id) VALUES (209, 153);
INSERT INTO game_tags (game_id, tag_id) VALUES (209, 145);
INSERT INTO game_tags (game_id, tag_id) VALUES (210, 137);
INSERT INTO game_tags (game_id, tag_id) VALUES (210, 163);
INSERT INTO game_tags (game_id, tag_id) VALUES (211, 154);
INSERT INTO game_tags (game_id, tag_id) VALUES (211, 163);
INSERT INTO game_tags (game_id, tag_id) VALUES (212, 145);
INSERT INTO game_tags (game_id, tag_id) VALUES (212, 159);
INSERT INTO game_tags (game_id, tag_id) VALUES (212, 138);
INSERT INTO game_tags (game_id, tag_id) VALUES (212, 112);
INSERT INTO game_tags (game_id, tag_id) VALUES (213, 110);
INSERT INTO game_tags (game_id, tag_id) VALUES (214, 144);
INSERT INTO game_tags (game_id, tag_id) VALUES (215, 170);
INSERT INTO game_tags (game_id, tag_id) VALUES (216, 112);
INSERT INTO game_tags (game_id, tag_id) VALUES (216, 111);
INSERT INTO game_tags (game_id, tag_id) VALUES (217, 143);
INSERT INTO game_tags (game_id, tag_id) VALUES (217, 170);
INSERT INTO game_tags (game_id, tag_id) VALUES (217, 118);
INSERT INTO game_tags (game_id, tag_id) VALUES (218, 145);
INSERT INTO game_tags (game_id, tag_id) VALUES (219, 174);
INSERT INTO game_tags (game_id, tag_id) VALUES (219, 120);
INSERT INTO game_tags (game_id, tag_id) VALUES (219, 109);
INSERT INTO game_tags (game_id, tag_id) VALUES (220, 119);
INSERT INTO game_tags (game_id, tag_id) VALUES (220, 178);
INSERT INTO game_tags (game_id, tag_id) VALUES (221, 100);
INSERT INTO game_tags (game_id, tag_id) VALUES (221, 138);
INSERT INTO game_tags (game_id, tag_id) VALUES (221, 127);
INSERT INTO game_tags (game_id, tag_id) VALUES (222, 139);
INSERT INTO game_tags (game_id, tag_id) VALUES (223, 100);
INSERT INTO game_tags (game_id, tag_id) VALUES (224, 116);
INSERT INTO game_tags (game_id, tag_id) VALUES (224, 164);
INSERT INTO game_tags (game_id, tag_id) VALUES (224, 172);
INSERT INTO game_tags (game_id, tag_id) VALUES (224, 168);
INSERT INTO game_tags (game_id, tag_id) VALUES (225, 153);
INSERT INTO game_tags (game_id, tag_id) VALUES (225, 151);
INSERT INTO game_tags (game_id, tag_id) VALUES (226, 170);
INSERT INTO game_tags (game_id, tag_id) VALUES (226, 132);
INSERT INTO game_tags (game_id, tag_id) VALUES (227, 164);
INSERT INTO game_tags (game_id, tag_id) VALUES (227, 129);
INSERT INTO game_tags (game_id, tag_id) VALUES (227, 106);
INSERT INTO game_tags (game_id, tag_id) VALUES (228, 107);
INSERT INTO game_tags (game_id, tag_id) VALUES (228, 110);
INSERT INTO game_tags (game_id, tag_id) VALUES (229, 170);
INSERT INTO game_tags (game_id, tag_id) VALUES (230, 123);
INSERT INTO game_tags (game_id, tag_id) VALUES (230, 141);
INSERT INTO game_tags (game_id, tag_id) VALUES (231, 169);
INSERT INTO game_tags (game_id, tag_id) VALUES (231, 102);
INSERT INTO game_tags (game_id, tag_id) VALUES (231, 163);
INSERT INTO game_tags (game_id, tag_id) VALUES (232, 179);
INSERT INTO game_tags (game_id, tag_id) VALUES (232, 129);
INSERT INTO game_tags (game_id, tag_id) VALUES (232, 159);
INSERT INTO game_tags (game_id, tag_id) VALUES (232, 173);
INSERT INTO game_tags (game_id, tag_id) VALUES (233, 154);
INSERT INTO game_tags (game_id, tag_id) VALUES (233, 170);
INSERT INTO game_tags (game_id, tag_id) VALUES (233, 103);
INSERT INTO game_tags (game_id, tag_id) VALUES (234, 135);
INSERT INTO game_tags (game_id, tag_id) VALUES (234, 129);
INSERT INTO game_tags (game_id, tag_id) VALUES (234, 160);
INSERT INTO game_tags (game_id, tag_id) VALUES (234, 173);
INSERT INTO game_tags (game_id, tag_id) VALUES (235, 119);
INSERT INTO game_tags (game_id, tag_id) VALUES (235, 108);
INSERT INTO game_tags (game_id, tag_id) VALUES (235, 147);
INSERT INTO game_tags (game_id, tag_id) VALUES (236, 158);
INSERT INTO game_tags (game_id, tag_id) VALUES (236, 126);
INSERT INTO game_tags (game_id, tag_id) VALUES (236, 104);
INSERT INTO game_tags (game_id, tag_id) VALUES (237, 119);
INSERT INTO game_tags (game_id, tag_id) VALUES (237, 179);
INSERT INTO game_tags (game_id, tag_id) VALUES (237, 159);
INSERT INTO game_tags (game_id, tag_id) VALUES (237, 152);
INSERT INTO game_tags (game_id, tag_id) VALUES (238, 161);
INSERT INTO game_tags (game_id, tag_id) VALUES (238, 173);
INSERT INTO game_tags (game_id, tag_id) VALUES (238, 157);
INSERT INTO game_tags (game_id, tag_id) VALUES (238, 128);
INSERT INTO game_tags (game_id, tag_id) VALUES (239, 143);
INSERT INTO game_tags (game_id, tag_id) VALUES (239, 131);
INSERT INTO game_tags (game_id, tag_id) VALUES (240, 117);
INSERT INTO game_tags (game_id, tag_id) VALUES (241, 172);
INSERT INTO game_tags (game_id, tag_id) VALUES (241, 114);
INSERT INTO game_tags (game_id, tag_id) VALUES (241, 168);
INSERT INTO game_tags (game_id, tag_id) VALUES (242, 109);
INSERT INTO game_tags (game_id, tag_id) VALUES (242, 103);
INSERT INTO game_tags (game_id, tag_id) VALUES (242, 155);
INSERT INTO game_tags (game_id, tag_id) VALUES (242, 119);
INSERT INTO game_tags (game_id, tag_id) VALUES (243, 103);
INSERT INTO game_tags (game_id, tag_id) VALUES (243, 179);
INSERT INTO game_tags (game_id, tag_id) VALUES (243, 137);
INSERT INTO game_tags (game_id, tag_id) VALUES (243, 127);
INSERT INTO game_tags (game_id, tag_id) VALUES (244, 132);
INSERT INTO game_tags (game_id, tag_id) VALUES (244, 167);
INSERT INTO game_tags (game_id, tag_id) VALUES (245, 126);
INSERT INTO game_tags (game_id, tag_id) VALUES (245, 172);
INSERT INTO game_tags (game_id, tag_id) VALUES (245, 140);
INSERT INTO game_tags (game_id, tag_id) VALUES (245, 148);
INSERT INTO game_tags (game_id, tag_id) VALUES (246, 165);
INSERT INTO game_tags (game_id, tag_id) VALUES (246, 107);
INSERT INTO game_tags (game_id, tag_id) VALUES (247, 178);
INSERT INTO game_tags (game_id, tag_id) VALUES (247, 137);
INSERT INTO game_tags (game_id, tag_id) VALUES (247, 166);
INSERT INTO game_tags (game_id, tag_id) VALUES (247, 111);
INSERT INTO game_tags (game_id, tag_id) VALUES (248, 156);
INSERT INTO game_tags (game_id, tag_id) VALUES (249, 123);
INSERT INTO game_tags (game_id, tag_id) VALUES (249, 110);
INSERT INTO game_tags (game_id, tag_id) VALUES (249, 168);
INSERT INTO game_tags (game_id, tag_id) VALUES (250, 110);
INSERT INTO game_tags (game_id, tag_id) VALUES (250, 122);
INSERT INTO transactions (transaction_id, user_id, total_amount, receipt_number) VALUES (101, 104, 805.02, 'REC-101-SUPER-1780938934');
INSERT INTO transaction_items (item_id, transaction_id, game_id, purchase_price) VALUES (101, 101, 106, 805.02);
INSERT INTO game_licenses (game_id, user_id, transaction_item_id, status) VALUES (106, 104, 101, 'ACTIVE');
INSERT INTO transactions (transaction_id, user_id, total_amount, receipt_number) VALUES (102, 104, 3561.35, 'REC-102-SUPER-1780938934');
INSERT INTO transaction_items (item_id, transaction_id, game_id, purchase_price) VALUES (102, 102, 119, 1378.34);
INSERT INTO game_licenses (game_id, user_id, transaction_item_id, status) VALUES (119, 104, 102, 'ACTIVE');
INSERT INTO transaction_items (item_id, transaction_id, game_id, purchase_price) VALUES (103, 102, 108, 906.59);
INSERT INTO game_licenses (game_id, user_id, transaction_item_id, status) VALUES (108, 104, 103, 'ACTIVE');
INSERT INTO transaction_items (item_id, transaction_id, game_id, purchase_price) VALUES (104, 102, 228, 1276.42);
INSERT INTO game_licenses (game_id, user_id, transaction_item_id, status) VALUES (228, 104, 104, 'ACTIVE');
INSERT INTO transactions (transaction_id, user_id, total_amount, receipt_number) VALUES (103, 105, 1270.43, 'REC-103-SUPER-1780938934');
INSERT INTO transaction_items (item_id, transaction_id, game_id, purchase_price) VALUES (105, 103, 177, 1270.43);
INSERT INTO game_licenses (game_id, user_id, transaction_item_id, status) VALUES (177, 105, 105, 'ACTIVE');
INSERT INTO transactions (transaction_id, user_id, total_amount, receipt_number) VALUES (104, 106, 1323.76, 'REC-104-SUPER-1780938934');
INSERT INTO transaction_items (item_id, transaction_id, game_id, purchase_price) VALUES (106, 104, 224, 1323.76);
INSERT INTO game_licenses (game_id, user_id, transaction_item_id, status) VALUES (224, 106, 106, 'ACTIVE');
INSERT INTO transactions (transaction_id, user_id, total_amount, receipt_number) VALUES (105, 110, 2132.84, 'REC-105-SUPER-1780938934');
INSERT INTO transaction_items (item_id, transaction_id, game_id, purchase_price) VALUES (107, 105, 182, 1459.84);
INSERT INTO game_licenses (game_id, user_id, transaction_item_id, status) VALUES (182, 110, 107, 'ACTIVE');
INSERT INTO transaction_items (item_id, transaction_id, game_id, purchase_price) VALUES (108, 105, 137, 673.0);
INSERT INTO game_licenses (game_id, user_id, transaction_item_id, status) VALUES (137, 110, 108, 'ACTIVE');
INSERT INTO transactions (transaction_id, user_id, total_amount, receipt_number) VALUES (106, 110, 1459.84, 'REC-106-SUPER-1780938934');
INSERT INTO transaction_items (item_id, transaction_id, game_id, purchase_price) VALUES (109, 106, 182, 1459.84);
INSERT INTO game_licenses (game_id, user_id, transaction_item_id, status) VALUES (182, 110, 109, 'ACTIVE');
INSERT INTO transactions (transaction_id, user_id, total_amount, receipt_number) VALUES (107, 110, 2663.25, 'REC-107-SUPER-1780938934');
INSERT INTO transaction_items (item_id, transaction_id, game_id, purchase_price) VALUES (110, 107, 101, 151.84);
INSERT INTO game_licenses (game_id, user_id, transaction_item_id, status) VALUES (101, 110, 110, 'ACTIVE');
INSERT INTO transaction_items (item_id, transaction_id, game_id, purchase_price) VALUES (111, 107, 152, 1396.23);
INSERT INTO game_licenses (game_id, user_id, transaction_item_id, status) VALUES (152, 110, 111, 'ACTIVE');
INSERT INTO transaction_items (item_id, transaction_id, game_id, purchase_price) VALUES (112, 107, 126, 1115.18);
INSERT INTO game_licenses (game_id, user_id, transaction_item_id, status) VALUES (126, 110, 112, 'ACTIVE');
INSERT INTO transactions (transaction_id, user_id, total_amount, receipt_number) VALUES (108, 114, 2103.7200000000003, 'REC-108-SUPER-1780938934');
INSERT INTO transaction_items (item_id, transaction_id, game_id, purchase_price) VALUES (113, 108, 194, 698.95);
INSERT INTO game_licenses (game_id, user_id, transaction_item_id, status) VALUES (194, 114, 113, 'ACTIVE');
INSERT INTO transaction_items (item_id, transaction_id, game_id, purchase_price) VALUES (114, 108, 235, 1404.77);
INSERT INTO game_licenses (game_id, user_id, transaction_item_id, status) VALUES (235, 114, 114, 'ACTIVE');
INSERT INTO transactions (transaction_id, user_id, total_amount, receipt_number) VALUES (109, 114, 930.19, 'REC-109-SUPER-1780938934');
INSERT INTO transaction_items (item_id, transaction_id, game_id, purchase_price) VALUES (115, 109, 231, 930.19);
INSERT INTO game_licenses (game_id, user_id, transaction_item_id, status) VALUES (231, 114, 115, 'ACTIVE');
INSERT INTO transactions (transaction_id, user_id, total_amount, receipt_number) VALUES (110, 114, 1336.59, 'REC-110-SUPER-1780938934');
INSERT INTO transaction_items (item_id, transaction_id, game_id, purchase_price) VALUES (116, 110, 227, 1336.59);
INSERT INTO game_licenses (game_id, user_id, transaction_item_id, status) VALUES (227, 114, 116, 'ACTIVE');
INSERT INTO transactions (transaction_id, user_id, total_amount, receipt_number) VALUES (111, 115, 1955.8600000000001, 'REC-111-SUPER-1780938934');
INSERT INTO transaction_items (item_id, transaction_id, game_id, purchase_price) VALUES (117, 111, 172, 820.42);
INSERT INTO game_licenses (game_id, user_id, transaction_item_id, status) VALUES (172, 115, 117, 'ACTIVE');
INSERT INTO transaction_items (item_id, transaction_id, game_id, purchase_price) VALUES (118, 111, 210, 478.1);
INSERT INTO game_licenses (game_id, user_id, transaction_item_id, status) VALUES (210, 115, 118, 'ACTIVE');
INSERT INTO transaction_items (item_id, transaction_id, game_id, purchase_price) VALUES (119, 111, 179, 657.34);
INSERT INTO game_licenses (game_id, user_id, transaction_item_id, status) VALUES (179, 115, 119, 'ACTIVE');
INSERT INTO transactions (transaction_id, user_id, total_amount, receipt_number) VALUES (112, 116, 2964.9900000000002, 'REC-112-SUPER-1780938934');
INSERT INTO transaction_items (item_id, transaction_id, game_id, purchase_price) VALUES (120, 112, 228, 1276.42);
INSERT INTO game_licenses (game_id, user_id, transaction_item_id, status) VALUES (228, 116, 120, 'ACTIVE');
INSERT INTO transaction_items (item_id, transaction_id, game_id, purchase_price) VALUES (121, 112, 152, 1396.23);
INSERT INTO game_licenses (game_id, user_id, transaction_item_id, status) VALUES (152, 116, 121, 'ACTIVE');
INSERT INTO transaction_items (item_id, transaction_id, game_id, purchase_price) VALUES (122, 112, 178, 292.34);
INSERT INTO game_licenses (game_id, user_id, transaction_item_id, status) VALUES (178, 116, 122, 'ACTIVE');
INSERT INTO transactions (transaction_id, user_id, total_amount, receipt_number) VALUES (113, 116, 551.48, 'REC-113-SUPER-1780938934');
INSERT INTO transaction_items (item_id, transaction_id, game_id, purchase_price) VALUES (123, 113, 110, 551.48);
INSERT INTO game_licenses (game_id, user_id, transaction_item_id, status) VALUES (110, 116, 123, 'ACTIVE');
INSERT INTO transactions (transaction_id, user_id, total_amount, receipt_number) VALUES (114, 117, 816.32, 'REC-114-SUPER-1780938934');
INSERT INTO transaction_items (item_id, transaction_id, game_id, purchase_price) VALUES (124, 114, 120, 816.32);
INSERT INTO game_licenses (game_id, user_id, transaction_item_id, status) VALUES (120, 117, 124, 'ACTIVE');
INSERT INTO transactions (transaction_id, user_id, total_amount, receipt_number) VALUES (115, 117, 1089.2, 'REC-115-SUPER-1780938934');
INSERT INTO transaction_items (item_id, transaction_id, game_id, purchase_price) VALUES (125, 115, 153, 1003.01);
INSERT INTO game_licenses (game_id, user_id, transaction_item_id, status) VALUES (153, 117, 125, 'ACTIVE');
INSERT INTO transaction_items (item_id, transaction_id, game_id, purchase_price) VALUES (126, 115, 144, 86.19);
INSERT INTO game_licenses (game_id, user_id, transaction_item_id, status) VALUES (144, 117, 126, 'ACTIVE');
INSERT INTO transactions (transaction_id, user_id, total_amount, receipt_number) VALUES (116, 117, 1505.51, 'REC-116-SUPER-1780938934');
INSERT INTO transaction_items (item_id, transaction_id, game_id, purchase_price) VALUES (127, 116, 193, 100.74);
INSERT INTO game_licenses (game_id, user_id, transaction_item_id, status) VALUES (193, 117, 127, 'ACTIVE');
INSERT INTO transaction_items (item_id, transaction_id, game_id, purchase_price) VALUES (128, 116, 235, 1404.77);
INSERT INTO game_licenses (game_id, user_id, transaction_item_id, status) VALUES (235, 117, 128, 'ACTIVE');
INSERT INTO transactions (transaction_id, user_id, total_amount, receipt_number) VALUES (117, 118, 491.01, 'REC-117-SUPER-1780938934');
INSERT INTO transaction_items (item_id, transaction_id, game_id, purchase_price) VALUES (129, 117, 187, 491.01);
INSERT INTO game_licenses (game_id, user_id, transaction_item_id, status) VALUES (187, 118, 129, 'ACTIVE');
INSERT INTO transactions (transaction_id, user_id, total_amount, receipt_number) VALUES (118, 120, 1411.6699999999998, 'REC-118-SUPER-1780938934');
INSERT INTO transaction_items (item_id, transaction_id, game_id, purchase_price) VALUES (130, 118, 111, 260.84);
INSERT INTO game_licenses (game_id, user_id, transaction_item_id, status) VALUES (111, 120, 130, 'ACTIVE');
INSERT INTO transaction_items (item_id, transaction_id, game_id, purchase_price) VALUES (131, 118, 156, 1150.83);
INSERT INTO game_licenses (game_id, user_id, transaction_item_id, status) VALUES (156, 120, 131, 'ACTIVE');
INSERT INTO transactions (transaction_id, user_id, total_amount, receipt_number) VALUES (119, 123, 1019.01, 'REC-119-SUPER-1780938934');
INSERT INTO transaction_items (item_id, transaction_id, game_id, purchase_price) VALUES (132, 119, 241, 1019.01);
INSERT INTO game_licenses (game_id, user_id, transaction_item_id, status) VALUES (241, 123, 132, 'ACTIVE');
INSERT INTO transactions (transaction_id, user_id, total_amount, receipt_number) VALUES (120, 123, 2662.24, 'REC-120-SUPER-1780938934');
INSERT INTO transaction_items (item_id, transaction_id, game_id, purchase_price) VALUES (133, 120, 168, 935.69);
INSERT INTO game_licenses (game_id, user_id, transaction_item_id, status) VALUES (168, 123, 133, 'ACTIVE');
INSERT INTO transaction_items (item_id, transaction_id, game_id, purchase_price) VALUES (134, 120, 213, 707.54);
INSERT INTO game_licenses (game_id, user_id, transaction_item_id, status) VALUES (213, 123, 134, 'ACTIVE');
INSERT INTO transaction_items (item_id, transaction_id, game_id, purchase_price) VALUES (135, 120, 241, 1019.01);
INSERT INTO game_licenses (game_id, user_id, transaction_item_id, status) VALUES (241, 123, 135, 'ACTIVE');
INSERT INTO transactions (transaction_id, user_id, total_amount, receipt_number) VALUES (121, 123, 1664.77, 'REC-121-SUPER-1780938934');
INSERT INTO transaction_items (item_id, transaction_id, game_id, purchase_price) VALUES (136, 121, 137, 673.0);
INSERT INTO game_licenses (game_id, user_id, transaction_item_id, status) VALUES (137, 123, 136, 'ACTIVE');
INSERT INTO transaction_items (item_id, transaction_id, game_id, purchase_price) VALUES (137, 121, 211, 991.77);
INSERT INTO game_licenses (game_id, user_id, transaction_item_id, status) VALUES (211, 123, 137, 'ACTIVE');
INSERT INTO transactions (transaction_id, user_id, total_amount, receipt_number) VALUES (122, 124, 1027.21, 'REC-122-SUPER-1780938934');
INSERT INTO transaction_items (item_id, transaction_id, game_id, purchase_price) VALUES (138, 122, 169, 1027.21);
INSERT INTO game_licenses (game_id, user_id, transaction_item_id, status) VALUES (169, 124, 138, 'ACTIVE');
INSERT INTO transactions (transaction_id, user_id, total_amount, receipt_number) VALUES (123, 124, 158.45, 'REC-123-SUPER-1780938934');
INSERT INTO transaction_items (item_id, transaction_id, game_id, purchase_price) VALUES (139, 123, 176, 158.45);
INSERT INTO game_licenses (game_id, user_id, transaction_item_id, status) VALUES (176, 124, 139, 'ACTIVE');
INSERT INTO transactions (transaction_id, user_id, total_amount, receipt_number) VALUES (124, 125, 1827.9, 'REC-124-SUPER-1780938934');
INSERT INTO transaction_items (item_id, transaction_id, game_id, purchase_price) VALUES (140, 124, 228, 1276.42);
INSERT INTO game_licenses (game_id, user_id, transaction_item_id, status) VALUES (228, 125, 140, 'ACTIVE');
INSERT INTO transaction_items (item_id, transaction_id, game_id, purchase_price) VALUES (141, 124, 110, 551.48);
INSERT INTO game_licenses (game_id, user_id, transaction_item_id, status) VALUES (110, 125, 141, 'ACTIVE');
INSERT INTO transactions (transaction_id, user_id, total_amount, receipt_number) VALUES (125, 125, 1938.4899999999998, 'REC-125-SUPER-1780938934');
INSERT INTO transaction_items (item_id, transaction_id, game_id, purchase_price) VALUES (142, 125, 185, 630.14);
INSERT INTO game_licenses (game_id, user_id, transaction_item_id, status) VALUES (185, 125, 142, 'ACTIVE');
INSERT INTO transaction_items (item_id, transaction_id, game_id, purchase_price) VALUES (143, 125, 105, 1308.35);
INSERT INTO game_licenses (game_id, user_id, transaction_item_id, status) VALUES (105, 125, 143, 'ACTIVE');
INSERT INTO transactions (transaction_id, user_id, total_amount, receipt_number) VALUES (126, 129, 1587.19, 'REC-126-SUPER-1780938934');
INSERT INTO transaction_items (item_id, transaction_id, game_id, purchase_price) VALUES (144, 126, 172, 820.42);
INSERT INTO game_licenses (game_id, user_id, transaction_item_id, status) VALUES (172, 129, 144, 'ACTIVE');
INSERT INTO transaction_items (item_id, transaction_id, game_id, purchase_price) VALUES (145, 126, 232, 766.77);
INSERT INTO game_licenses (game_id, user_id, transaction_item_id, status) VALUES (232, 129, 145, 'ACTIVE');
INSERT INTO transactions (transaction_id, user_id, total_amount, receipt_number) VALUES (127, 129, 2170.5699999999997, 'REC-127-SUPER-1780938934');
INSERT INTO transaction_items (item_id, transaction_id, game_id, purchase_price) VALUES (146, 127, 175, 1170.11);
INSERT INTO game_licenses (game_id, user_id, transaction_item_id, status) VALUES (175, 129, 146, 'ACTIVE');
INSERT INTO transaction_items (item_id, transaction_id, game_id, purchase_price) VALUES (147, 127, 151, 1000.46);
INSERT INTO game_licenses (game_id, user_id, transaction_item_id, status) VALUES (151, 129, 147, 'ACTIVE');
INSERT INTO transactions (transaction_id, user_id, total_amount, receipt_number) VALUES (128, 129, 1862.88, 'REC-128-SUPER-1780938934');
INSERT INTO transaction_items (item_id, transaction_id, game_id, purchase_price) VALUES (148, 128, 127, 857.52);
INSERT INTO game_licenses (game_id, user_id, transaction_item_id, status) VALUES (127, 129, 148, 'ACTIVE');
INSERT INTO transaction_items (item_id, transaction_id, game_id, purchase_price) VALUES (149, 128, 161, 1005.36);
INSERT INTO game_licenses (game_id, user_id, transaction_item_id, status) VALUES (161, 129, 149, 'ACTIVE');
INSERT INTO transactions (transaction_id, user_id, total_amount, receipt_number) VALUES (129, 130, 1332.28, 'REC-129-SUPER-1780938934');
INSERT INTO transaction_items (item_id, transaction_id, game_id, purchase_price) VALUES (150, 129, 131, 268.3);
INSERT INTO game_licenses (game_id, user_id, transaction_item_id, status) VALUES (131, 130, 150, 'ACTIVE');
INSERT INTO transaction_items (item_id, transaction_id, game_id, purchase_price) VALUES (151, 129, 205, 1063.98);
INSERT INTO game_licenses (game_id, user_id, transaction_item_id, status) VALUES (205, 130, 151, 'ACTIVE');
INSERT INTO transactions (transaction_id, user_id, total_amount, receipt_number) VALUES (130, 130, 3111.58, 'REC-130-SUPER-1780938934');
INSERT INTO transaction_items (item_id, transaction_id, game_id, purchase_price) VALUES (152, 130, 153, 1003.01);
INSERT INTO game_licenses (game_id, user_id, transaction_item_id, status) VALUES (153, 130, 152, 'ACTIVE');
INSERT INTO transaction_items (item_id, transaction_id, game_id, purchase_price) VALUES (153, 130, 250, 1253.15);
INSERT INTO game_licenses (game_id, user_id, transaction_item_id, status) VALUES (250, 130, 153, 'ACTIVE');
INSERT INTO transaction_items (item_id, transaction_id, game_id, purchase_price) VALUES (154, 130, 124, 855.42);
INSERT INTO game_licenses (game_id, user_id, transaction_item_id, status) VALUES (124, 130, 154, 'ACTIVE');
INSERT INTO transactions (transaction_id, user_id, total_amount, receipt_number) VALUES (131, 132, 906.59, 'REC-131-SUPER-1780938934');
INSERT INTO transaction_items (item_id, transaction_id, game_id, purchase_price) VALUES (155, 131, 108, 906.59);
INSERT INTO game_licenses (game_id, user_id, transaction_item_id, status) VALUES (108, 132, 155, 'ACTIVE');
INSERT INTO transactions (transaction_id, user_id, total_amount, receipt_number) VALUES (132, 132, 1624.87, 'REC-132-SUPER-1780938934');
INSERT INTO transaction_items (item_id, transaction_id, game_id, purchase_price) VALUES (156, 132, 213, 707.54);
INSERT INTO game_licenses (game_id, user_id, transaction_item_id, status) VALUES (213, 132, 156, 'ACTIVE');
INSERT INTO transaction_items (item_id, transaction_id, game_id, purchase_price) VALUES (157, 132, 181, 917.33);
INSERT INTO game_licenses (game_id, user_id, transaction_item_id, status) VALUES (181, 132, 157, 'ACTIVE');
INSERT INTO transactions (transaction_id, user_id, total_amount, receipt_number) VALUES (133, 132, 1919.33, 'REC-133-SUPER-1780938934');
INSERT INTO transaction_items (item_id, transaction_id, game_id, purchase_price) VALUES (158, 133, 240, 556.46);
INSERT INTO game_licenses (game_id, user_id, transaction_item_id, status) VALUES (240, 132, 158, 'ACTIVE');
INSERT INTO transaction_items (item_id, transaction_id, game_id, purchase_price) VALUES (159, 133, 212, 1362.87);
INSERT INTO game_licenses (game_id, user_id, transaction_item_id, status) VALUES (212, 132, 159, 'ACTIVE');
INSERT INTO transactions (transaction_id, user_id, total_amount, receipt_number) VALUES (134, 141, 2014.27, 'REC-134-SUPER-1780938934');
INSERT INTO transaction_items (item_id, transaction_id, game_id, purchase_price) VALUES (160, 134, 208, 163.8);
INSERT INTO game_licenses (game_id, user_id, transaction_item_id, status) VALUES (208, 141, 160, 'ACTIVE');
INSERT INTO transaction_items (item_id, transaction_id, game_id, purchase_price) VALUES (161, 134, 103, 1122.24);
INSERT INTO game_licenses (game_id, user_id, transaction_item_id, status) VALUES (103, 141, 161, 'ACTIVE');
INSERT INTO transaction_items (item_id, transaction_id, game_id, purchase_price) VALUES (162, 134, 198, 728.23);
INSERT INTO game_licenses (game_id, user_id, transaction_item_id, status) VALUES (198, 141, 162, 'ACTIVE');
INSERT INTO transactions (transaction_id, user_id, total_amount, receipt_number) VALUES (135, 141, 906.78, 'REC-135-SUPER-1780938934');
INSERT INTO transaction_items (item_id, transaction_id, game_id, purchase_price) VALUES (163, 135, 198, 728.23);
INSERT INTO game_licenses (game_id, user_id, transaction_item_id, status) VALUES (198, 141, 163, 'ACTIVE');
INSERT INTO transaction_items (item_id, transaction_id, game_id, purchase_price) VALUES (164, 135, 230, 178.55);
INSERT INTO game_licenses (game_id, user_id, transaction_item_id, status) VALUES (230, 141, 164, 'ACTIVE');
INSERT INTO transactions (transaction_id, user_id, total_amount, receipt_number) VALUES (136, 142, 2006.94, 'REC-136-SUPER-1780938934');
INSERT INTO transaction_items (item_id, transaction_id, game_id, purchase_price) VALUES (165, 136, 151, 1000.46);
INSERT INTO game_licenses (game_id, user_id, transaction_item_id, status) VALUES (151, 142, 165, 'ACTIVE');
INSERT INTO transaction_items (item_id, transaction_id, game_id, purchase_price) VALUES (166, 136, 206, 301.51);
INSERT INTO game_licenses (game_id, user_id, transaction_item_id, status) VALUES (206, 142, 166, 'ACTIVE');
INSERT INTO transaction_items (item_id, transaction_id, game_id, purchase_price) VALUES (167, 136, 121, 704.97);
INSERT INTO game_licenses (game_id, user_id, transaction_item_id, status) VALUES (121, 142, 167, 'ACTIVE');
INSERT INTO transactions (transaction_id, user_id, total_amount, receipt_number) VALUES (137, 147, 242.67, 'REC-137-SUPER-1780938934');
INSERT INTO transaction_items (item_id, transaction_id, game_id, purchase_price) VALUES (168, 137, 247, 242.67);
INSERT INTO game_licenses (game_id, user_id, transaction_item_id, status) VALUES (247, 147, 168, 'ACTIVE');
INSERT INTO transactions (transaction_id, user_id, total_amount, receipt_number) VALUES (138, 147, 1682.2800000000002, 'REC-138-SUPER-1780938934');
INSERT INTO transaction_items (item_id, transaction_id, game_id, purchase_price) VALUES (169, 138, 115, 1317.38);
INSERT INTO game_licenses (game_id, user_id, transaction_item_id, status) VALUES (115, 147, 169, 'ACTIVE');
INSERT INTO transaction_items (item_id, transaction_id, game_id, purchase_price) VALUES (170, 138, 203, 364.9);
INSERT INTO game_licenses (game_id, user_id, transaction_item_id, status) VALUES (203, 147, 170, 'ACTIVE');
INSERT INTO transactions (transaction_id, user_id, total_amount, receipt_number) VALUES (139, 148, 2813.34, 'REC-139-SUPER-1780938934');
INSERT INTO transaction_items (item_id, transaction_id, game_id, purchase_price) VALUES (171, 139, 249, 1417.11);
INSERT INTO game_licenses (game_id, user_id, transaction_item_id, status) VALUES (249, 148, 171, 'ACTIVE');
INSERT INTO transaction_items (item_id, transaction_id, game_id, purchase_price) VALUES (172, 139, 152, 1396.23);
INSERT INTO game_licenses (game_id, user_id, transaction_item_id, status) VALUES (152, 148, 172, 'ACTIVE');
INSERT INTO transactions (transaction_id, user_id, total_amount, receipt_number) VALUES (140, 151, 1150.17, 'REC-140-SUPER-1780938934');
INSERT INTO transaction_items (item_id, transaction_id, game_id, purchase_price) VALUES (173, 140, 205, 1063.98);
INSERT INTO game_licenses (game_id, user_id, transaction_item_id, status) VALUES (205, 151, 173, 'ACTIVE');
INSERT INTO transaction_items (item_id, transaction_id, game_id, purchase_price) VALUES (174, 140, 144, 86.19);
INSERT INTO game_licenses (game_id, user_id, transaction_item_id, status) VALUES (144, 151, 174, 'ACTIVE');
INSERT INTO transactions (transaction_id, user_id, total_amount, receipt_number) VALUES (141, 152, 898.44, 'REC-141-SUPER-1780938934');
INSERT INTO transaction_items (item_id, transaction_id, game_id, purchase_price) VALUES (175, 141, 185, 630.14);
INSERT INTO game_licenses (game_id, user_id, transaction_item_id, status) VALUES (185, 152, 175, 'ACTIVE');
INSERT INTO transaction_items (item_id, transaction_id, game_id, purchase_price) VALUES (176, 141, 131, 268.3);
INSERT INTO game_licenses (game_id, user_id, transaction_item_id, status) VALUES (131, 152, 176, 'ACTIVE');
INSERT INTO transactions (transaction_id, user_id, total_amount, receipt_number) VALUES (142, 156, 3316.1400000000003, 'REC-142-SUPER-1780938934');
INSERT INTO transaction_items (item_id, transaction_id, game_id, purchase_price) VALUES (177, 142, 235, 1404.77);
INSERT INTO game_licenses (game_id, user_id, transaction_item_id, status) VALUES (235, 156, 177, 'ACTIVE');
INSERT INTO transaction_items (item_id, transaction_id, game_id, purchase_price) VALUES (178, 142, 126, 1115.18);
INSERT INTO game_licenses (game_id, user_id, transaction_item_id, status) VALUES (126, 156, 178, 'ACTIVE');
INSERT INTO transaction_items (item_id, transaction_id, game_id, purchase_price) VALUES (179, 142, 221, 796.19);
INSERT INTO game_licenses (game_id, user_id, transaction_item_id, status) VALUES (221, 156, 179, 'ACTIVE');
INSERT INTO transactions (transaction_id, user_id, total_amount, receipt_number) VALUES (143, 157, 356.95, 'REC-143-SUPER-1780938934');
INSERT INTO transaction_items (item_id, transaction_id, game_id, purchase_price) VALUES (180, 143, 236, 356.95);
INSERT INTO game_licenses (game_id, user_id, transaction_item_id, status) VALUES (236, 157, 180, 'ACTIVE');
INSERT INTO transactions (transaction_id, user_id, total_amount, receipt_number) VALUES (144, 157, 2334.95, 'REC-144-SUPER-1780938934');
INSERT INTO transaction_items (item_id, transaction_id, game_id, purchase_price) VALUES (181, 144, 245, 155.76);
INSERT INTO game_licenses (game_id, user_id, transaction_item_id, status) VALUES (245, 157, 181, 'ACTIVE');
INSERT INTO transaction_items (item_id, transaction_id, game_id, purchase_price) VALUES (182, 144, 212, 1362.87);
INSERT INTO game_licenses (game_id, user_id, transaction_item_id, status) VALUES (212, 157, 182, 'ACTIVE');
INSERT INTO transaction_items (item_id, transaction_id, game_id, purchase_price) VALUES (183, 144, 120, 816.32);
INSERT INTO game_licenses (game_id, user_id, transaction_item_id, status) VALUES (120, 157, 183, 'ACTIVE');
INSERT INTO transactions (transaction_id, user_id, total_amount, receipt_number) VALUES (145, 159, 1692.02, 'REC-145-SUPER-1780938934');
INSERT INTO transaction_items (item_id, transaction_id, game_id, purchase_price) VALUES (184, 145, 154, 1431.18);
INSERT INTO game_licenses (game_id, user_id, transaction_item_id, status) VALUES (154, 159, 184, 'ACTIVE');
INSERT INTO transaction_items (item_id, transaction_id, game_id, purchase_price) VALUES (185, 145, 111, 260.84);
INSERT INTO game_licenses (game_id, user_id, transaction_item_id, status) VALUES (111, 159, 185, 'ACTIVE');
INSERT INTO transactions (transaction_id, user_id, total_amount, receipt_number) VALUES (146, 159, 1808.6799999999998, 'REC-146-SUPER-1780938934');
INSERT INTO transaction_items (item_id, transaction_id, game_id, purchase_price) VALUES (186, 146, 153, 1003.01);
INSERT INTO game_licenses (game_id, user_id, transaction_item_id, status) VALUES (153, 159, 186, 'ACTIVE');
INSERT INTO transaction_items (item_id, transaction_id, game_id, purchase_price) VALUES (187, 146, 158, 805.67);
INSERT INTO game_licenses (game_id, user_id, transaction_item_id, status) VALUES (158, 159, 187, 'ACTIVE');
INSERT INTO transactions (transaction_id, user_id, total_amount, receipt_number) VALUES (147, 159, 2957.7, 'REC-147-SUPER-1780938934');
INSERT INTO transaction_items (item_id, transaction_id, game_id, purchase_price) VALUES (188, 147, 146, 1179.46);
INSERT INTO game_licenses (game_id, user_id, transaction_item_id, status) VALUES (146, 159, 188, 'ACTIVE');
INSERT INTO transaction_items (item_id, transaction_id, game_id, purchase_price) VALUES (189, 147, 187, 491.01);
INSERT INTO game_licenses (game_id, user_id, transaction_item_id, status) VALUES (187, 159, 189, 'ACTIVE');
INSERT INTO transaction_items (item_id, transaction_id, game_id, purchase_price) VALUES (190, 147, 237, 1287.23);
INSERT INTO game_licenses (game_id, user_id, transaction_item_id, status) VALUES (237, 159, 190, 'ACTIVE');
INSERT INTO transactions (transaction_id, user_id, total_amount, receipt_number) VALUES (148, 161, 1233.91, 'REC-148-SUPER-1780938934');
INSERT INTO transaction_items (item_id, transaction_id, game_id, purchase_price) VALUES (191, 148, 199, 741.07);
INSERT INTO game_licenses (game_id, user_id, transaction_item_id, status) VALUES (199, 161, 191, 'ACTIVE');
INSERT INTO transaction_items (item_id, transaction_id, game_id, purchase_price) VALUES (192, 148, 112, 314.29);
INSERT INTO game_licenses (game_id, user_id, transaction_item_id, status) VALUES (112, 161, 192, 'ACTIVE');
INSERT INTO transaction_items (item_id, transaction_id, game_id, purchase_price) VALUES (193, 148, 230, 178.55);
INSERT INTO game_licenses (game_id, user_id, transaction_item_id, status) VALUES (230, 161, 193, 'ACTIVE');
INSERT INTO transactions (transaction_id, user_id, total_amount, receipt_number) VALUES (149, 162, 1548.12, 'REC-149-SUPER-1780938934');
INSERT INTO transaction_items (item_id, transaction_id, game_id, purchase_price) VALUES (194, 149, 194, 698.95);
INSERT INTO game_licenses (game_id, user_id, transaction_item_id, status) VALUES (194, 162, 194, 'ACTIVE');
INSERT INTO transaction_items (item_id, transaction_id, game_id, purchase_price) VALUES (195, 149, 245, 155.76);
INSERT INTO game_licenses (game_id, user_id, transaction_item_id, status) VALUES (245, 162, 195, 'ACTIVE');
INSERT INTO transaction_items (item_id, transaction_id, game_id, purchase_price) VALUES (196, 149, 129, 693.41);
INSERT INTO game_licenses (game_id, user_id, transaction_item_id, status) VALUES (129, 162, 196, 'ACTIVE');
INSERT INTO transactions (transaction_id, user_id, total_amount, receipt_number) VALUES (150, 162, 1146.31, 'REC-150-SUPER-1780938934');
INSERT INTO transaction_items (item_id, transaction_id, game_id, purchase_price) VALUES (197, 150, 196, 1146.31);
INSERT INTO game_licenses (game_id, user_id, transaction_item_id, status) VALUES (196, 162, 197, 'ACTIVE');
INSERT INTO transactions (transaction_id, user_id, total_amount, receipt_number) VALUES (151, 168, 113.28, 'REC-151-SUPER-1780938934');
INSERT INTO transaction_items (item_id, transaction_id, game_id, purchase_price) VALUES (198, 151, 170, 113.28);
INSERT INTO game_licenses (game_id, user_id, transaction_item_id, status) VALUES (170, 168, 198, 'ACTIVE');
INSERT INTO transactions (transaction_id, user_id, total_amount, receipt_number) VALUES (152, 168, 693.41, 'REC-152-SUPER-1780938934');
INSERT INTO transaction_items (item_id, transaction_id, game_id, purchase_price) VALUES (199, 152, 129, 693.41);
INSERT INTO game_licenses (game_id, user_id, transaction_item_id, status) VALUES (129, 168, 199, 'ACTIVE');
INSERT INTO transactions (transaction_id, user_id, total_amount, receipt_number) VALUES (153, 170, 356.95, 'REC-153-SUPER-1780938934');
INSERT INTO transaction_items (item_id, transaction_id, game_id, purchase_price) VALUES (200, 153, 236, 356.95);
INSERT INTO game_licenses (game_id, user_id, transaction_item_id, status) VALUES (236, 170, 200, 'ACTIVE');
INSERT INTO transactions (transaction_id, user_id, total_amount, receipt_number) VALUES (154, 170, 3409.07, 'REC-154-SUPER-1780938934');
INSERT INTO transaction_items (item_id, transaction_id, game_id, purchase_price) VALUES (201, 154, 235, 1404.77);
INSERT INTO game_licenses (game_id, user_id, transaction_item_id, status) VALUES (235, 170, 201, 'ACTIVE');
INSERT INTO transaction_items (item_id, transaction_id, game_id, purchase_price) VALUES (202, 154, 161, 1005.36);
INSERT INTO game_licenses (game_id, user_id, transaction_item_id, status) VALUES (161, 170, 202, 'ACTIVE');
INSERT INTO transaction_items (item_id, transaction_id, game_id, purchase_price) VALUES (203, 154, 204, 998.94);
INSERT INTO game_licenses (game_id, user_id, transaction_item_id, status) VALUES (204, 170, 203, 'ACTIVE');
INSERT INTO transactions (transaction_id, user_id, total_amount, receipt_number) VALUES (155, 170, 1801.5500000000002, 'REC-155-SUPER-1780938934');
INSERT INTO transaction_items (item_id, transaction_id, game_id, purchase_price) VALUES (204, 155, 161, 1005.36);
INSERT INTO game_licenses (game_id, user_id, transaction_item_id, status) VALUES (161, 170, 204, 'ACTIVE');
INSERT INTO transaction_items (item_id, transaction_id, game_id, purchase_price) VALUES (205, 155, 221, 796.19);
INSERT INTO game_licenses (game_id, user_id, transaction_item_id, status) VALUES (221, 170, 205, 'ACTIVE');
INSERT INTO transactions (transaction_id, user_id, total_amount, receipt_number) VALUES (156, 171, 831.44, 'REC-156-SUPER-1780938934');
INSERT INTO transaction_items (item_id, transaction_id, game_id, purchase_price) VALUES (206, 156, 189, 93.81);
INSERT INTO game_licenses (game_id, user_id, transaction_item_id, status) VALUES (189, 171, 206, 'ACTIVE');
INSERT INTO transaction_items (item_id, transaction_id, game_id, purchase_price) VALUES (207, 156, 133, 737.63);
INSERT INTO game_licenses (game_id, user_id, transaction_item_id, status) VALUES (133, 171, 207, 'ACTIVE');
INSERT INTO transactions (transaction_id, user_id, total_amount, receipt_number) VALUES (157, 175, 1832.23, 'REC-157-SUPER-1780938934');
INSERT INTO transaction_items (item_id, transaction_id, game_id, purchase_price) VALUES (208, 157, 169, 1027.21);
INSERT INTO game_licenses (game_id, user_id, transaction_item_id, status) VALUES (169, 175, 208, 'ACTIVE');
INSERT INTO transaction_items (item_id, transaction_id, game_id, purchase_price) VALUES (209, 157, 106, 805.02);
INSERT INTO game_licenses (game_id, user_id, transaction_item_id, status) VALUES (106, 175, 209, 'ACTIVE');
INSERT INTO transactions (transaction_id, user_id, total_amount, receipt_number) VALUES (158, 175, 1996.76, 'REC-158-SUPER-1780938934');
INSERT INTO transaction_items (item_id, transaction_id, game_id, purchase_price) VALUES (210, 158, 224, 1323.76);
INSERT INTO game_licenses (game_id, user_id, transaction_item_id, status) VALUES (224, 175, 210, 'ACTIVE');
INSERT INTO transaction_items (item_id, transaction_id, game_id, purchase_price) VALUES (211, 158, 137, 673.0);
INSERT INTO game_licenses (game_id, user_id, transaction_item_id, status) VALUES (137, 175, 211, 'ACTIVE');
INSERT INTO transactions (transaction_id, user_id, total_amount, receipt_number) VALUES (159, 175, 242.67, 'REC-159-SUPER-1780938934');
INSERT INTO transaction_items (item_id, transaction_id, game_id, purchase_price) VALUES (212, 159, 247, 242.67);
INSERT INTO game_licenses (game_id, user_id, transaction_item_id, status) VALUES (247, 175, 212, 'ACTIVE');
INSERT INTO transactions (transaction_id, user_id, total_amount, receipt_number) VALUES (160, 176, 935.69, 'REC-160-SUPER-1780938934');
INSERT INTO transaction_items (item_id, transaction_id, game_id, purchase_price) VALUES (213, 160, 168, 935.69);
INSERT INTO game_licenses (game_id, user_id, transaction_item_id, status) VALUES (168, 176, 213, 'ACTIVE');
INSERT INTO transactions (transaction_id, user_id, total_amount, receipt_number) VALUES (161, 176, 2201.8199999999997, 'REC-161-SUPER-1780938934');
INSERT INTO transaction_items (item_id, transaction_id, game_id, purchase_price) VALUES (214, 161, 184, 1282.04);
INSERT INTO game_licenses (game_id, user_id, transaction_item_id, status) VALUES (184, 176, 214, 'ACTIVE');
INSERT INTO transaction_items (item_id, transaction_id, game_id, purchase_price) VALUES (215, 161, 223, 919.78);
INSERT INTO game_licenses (game_id, user_id, transaction_item_id, status) VALUES (223, 176, 215, 'ACTIVE');
INSERT INTO transactions (transaction_id, user_id, total_amount, receipt_number) VALUES (162, 176, 1836.95, 'REC-162-SUPER-1780938934');
INSERT INTO transaction_items (item_id, transaction_id, game_id, purchase_price) VALUES (216, 162, 199, 741.07);
INSERT INTO game_licenses (game_id, user_id, transaction_item_id, status) VALUES (199, 176, 216, 'ACTIVE');
INSERT INTO transaction_items (item_id, transaction_id, game_id, purchase_price) VALUES (217, 162, 181, 917.33);
INSERT INTO game_licenses (game_id, user_id, transaction_item_id, status) VALUES (181, 176, 217, 'ACTIVE');
INSERT INTO transaction_items (item_id, transaction_id, game_id, purchase_price) VALUES (218, 162, 230, 178.55);
INSERT INTO game_licenses (game_id, user_id, transaction_item_id, status) VALUES (230, 176, 218, 'ACTIVE');
INSERT INTO transactions (transaction_id, user_id, total_amount, receipt_number) VALUES (163, 181, 86.19, 'REC-163-SUPER-1780938934');
INSERT INTO transaction_items (item_id, transaction_id, game_id, purchase_price) VALUES (219, 163, 144, 86.19);
INSERT INTO game_licenses (game_id, user_id, transaction_item_id, status) VALUES (144, 181, 219, 'ACTIVE');
INSERT INTO transactions (transaction_id, user_id, total_amount, receipt_number) VALUES (164, 181, 1616.73, 'REC-164-SUPER-1780938934');
INSERT INTO transaction_items (item_id, transaction_id, game_id, purchase_price) VALUES (220, 164, 236, 356.95);
INSERT INTO game_licenses (game_id, user_id, transaction_item_id, status) VALUES (236, 181, 220, 'ACTIVE');
INSERT INTO transaction_items (item_id, transaction_id, game_id, purchase_price) VALUES (221, 164, 111, 260.84);
INSERT INTO game_licenses (game_id, user_id, transaction_item_id, status) VALUES (111, 181, 221, 'ACTIVE');
INSERT INTO transaction_items (item_id, transaction_id, game_id, purchase_price) VALUES (222, 164, 204, 998.94);
INSERT INTO game_licenses (game_id, user_id, transaction_item_id, status) VALUES (204, 181, 222, 'ACTIVE');
INSERT INTO transactions (transaction_id, user_id, total_amount, receipt_number) VALUES (165, 181, 2296.45, 'REC-165-SUPER-1780938934');
INSERT INTO transaction_items (item_id, transaction_id, game_id, purchase_price) VALUES (223, 165, 153, 1003.01);
INSERT INTO game_licenses (game_id, user_id, transaction_item_id, status) VALUES (153, 181, 223, 'ACTIVE');
INSERT INTO transaction_items (item_id, transaction_id, game_id, purchase_price) VALUES (224, 165, 148, 620.44);
INSERT INTO game_licenses (game_id, user_id, transaction_item_id, status) VALUES (148, 181, 224, 'ACTIVE');
INSERT INTO transaction_items (item_id, transaction_id, game_id, purchase_price) VALUES (225, 165, 137, 673.0);
INSERT INTO game_licenses (game_id, user_id, transaction_item_id, status) VALUES (137, 181, 225, 'ACTIVE');
INSERT INTO transactions (transaction_id, user_id, total_amount, receipt_number) VALUES (166, 182, 2098.55, 'REC-166-SUPER-1780938934');
INSERT INTO transaction_items (item_id, transaction_id, game_id, purchase_price) VALUES (226, 166, 181, 917.33);
INSERT INTO game_licenses (game_id, user_id, transaction_item_id, status) VALUES (181, 182, 226, 'ACTIVE');
INSERT INTO transaction_items (item_id, transaction_id, game_id, purchase_price) VALUES (227, 166, 120, 816.32);
INSERT INTO game_licenses (game_id, user_id, transaction_item_id, status) VALUES (120, 182, 227, 'ACTIVE');
INSERT INTO transaction_items (item_id, transaction_id, game_id, purchase_price) VALUES (228, 166, 203, 364.9);
INSERT INTO game_licenses (game_id, user_id, transaction_item_id, status) VALUES (203, 182, 228, 'ACTIVE');
INSERT INTO transactions (transaction_id, user_id, total_amount, receipt_number) VALUES (167, 183, 2166.33, 'REC-167-SUPER-1780938934');
INSERT INTO transaction_items (item_id, transaction_id, game_id, purchase_price) VALUES (229, 167, 216, 1308.81);
INSERT INTO game_licenses (game_id, user_id, transaction_item_id, status) VALUES (216, 183, 229, 'ACTIVE');
INSERT INTO transaction_items (item_id, transaction_id, game_id, purchase_price) VALUES (230, 167, 127, 857.52);
INSERT INTO game_licenses (game_id, user_id, transaction_item_id, status) VALUES (127, 183, 230, 'ACTIVE');
INSERT INTO transactions (transaction_id, user_id, total_amount, receipt_number) VALUES (168, 183, 1334.36, 'REC-168-SUPER-1780938934');
INSERT INTO transaction_items (item_id, transaction_id, game_id, purchase_price) VALUES (231, 168, 186, 1334.36);
INSERT INTO game_licenses (game_id, user_id, transaction_item_id, status) VALUES (186, 183, 231, 'ACTIVE');
INSERT INTO transactions (transaction_id, user_id, total_amount, receipt_number) VALUES (169, 183, 1193.01, 'REC-169-SUPER-1780938934');
INSERT INTO transaction_items (item_id, transaction_id, game_id, purchase_price) VALUES (232, 169, 240, 556.46);
INSERT INTO game_licenses (game_id, user_id, transaction_item_id, status) VALUES (240, 183, 232, 'ACTIVE');
INSERT INTO transaction_items (item_id, transaction_id, game_id, purchase_price) VALUES (233, 169, 210, 478.1);
INSERT INTO game_licenses (game_id, user_id, transaction_item_id, status) VALUES (210, 183, 233, 'ACTIVE');
INSERT INTO transaction_items (item_id, transaction_id, game_id, purchase_price) VALUES (234, 169, 176, 158.45);
INSERT INTO game_licenses (game_id, user_id, transaction_item_id, status) VALUES (176, 183, 234, 'ACTIVE');
INSERT INTO transactions (transaction_id, user_id, total_amount, receipt_number) VALUES (170, 184, 2097.08, 'REC-170-SUPER-1780938934');
INSERT INTO transaction_items (item_id, transaction_id, game_id, purchase_price) VALUES (235, 170, 180, 309.46);
INSERT INTO game_licenses (game_id, user_id, transaction_item_id, status) VALUES (180, 184, 235, 'ACTIVE');
INSERT INTO transaction_items (item_id, transaction_id, game_id, purchase_price) VALUES (236, 170, 242, 1317.98);
INSERT INTO game_licenses (game_id, user_id, transaction_item_id, status) VALUES (242, 184, 236, 'ACTIVE');
INSERT INTO transaction_items (item_id, transaction_id, game_id, purchase_price) VALUES (237, 170, 145, 469.64);
INSERT INTO game_licenses (game_id, user_id, transaction_item_id, status) VALUES (145, 184, 237, 'ACTIVE');
INSERT INTO transactions (transaction_id, user_id, total_amount, receipt_number) VALUES (171, 184, 119.96, 'REC-171-SUPER-1780938934');
INSERT INTO transaction_items (item_id, transaction_id, game_id, purchase_price) VALUES (238, 171, 183, 119.96);
INSERT INTO game_licenses (game_id, user_id, transaction_item_id, status) VALUES (183, 184, 238, 'ACTIVE');
INSERT INTO transactions (transaction_id, user_id, total_amount, receipt_number) VALUES (172, 184, 1573.6, 'REC-172-SUPER-1780938934');
INSERT INTO transaction_items (item_id, transaction_id, game_id, purchase_price) VALUES (239, 172, 219, 403.49);
INSERT INTO game_licenses (game_id, user_id, transaction_item_id, status) VALUES (219, 184, 239, 'ACTIVE');
INSERT INTO transaction_items (item_id, transaction_id, game_id, purchase_price) VALUES (240, 172, 175, 1170.11);
INSERT INTO game_licenses (game_id, user_id, transaction_item_id, status) VALUES (175, 184, 240, 'ACTIVE');
INSERT INTO transactions (transaction_id, user_id, total_amount, receipt_number) VALUES (173, 185, 2414.87, 'REC-173-SUPER-1780938934');
INSERT INTO transaction_items (item_id, transaction_id, game_id, purchase_price) VALUES (241, 173, 116, 176.33);
INSERT INTO game_licenses (game_id, user_id, transaction_item_id, status) VALUES (116, 185, 241, 'ACTIVE');
INSERT INTO transaction_items (item_id, transaction_id, game_id, purchase_price) VALUES (242, 173, 105, 1308.35);
INSERT INTO game_licenses (game_id, user_id, transaction_item_id, status) VALUES (105, 185, 242, 'ACTIVE');
INSERT INTO transaction_items (item_id, transaction_id, game_id, purchase_price) VALUES (243, 173, 231, 930.19);
INSERT INTO game_licenses (game_id, user_id, transaction_item_id, status) VALUES (231, 185, 243, 'ACTIVE');
INSERT INTO transactions (transaction_id, user_id, total_amount, receipt_number) VALUES (174, 185, 1396.23, 'REC-174-SUPER-1780938934');
INSERT INTO transaction_items (item_id, transaction_id, game_id, purchase_price) VALUES (244, 174, 152, 1396.23);
INSERT INTO game_licenses (game_id, user_id, transaction_item_id, status) VALUES (152, 185, 244, 'ACTIVE');
INSERT INTO transactions (transaction_id, user_id, total_amount, receipt_number) VALUES (175, 188, 1079.58, 'REC-175-SUPER-1780938934');
INSERT INTO transaction_items (item_id, transaction_id, game_id, purchase_price) VALUES (245, 175, 217, 1079.58);
INSERT INTO game_licenses (game_id, user_id, transaction_item_id, status) VALUES (217, 188, 245, 'ACTIVE');
INSERT INTO transactions (transaction_id, user_id, total_amount, receipt_number) VALUES (176, 188, 2719.86, 'REC-176-SUPER-1780938934');
INSERT INTO transaction_items (item_id, transaction_id, game_id, purchase_price) VALUES (246, 176, 235, 1404.77);
INSERT INTO game_licenses (game_id, user_id, transaction_item_id, status) VALUES (235, 188, 246, 'ACTIVE');
INSERT INTO transaction_items (item_id, transaction_id, game_id, purchase_price) VALUES (247, 176, 210, 478.1);
INSERT INTO game_licenses (game_id, user_id, transaction_item_id, status) VALUES (210, 188, 247, 'ACTIVE');
INSERT INTO transaction_items (item_id, transaction_id, game_id, purchase_price) VALUES (248, 176, 200, 836.99);
INSERT INTO game_licenses (game_id, user_id, transaction_item_id, status) VALUES (200, 188, 248, 'ACTIVE');
INSERT INTO transactions (transaction_id, user_id, total_amount, receipt_number) VALUES (177, 190, 335.12, 'REC-177-SUPER-1780938934');
INSERT INTO transaction_items (item_id, transaction_id, game_id, purchase_price) VALUES (249, 177, 193, 100.74);
INSERT INTO game_licenses (game_id, user_id, transaction_item_id, status) VALUES (193, 190, 249, 'ACTIVE');
INSERT INTO transaction_items (item_id, transaction_id, game_id, purchase_price) VALUES (250, 177, 190, 234.38);
INSERT INTO game_licenses (game_id, user_id, transaction_item_id, status) VALUES (190, 190, 250, 'ACTIVE');
INSERT INTO transactions (transaction_id, user_id, total_amount, receipt_number) VALUES (178, 190, 1000.46, 'REC-178-SUPER-1780938934');
INSERT INTO transaction_items (item_id, transaction_id, game_id, purchase_price) VALUES (251, 178, 151, 1000.46);
INSERT INTO game_licenses (game_id, user_id, transaction_item_id, status) VALUES (151, 190, 251, 'ACTIVE');
INSERT INTO transactions (transaction_id, user_id, total_amount, receipt_number) VALUES (179, 190, 2105.0, 'REC-179-SUPER-1780938934');
INSERT INTO transaction_items (item_id, transaction_id, game_id, purchase_price) VALUES (252, 179, 231, 930.19);
INSERT INTO game_licenses (game_id, user_id, transaction_item_id, status) VALUES (231, 190, 252, 'ACTIVE');
INSERT INTO transaction_items (item_id, transaction_id, game_id, purchase_price) VALUES (253, 179, 230, 178.55);
INSERT INTO game_licenses (game_id, user_id, transaction_item_id, status) VALUES (230, 190, 253, 'ACTIVE');
INSERT INTO transaction_items (item_id, transaction_id, game_id, purchase_price) VALUES (254, 179, 104, 996.26);
INSERT INTO game_licenses (game_id, user_id, transaction_item_id, status) VALUES (104, 190, 254, 'ACTIVE');
INSERT INTO transactions (transaction_id, user_id, total_amount, receipt_number) VALUES (180, 191, 3139.98, 'REC-180-SUPER-1780938934');
INSERT INTO transaction_items (item_id, transaction_id, game_id, purchase_price) VALUES (255, 180, 106, 805.02);
INSERT INTO game_licenses (game_id, user_id, transaction_item_id, status) VALUES (106, 191, 255, 'ACTIVE');
INSERT INTO transaction_items (item_id, transaction_id, game_id, purchase_price) VALUES (256, 180, 231, 930.19);
INSERT INTO game_licenses (game_id, user_id, transaction_item_id, status) VALUES (231, 191, 256, 'ACTIVE');
INSERT INTO transaction_items (item_id, transaction_id, game_id, purchase_price) VALUES (257, 180, 235, 1404.77);
INSERT INTO game_licenses (game_id, user_id, transaction_item_id, status) VALUES (235, 191, 257, 'ACTIVE');
INSERT INTO transactions (transaction_id, user_id, total_amount, receipt_number) VALUES (181, 191, 1404.77, 'REC-181-SUPER-1780938934');
INSERT INTO transaction_items (item_id, transaction_id, game_id, purchase_price) VALUES (258, 181, 235, 1404.77);
INSERT INTO game_licenses (game_id, user_id, transaction_item_id, status) VALUES (235, 191, 258, 'ACTIVE');
INSERT INTO transactions (transaction_id, user_id, total_amount, receipt_number) VALUES (182, 191, 234.38, 'REC-182-SUPER-1780938934');
INSERT INTO transaction_items (item_id, transaction_id, game_id, purchase_price) VALUES (259, 182, 190, 234.38);
INSERT INTO game_licenses (game_id, user_id, transaction_item_id, status) VALUES (190, 191, 259, 'ACTIVE');
INSERT INTO transactions (transaction_id, user_id, total_amount, receipt_number) VALUES (183, 192, 1332.0, 'REC-183-SUPER-1780938934');
INSERT INTO transaction_items (item_id, transaction_id, game_id, purchase_price) VALUES (260, 183, 215, 542.9);
INSERT INTO game_licenses (game_id, user_id, transaction_item_id, status) VALUES (215, 192, 260, 'ACTIVE');
INSERT INTO transaction_items (item_id, transaction_id, game_id, purchase_price) VALUES (261, 183, 174, 91.05);
INSERT INTO game_licenses (game_id, user_id, transaction_item_id, status) VALUES (174, 192, 261, 'ACTIVE');
INSERT INTO transaction_items (item_id, transaction_id, game_id, purchase_price) VALUES (262, 183, 141, 698.05);
INSERT INTO game_licenses (game_id, user_id, transaction_item_id, status) VALUES (141, 192, 262, 'ACTIVE');
INSERT INTO transactions (transaction_id, user_id, total_amount, receipt_number) VALUES (184, 192, 1336.59, 'REC-184-SUPER-1780938934');
INSERT INTO transaction_items (item_id, transaction_id, game_id, purchase_price) VALUES (263, 184, 227, 1336.59);
INSERT INTO game_licenses (game_id, user_id, transaction_item_id, status) VALUES (227, 192, 263, 'ACTIVE');
INSERT INTO transactions (transaction_id, user_id, total_amount, receipt_number) VALUES (185, 192, 694.58, 'REC-185-SUPER-1780938934');
INSERT INTO transaction_items (item_id, transaction_id, game_id, purchase_price) VALUES (264, 185, 222, 694.58);
INSERT INTO game_licenses (game_id, user_id, transaction_item_id, status) VALUES (222, 192, 264, 'ACTIVE');
INSERT INTO transactions (transaction_id, user_id, total_amount, receipt_number) VALUES (186, 194, 242.67, 'REC-186-SUPER-1780938934');
INSERT INTO transaction_items (item_id, transaction_id, game_id, purchase_price) VALUES (265, 186, 247, 242.67);
INSERT INTO game_licenses (game_id, user_id, transaction_item_id, status) VALUES (247, 194, 265, 'ACTIVE');
INSERT INTO transactions (transaction_id, user_id, total_amount, receipt_number) VALUES (187, 194, 86.19, 'REC-187-SUPER-1780938934');
INSERT INTO transaction_items (item_id, transaction_id, game_id, purchase_price) VALUES (266, 187, 144, 86.19);
INSERT INTO game_licenses (game_id, user_id, transaction_item_id, status) VALUES (144, 194, 266, 'ACTIVE');
INSERT INTO transactions (transaction_id, user_id, total_amount, receipt_number) VALUES (188, 199, 805.4300000000001, 'REC-188-SUPER-1780938934');
INSERT INTO transaction_items (item_id, transaction_id, game_id, purchase_price) VALUES (267, 188, 113, 253.95);
INSERT INTO game_licenses (game_id, user_id, transaction_item_id, status) VALUES (113, 199, 267, 'ACTIVE');
INSERT INTO transaction_items (item_id, transaction_id, game_id, purchase_price) VALUES (268, 188, 110, 551.48);
INSERT INTO game_licenses (game_id, user_id, transaction_item_id, status) VALUES (110, 199, 268, 'ACTIVE');
INSERT INTO transactions (transaction_id, user_id, total_amount, receipt_number) VALUES (189, 199, 1650.58, 'REC-189-SUPER-1780938934');
INSERT INTO transaction_items (item_id, transaction_id, game_id, purchase_price) VALUES (269, 189, 243, 1180.94);
INSERT INTO game_licenses (game_id, user_id, transaction_item_id, status) VALUES (243, 199, 269, 'ACTIVE');
INSERT INTO transaction_items (item_id, transaction_id, game_id, purchase_price) VALUES (270, 189, 145, 469.64);
INSERT INTO game_licenses (game_id, user_id, transaction_item_id, status) VALUES (145, 199, 270, 'ACTIVE');
INSERT INTO transactions (transaction_id, user_id, total_amount, receipt_number) VALUES (190, 199, 833.4200000000001, 'REC-190-SUPER-1780938934');
INSERT INTO transaction_items (item_id, transaction_id, game_id, purchase_price) VALUES (271, 190, 202, 402.67);
INSERT INTO game_licenses (game_id, user_id, transaction_item_id, status) VALUES (202, 199, 271, 'ACTIVE');
INSERT INTO transaction_items (item_id, transaction_id, game_id, purchase_price) VALUES (272, 190, 220, 430.75);
INSERT INTO game_licenses (game_id, user_id, transaction_item_id, status) VALUES (220, 199, 272, 'ACTIVE');
INSERT INTO transactions (transaction_id, user_id, total_amount, receipt_number) VALUES (191, 200, 1054.27, 'REC-191-SUPER-1780938934');
INSERT INTO transaction_items (item_id, transaction_id, game_id, purchase_price) VALUES (273, 191, 238, 645.92);
INSERT INTO game_licenses (game_id, user_id, transaction_item_id, status) VALUES (238, 200, 273, 'ACTIVE');
INSERT INTO transaction_items (item_id, transaction_id, game_id, purchase_price) VALUES (274, 191, 191, 408.35);
INSERT INTO game_licenses (game_id, user_id, transaction_item_id, status) VALUES (191, 200, 274, 'ACTIVE');
INSERT INTO transactions (transaction_id, user_id, total_amount, receipt_number) VALUES (192, 200, 91.05, 'REC-192-SUPER-1780938934');
INSERT INTO transaction_items (item_id, transaction_id, game_id, purchase_price) VALUES (275, 192, 174, 91.05);
INSERT INTO game_licenses (game_id, user_id, transaction_item_id, status) VALUES (174, 200, 275, 'ACTIVE');
INSERT INTO transactions (transaction_id, user_id, total_amount, receipt_number) VALUES (193, 200, 1506.4, 'REC-193-SUPER-1780938934');
INSERT INTO transaction_items (item_id, transaction_id, game_id, purchase_price) VALUES (276, 193, 224, 1323.76);
INSERT INTO game_licenses (game_id, user_id, transaction_item_id, status) VALUES (224, 200, 276, 'ACTIVE');
INSERT INTO transaction_items (item_id, transaction_id, game_id, purchase_price) VALUES (277, 193, 201, 182.64);
INSERT INTO game_licenses (game_id, user_id, transaction_item_id, status) VALUES (201, 200, 277, 'ACTIVE');
INSERT INTO transactions (transaction_id, user_id, total_amount, receipt_number) VALUES (194, 201, 728.23, 'REC-194-SUPER-1780938934');
INSERT INTO transaction_items (item_id, transaction_id, game_id, purchase_price) VALUES (278, 194, 198, 728.23);
INSERT INTO game_licenses (game_id, user_id, transaction_item_id, status) VALUES (198, 201, 278, 'ACTIVE');
INSERT INTO transactions (transaction_id, user_id, total_amount, receipt_number) VALUES (195, 201, 1027.21, 'REC-195-SUPER-1780938934');
INSERT INTO transaction_items (item_id, transaction_id, game_id, purchase_price) VALUES (279, 195, 169, 1027.21);
INSERT INTO game_licenses (game_id, user_id, transaction_item_id, status) VALUES (169, 201, 279, 'ACTIVE');
INSERT INTO transactions (transaction_id, user_id, total_amount, receipt_number) VALUES (196, 201, 1336.59, 'REC-196-SUPER-1780938934');
INSERT INTO transaction_items (item_id, transaction_id, game_id, purchase_price) VALUES (280, 196, 227, 1336.59);
INSERT INTO game_licenses (game_id, user_id, transaction_item_id, status) VALUES (227, 201, 280, 'ACTIVE');
INSERT INTO transactions (transaction_id, user_id, total_amount, receipt_number) VALUES (197, 203, 119.96, 'REC-197-SUPER-1780938934');
INSERT INTO transaction_items (item_id, transaction_id, game_id, purchase_price) VALUES (281, 197, 183, 119.96);
INSERT INTO game_licenses (game_id, user_id, transaction_item_id, status) VALUES (183, 203, 281, 'ACTIVE');
INSERT INTO transactions (transaction_id, user_id, total_amount, receipt_number) VALUES (198, 203, 260.84, 'REC-198-SUPER-1780938934');
INSERT INTO transaction_items (item_id, transaction_id, game_id, purchase_price) VALUES (282, 198, 111, 260.84);
INSERT INTO game_licenses (game_id, user_id, transaction_item_id, status) VALUES (111, 203, 282, 'ACTIVE');
INSERT INTO transactions (transaction_id, user_id, total_amount, receipt_number) VALUES (199, 203, 2494.54, 'REC-199-SUPER-1780938934');
INSERT INTO transaction_items (item_id, transaction_id, game_id, purchase_price) VALUES (283, 199, 164, 381.17);
INSERT INTO game_licenses (game_id, user_id, transaction_item_id, status) VALUES (164, 203, 283, 'ACTIVE');
INSERT INTO transaction_items (item_id, transaction_id, game_id, purchase_price) VALUES (284, 199, 105, 1308.35);
INSERT INTO game_licenses (game_id, user_id, transaction_item_id, status) VALUES (105, 203, 284, 'ACTIVE');
INSERT INTO transaction_items (item_id, transaction_id, game_id, purchase_price) VALUES (285, 199, 106, 805.02);
INSERT INTO game_licenses (game_id, user_id, transaction_item_id, status) VALUES (106, 203, 285, 'ACTIVE');
INSERT INTO transactions (transaction_id, user_id, total_amount, receipt_number) VALUES (200, 206, 2620.54, 'REC-200-SUPER-1780938934');
INSERT INTO transaction_items (item_id, transaction_id, game_id, purchase_price) VALUES (286, 200, 249, 1417.11);
INSERT INTO game_licenses (game_id, user_id, transaction_item_id, status) VALUES (249, 206, 286, 'ACTIVE');
INSERT INTO transaction_items (item_id, transaction_id, game_id, purchase_price) VALUES (287, 200, 139, 1203.43);
INSERT INTO game_licenses (game_id, user_id, transaction_item_id, status) VALUES (139, 206, 287, 'ACTIVE');
INSERT INTO transactions (transaction_id, user_id, total_amount, receipt_number) VALUES (201, 210, 820.42, 'REC-201-SUPER-1780938934');
INSERT INTO transaction_items (item_id, transaction_id, game_id, purchase_price) VALUES (288, 201, 172, 820.42);
INSERT INTO game_licenses (game_id, user_id, transaction_item_id, status) VALUES (172, 210, 288, 'ACTIVE');
INSERT INTO transactions (transaction_id, user_id, total_amount, receipt_number) VALUES (202, 210, 3023.54, 'REC-202-SUPER-1780938934');
INSERT INTO transaction_items (item_id, transaction_id, game_id, purchase_price) VALUES (289, 202, 115, 1317.38);
INSERT INTO game_licenses (game_id, user_id, transaction_item_id, status) VALUES (115, 210, 289, 'ACTIVE');
INSERT INTO transaction_items (item_id, transaction_id, game_id, purchase_price) VALUES (290, 202, 112, 314.29);
INSERT INTO game_licenses (game_id, user_id, transaction_item_id, status) VALUES (112, 210, 290, 'ACTIVE');
INSERT INTO transaction_items (item_id, transaction_id, game_id, purchase_price) VALUES (291, 202, 218, 1391.87);
INSERT INTO game_licenses (game_id, user_id, transaction_item_id, status) VALUES (218, 210, 291, 'ACTIVE');
INSERT INTO transactions (transaction_id, user_id, total_amount, receipt_number) VALUES (203, 210, 3277.29, 'REC-203-SUPER-1780938934');
INSERT INTO transaction_items (item_id, transaction_id, game_id, purchase_price) VALUES (292, 203, 126, 1115.18);
INSERT INTO game_licenses (game_id, user_id, transaction_item_id, status) VALUES (126, 210, 292, 'ACTIVE');
INSERT INTO transaction_items (item_id, transaction_id, game_id, purchase_price) VALUES (293, 203, 173, 1163.17);
INSERT INTO game_licenses (game_id, user_id, transaction_item_id, status) VALUES (173, 210, 293, 'ACTIVE');
INSERT INTO transaction_items (item_id, transaction_id, game_id, purchase_price) VALUES (294, 203, 204, 998.94);
INSERT INTO game_licenses (game_id, user_id, transaction_item_id, status) VALUES (204, 210, 294, 'ACTIVE');
INSERT INTO transactions (transaction_id, user_id, total_amount, receipt_number) VALUES (204, 213, 488.08, 'REC-204-SUPER-1780938934');
INSERT INTO transaction_items (item_id, transaction_id, game_id, purchase_price) VALUES (295, 204, 162, 488.08);
INSERT INTO game_licenses (game_id, user_id, transaction_item_id, status) VALUES (162, 213, 295, 'ACTIVE');
INSERT INTO transactions (transaction_id, user_id, total_amount, receipt_number) VALUES (205, 213, 1969.15, 'REC-205-SUPER-1780938934');
INSERT INTO transaction_items (item_id, transaction_id, game_id, purchase_price) VALUES (296, 205, 232, 766.77);
INSERT INTO game_licenses (game_id, user_id, transaction_item_id, status) VALUES (232, 213, 296, 'ACTIVE');
INSERT INTO transaction_items (item_id, transaction_id, game_id, purchase_price) VALUES (297, 205, 240, 556.46);
INSERT INTO game_licenses (game_id, user_id, transaction_item_id, status) VALUES (240, 213, 297, 'ACTIVE');
INSERT INTO transaction_items (item_id, transaction_id, game_id, purchase_price) VALUES (298, 205, 238, 645.92);
INSERT INTO game_licenses (game_id, user_id, transaction_item_id, status) VALUES (238, 213, 298, 'ACTIVE');
INSERT INTO transactions (transaction_id, user_id, total_amount, receipt_number) VALUES (206, 213, 1578.0900000000001, 'REC-206-SUPER-1780938934');
INSERT INTO transaction_items (item_id, transaction_id, game_id, purchase_price) VALUES (299, 206, 199, 741.07);
INSERT INTO game_licenses (game_id, user_id, transaction_item_id, status) VALUES (199, 213, 299, 'ACTIVE');
INSERT INTO transaction_items (item_id, transaction_id, game_id, purchase_price) VALUES (300, 206, 233, 837.02);
INSERT INTO game_licenses (game_id, user_id, transaction_item_id, status) VALUES (233, 213, 300, 'ACTIVE');
INSERT INTO transactions (transaction_id, user_id, total_amount, receipt_number) VALUES (207, 216, 1334.36, 'REC-207-SUPER-1780938934');
INSERT INTO transaction_items (item_id, transaction_id, game_id, purchase_price) VALUES (301, 207, 186, 1334.36);
INSERT INTO game_licenses (game_id, user_id, transaction_item_id, status) VALUES (186, 216, 301, 'ACTIVE');
INSERT INTO transactions (transaction_id, user_id, total_amount, receipt_number) VALUES (208, 216, 1138.02, 'REC-208-SUPER-1780938934');
INSERT INTO transaction_items (item_id, transaction_id, game_id, purchase_price) VALUES (302, 208, 180, 309.46);
INSERT INTO game_licenses (game_id, user_id, transaction_item_id, status) VALUES (180, 216, 302, 'ACTIVE');
INSERT INTO transaction_items (item_id, transaction_id, game_id, purchase_price) VALUES (303, 208, 201, 182.64);
INSERT INTO game_licenses (game_id, user_id, transaction_item_id, status) VALUES (201, 216, 303, 'ACTIVE');
INSERT INTO transaction_items (item_id, transaction_id, game_id, purchase_price) VALUES (304, 208, 238, 645.92);
INSERT INTO game_licenses (game_id, user_id, transaction_item_id, status) VALUES (238, 216, 304, 'ACTIVE');
INSERT INTO transactions (transaction_id, user_id, total_amount, receipt_number) VALUES (209, 217, 2075.59, 'REC-209-SUPER-1780938934');
INSERT INTO transaction_items (item_id, transaction_id, game_id, purchase_price) VALUES (305, 209, 244, 1139.9);
INSERT INTO game_licenses (game_id, user_id, transaction_item_id, status) VALUES (244, 217, 305, 'ACTIVE');
INSERT INTO transaction_items (item_id, transaction_id, game_id, purchase_price) VALUES (306, 209, 168, 935.69);
INSERT INTO game_licenses (game_id, user_id, transaction_item_id, status) VALUES (168, 217, 306, 'ACTIVE');
INSERT INTO transactions (transaction_id, user_id, total_amount, receipt_number) VALUES (210, 218, 2700.22, 'REC-210-SUPER-1780938934');
INSERT INTO transaction_items (item_id, transaction_id, game_id, purchase_price) VALUES (307, 210, 105, 1308.35);
INSERT INTO game_licenses (game_id, user_id, transaction_item_id, status) VALUES (105, 218, 307, 'ACTIVE');
INSERT INTO transaction_items (item_id, transaction_id, game_id, purchase_price) VALUES (308, 210, 218, 1391.87);
INSERT INTO game_licenses (game_id, user_id, transaction_item_id, status) VALUES (218, 218, 308, 'ACTIVE');
INSERT INTO transactions (transaction_id, user_id, total_amount, receipt_number) VALUES (211, 218, 3167.7799999999997, 'REC-211-SUPER-1780938934');
INSERT INTO transaction_items (item_id, transaction_id, game_id, purchase_price) VALUES (309, 211, 147, 1245.59);
INSERT INTO game_licenses (game_id, user_id, transaction_item_id, status) VALUES (147, 218, 309, 'ACTIVE');
INSERT INTO transaction_items (item_id, transaction_id, game_id, purchase_price) VALUES (310, 211, 154, 1431.18);
INSERT INTO game_licenses (game_id, user_id, transaction_item_id, status) VALUES (154, 218, 310, 'ACTIVE');
INSERT INTO transaction_items (item_id, transaction_id, game_id, purchase_price) VALUES (311, 211, 187, 491.01);
INSERT INTO game_licenses (game_id, user_id, transaction_item_id, status) VALUES (187, 218, 311, 'ACTIVE');
INSERT INTO transactions (transaction_id, user_id, total_amount, receipt_number) VALUES (212, 218, 1576.19, 'REC-212-SUPER-1780938934');
INSERT INTO transaction_items (item_id, transaction_id, game_id, purchase_price) VALUES (312, 212, 131, 268.3);
INSERT INTO game_licenses (game_id, user_id, transaction_item_id, status) VALUES (131, 218, 312, 'ACTIVE');
INSERT INTO transaction_items (item_id, transaction_id, game_id, purchase_price) VALUES (313, 212, 118, 1307.89);
INSERT INTO game_licenses (game_id, user_id, transaction_item_id, status) VALUES (118, 218, 313, 'ACTIVE');
INSERT INTO transactions (transaction_id, user_id, total_amount, receipt_number) VALUES (213, 219, 1570.9699999999998, 'REC-213-SUPER-1780938934');
INSERT INTO transaction_items (item_id, transaction_id, game_id, purchase_price) VALUES (314, 213, 190, 234.38);
INSERT INTO game_licenses (game_id, user_id, transaction_item_id, status) VALUES (190, 219, 314, 'ACTIVE');
INSERT INTO transaction_items (item_id, transaction_id, game_id, purchase_price) VALUES (315, 213, 227, 1336.59);
INSERT INTO game_licenses (game_id, user_id, transaction_item_id, status) VALUES (227, 219, 315, 'ACTIVE');
INSERT INTO transactions (transaction_id, user_id, total_amount, receipt_number) VALUES (214, 219, 1891.02, 'REC-214-SUPER-1780938934');
INSERT INTO transaction_items (item_id, transaction_id, game_id, purchase_price) VALUES (316, 214, 208, 163.8);
INSERT INTO game_licenses (game_id, user_id, transaction_item_id, status) VALUES (208, 219, 316, 'ACTIVE');
INSERT INTO transaction_items (item_id, transaction_id, game_id, purchase_price) VALUES (317, 214, 192, 409.84);
INSERT INTO game_licenses (game_id, user_id, transaction_item_id, status) VALUES (192, 219, 317, 'ACTIVE');
INSERT INTO transaction_items (item_id, transaction_id, game_id, purchase_price) VALUES (318, 214, 115, 1317.38);
INSERT INTO game_licenses (game_id, user_id, transaction_item_id, status) VALUES (115, 219, 318, 'ACTIVE');
INSERT INTO shopping_carts (user_id, game_id) VALUES (104, 224);
INSERT INTO shopping_carts (user_id, game_id) VALUES (104, 219);
INSERT INTO wish_lists (user_id, game_id) VALUES (105, 103) ON CONFLICT DO NOTHING;
INSERT INTO wish_lists (user_id, game_id) VALUES (105, 246) ON CONFLICT DO NOTHING;
INSERT INTO wish_lists (user_id, game_id) VALUES (105, 150) ON CONFLICT DO NOTHING;
INSERT INTO wish_lists (user_id, game_id) VALUES (105, 192) ON CONFLICT DO NOTHING;
INSERT INTO wish_lists (user_id, game_id) VALUES (105, 143) ON CONFLICT DO NOTHING;
INSERT INTO wish_lists (user_id, game_id) VALUES (105, 211) ON CONFLICT DO NOTHING;
INSERT INTO wish_lists (user_id, game_id) VALUES (105, 224) ON CONFLICT DO NOTHING;
INSERT INTO wish_lists (user_id, game_id) VALUES (105, 182) ON CONFLICT DO NOTHING;
INSERT INTO shopping_carts (user_id, game_id) VALUES (106, 181);
INSERT INTO shopping_carts (user_id, game_id) VALUES (106, 210);
INSERT INTO shopping_carts (user_id, game_id) VALUES (106, 192);
INSERT INTO shopping_carts (user_id, game_id) VALUES (106, 144);
INSERT INTO wish_lists (user_id, game_id) VALUES (106, 152) ON CONFLICT DO NOTHING;
INSERT INTO wish_lists (user_id, game_id) VALUES (106, 231) ON CONFLICT DO NOTHING;
INSERT INTO wish_lists (user_id, game_id) VALUES (106, 209) ON CONFLICT DO NOTHING;
INSERT INTO wish_lists (user_id, game_id) VALUES (106, 224) ON CONFLICT DO NOTHING;
INSERT INTO wish_lists (user_id, game_id) VALUES (106, 128) ON CONFLICT DO NOTHING;
INSERT INTO wish_lists (user_id, game_id) VALUES (106, 201) ON CONFLICT DO NOTHING;
INSERT INTO wish_lists (user_id, game_id) VALUES (106, 112) ON CONFLICT DO NOTHING;
INSERT INTO wish_lists (user_id, game_id) VALUES (106, 179) ON CONFLICT DO NOTHING;
INSERT INTO shopping_carts (user_id, game_id) VALUES (110, 238);
INSERT INTO shopping_carts (user_id, game_id) VALUES (110, 101);
INSERT INTO shopping_carts (user_id, game_id) VALUES (110, 217);
INSERT INTO wish_lists (user_id, game_id) VALUES (110, 245) ON CONFLICT DO NOTHING;
INSERT INTO wish_lists (user_id, game_id) VALUES (110, 198) ON CONFLICT DO NOTHING;
INSERT INTO wish_lists (user_id, game_id) VALUES (110, 172) ON CONFLICT DO NOTHING;
INSERT INTO wish_lists (user_id, game_id) VALUES (110, 227) ON CONFLICT DO NOTHING;
INSERT INTO shopping_carts (user_id, game_id) VALUES (112, 187);
INSERT INTO shopping_carts (user_id, game_id) VALUES (112, 212);
INSERT INTO wish_lists (user_id, game_id) VALUES (112, 141) ON CONFLICT DO NOTHING;
INSERT INTO wish_lists (user_id, game_id) VALUES (112, 196) ON CONFLICT DO NOTHING;
INSERT INTO wish_lists (user_id, game_id) VALUES (112, 128) ON CONFLICT DO NOTHING;
INSERT INTO wish_lists (user_id, game_id) VALUES (112, 155) ON CONFLICT DO NOTHING;
INSERT INTO shopping_carts (user_id, game_id) VALUES (114, 225);
INSERT INTO shopping_carts (user_id, game_id) VALUES (114, 118);
INSERT INTO wish_lists (user_id, game_id) VALUES (114, 138) ON CONFLICT DO NOTHING;
INSERT INTO wish_lists (user_id, game_id) VALUES (114, 233) ON CONFLICT DO NOTHING;
INSERT INTO wish_lists (user_id, game_id) VALUES (114, 216) ON CONFLICT DO NOTHING;
INSERT INTO wish_lists (user_id, game_id) VALUES (114, 143) ON CONFLICT DO NOTHING;
INSERT INTO wish_lists (user_id, game_id) VALUES (114, 225) ON CONFLICT DO NOTHING;
INSERT INTO wish_lists (user_id, game_id) VALUES (114, 118) ON CONFLICT DO NOTHING;
INSERT INTO wish_lists (user_id, game_id) VALUES (114, 238) ON CONFLICT DO NOTHING;
INSERT INTO wish_lists (user_id, game_id) VALUES (114, 210) ON CONFLICT DO NOTHING;
INSERT INTO shopping_carts (user_id, game_id) VALUES (115, 116);
INSERT INTO wish_lists (user_id, game_id) VALUES (115, 196) ON CONFLICT DO NOTHING;
INSERT INTO wish_lists (user_id, game_id) VALUES (115, 162) ON CONFLICT DO NOTHING;
INSERT INTO wish_lists (user_id, game_id) VALUES (115, 194) ON CONFLICT DO NOTHING;
INSERT INTO wish_lists (user_id, game_id) VALUES (115, 180) ON CONFLICT DO NOTHING;
INSERT INTO wish_lists (user_id, game_id) VALUES (115, 240) ON CONFLICT DO NOTHING;
INSERT INTO wish_lists (user_id, game_id) VALUES (115, 115) ON CONFLICT DO NOTHING;
INSERT INTO wish_lists (user_id, game_id) VALUES (115, 169) ON CONFLICT DO NOTHING;
INSERT INTO wish_lists (user_id, game_id) VALUES (115, 206) ON CONFLICT DO NOTHING;
INSERT INTO shopping_carts (user_id, game_id) VALUES (116, 153);
INSERT INTO shopping_carts (user_id, game_id) VALUES (116, 151);
INSERT INTO shopping_carts (user_id, game_id) VALUES (116, 118);
INSERT INTO wish_lists (user_id, game_id) VALUES (116, 110) ON CONFLICT DO NOTHING;
INSERT INTO shopping_carts (user_id, game_id) VALUES (117, 152);
INSERT INTO shopping_carts (user_id, game_id) VALUES (117, 235);
INSERT INTO shopping_carts (user_id, game_id) VALUES (117, 228);
INSERT INTO wish_lists (user_id, game_id) VALUES (117, 249) ON CONFLICT DO NOTHING;
INSERT INTO wish_lists (user_id, game_id) VALUES (117, 165) ON CONFLICT DO NOTHING;
INSERT INTO wish_lists (user_id, game_id) VALUES (117, 181) ON CONFLICT DO NOTHING;
INSERT INTO wish_lists (user_id, game_id) VALUES (117, 224) ON CONFLICT DO NOTHING;
INSERT INTO wish_lists (user_id, game_id) VALUES (117, 177) ON CONFLICT DO NOTHING;
INSERT INTO wish_lists (user_id, game_id) VALUES (117, 116) ON CONFLICT DO NOTHING;
INSERT INTO shopping_carts (user_id, game_id) VALUES (118, 161);
INSERT INTO wish_lists (user_id, game_id) VALUES (118, 232) ON CONFLICT DO NOTHING;
INSERT INTO wish_lists (user_id, game_id) VALUES (118, 170) ON CONFLICT DO NOTHING;
INSERT INTO shopping_carts (user_id, game_id) VALUES (120, 137);
INSERT INTO shopping_carts (user_id, game_id) VALUES (120, 108);
INSERT INTO shopping_carts (user_id, game_id) VALUES (120, 230);
INSERT INTO shopping_carts (user_id, game_id) VALUES (120, 234);
INSERT INTO shopping_carts (user_id, game_id) VALUES (120, 173);
INSERT INTO wish_lists (user_id, game_id) VALUES (120, 218) ON CONFLICT DO NOTHING;
INSERT INTO wish_lists (user_id, game_id) VALUES (120, 250) ON CONFLICT DO NOTHING;
INSERT INTO wish_lists (user_id, game_id) VALUES (120, 162) ON CONFLICT DO NOTHING;
INSERT INTO wish_lists (user_id, game_id) VALUES (120, 103) ON CONFLICT DO NOTHING;
INSERT INTO wish_lists (user_id, game_id) VALUES (120, 242) ON CONFLICT DO NOTHING;
INSERT INTO shopping_carts (user_id, game_id) VALUES (121, 187);
INSERT INTO shopping_carts (user_id, game_id) VALUES (121, 190);
INSERT INTO shopping_carts (user_id, game_id) VALUES (121, 113);
INSERT INTO shopping_carts (user_id, game_id) VALUES (121, 129);
INSERT INTO wish_lists (user_id, game_id) VALUES (121, 146) ON CONFLICT DO NOTHING;
INSERT INTO wish_lists (user_id, game_id) VALUES (121, 121) ON CONFLICT DO NOTHING;
INSERT INTO wish_lists (user_id, game_id) VALUES (121, 102) ON CONFLICT DO NOTHING;
INSERT INTO wish_lists (user_id, game_id) VALUES (121, 240) ON CONFLICT DO NOTHING;
INSERT INTO wish_lists (user_id, game_id) VALUES (121, 126) ON CONFLICT DO NOTHING;
INSERT INTO wish_lists (user_id, game_id) VALUES (121, 208) ON CONFLICT DO NOTHING;
INSERT INTO wish_lists (user_id, game_id) VALUES (121, 152) ON CONFLICT DO NOTHING;
INSERT INTO shopping_carts (user_id, game_id) VALUES (123, 179);
INSERT INTO wish_lists (user_id, game_id) VALUES (123, 145) ON CONFLICT DO NOTHING;
INSERT INTO wish_lists (user_id, game_id) VALUES (123, 169) ON CONFLICT DO NOTHING;
INSERT INTO wish_lists (user_id, game_id) VALUES (123, 112) ON CONFLICT DO NOTHING;
INSERT INTO shopping_carts (user_id, game_id) VALUES (124, 200);
INSERT INTO wish_lists (user_id, game_id) VALUES (124, 181) ON CONFLICT DO NOTHING;
INSERT INTO wish_lists (user_id, game_id) VALUES (124, 125) ON CONFLICT DO NOTHING;
INSERT INTO wish_lists (user_id, game_id) VALUES (124, 142) ON CONFLICT DO NOTHING;
INSERT INTO wish_lists (user_id, game_id) VALUES (124, 235) ON CONFLICT DO NOTHING;
INSERT INTO wish_lists (user_id, game_id) VALUES (124, 143) ON CONFLICT DO NOTHING;
INSERT INTO wish_lists (user_id, game_id) VALUES (124, 115) ON CONFLICT DO NOTHING;
INSERT INTO wish_lists (user_id, game_id) VALUES (124, 167) ON CONFLICT DO NOTHING;
INSERT INTO shopping_carts (user_id, game_id) VALUES (125, 221);
INSERT INTO shopping_carts (user_id, game_id) VALUES (129, 240);
INSERT INTO wish_lists (user_id, game_id) VALUES (129, 209) ON CONFLICT DO NOTHING;
INSERT INTO wish_lists (user_id, game_id) VALUES (129, 247) ON CONFLICT DO NOTHING;
INSERT INTO wish_lists (user_id, game_id) VALUES (129, 128) ON CONFLICT DO NOTHING;
INSERT INTO wish_lists (user_id, game_id) VALUES (129, 126) ON CONFLICT DO NOTHING;
INSERT INTO wish_lists (user_id, game_id) VALUES (129, 246) ON CONFLICT DO NOTHING;
INSERT INTO wish_lists (user_id, game_id) VALUES (129, 115) ON CONFLICT DO NOTHING;
INSERT INTO shopping_carts (user_id, game_id) VALUES (130, 247);
INSERT INTO shopping_carts (user_id, game_id) VALUES (130, 237);
INSERT INTO shopping_carts (user_id, game_id) VALUES (130, 213);
INSERT INTO wish_lists (user_id, game_id) VALUES (130, 120) ON CONFLICT DO NOTHING;
INSERT INTO wish_lists (user_id, game_id) VALUES (130, 131) ON CONFLICT DO NOTHING;
INSERT INTO wish_lists (user_id, game_id) VALUES (130, 157) ON CONFLICT DO NOTHING;
INSERT INTO wish_lists (user_id, game_id) VALUES (130, 155) ON CONFLICT DO NOTHING;
INSERT INTO wish_lists (user_id, game_id) VALUES (130, 112) ON CONFLICT DO NOTHING;
INSERT INTO shopping_carts (user_id, game_id) VALUES (132, 231);
INSERT INTO wish_lists (user_id, game_id) VALUES (132, 215) ON CONFLICT DO NOTHING;
INSERT INTO wish_lists (user_id, game_id) VALUES (132, 179) ON CONFLICT DO NOTHING;
INSERT INTO wish_lists (user_id, game_id) VALUES (132, 177) ON CONFLICT DO NOTHING;
INSERT INTO wish_lists (user_id, game_id) VALUES (132, 165) ON CONFLICT DO NOTHING;
INSERT INTO wish_lists (user_id, game_id) VALUES (132, 200) ON CONFLICT DO NOTHING;
INSERT INTO wish_lists (user_id, game_id) VALUES (132, 239) ON CONFLICT DO NOTHING;
INSERT INTO shopping_carts (user_id, game_id) VALUES (133, 156);
INSERT INTO shopping_carts (user_id, game_id) VALUES (133, 194);
INSERT INTO shopping_carts (user_id, game_id) VALUES (133, 218);
INSERT INTO wish_lists (user_id, game_id) VALUES (133, 189) ON CONFLICT DO NOTHING;
INSERT INTO wish_lists (user_id, game_id) VALUES (133, 184) ON CONFLICT DO NOTHING;
INSERT INTO wish_lists (user_id, game_id) VALUES (133, 168) ON CONFLICT DO NOTHING;
INSERT INTO shopping_carts (user_id, game_id) VALUES (141, 233);
INSERT INTO wish_lists (user_id, game_id) VALUES (141, 249) ON CONFLICT DO NOTHING;
INSERT INTO shopping_carts (user_id, game_id) VALUES (142, 216);
INSERT INTO wish_lists (user_id, game_id) VALUES (142, 106) ON CONFLICT DO NOTHING;
INSERT INTO wish_lists (user_id, game_id) VALUES (142, 223) ON CONFLICT DO NOTHING;
INSERT INTO wish_lists (user_id, game_id) VALUES (142, 180) ON CONFLICT DO NOTHING;
INSERT INTO wish_lists (user_id, game_id) VALUES (142, 172) ON CONFLICT DO NOTHING;
INSERT INTO wish_lists (user_id, game_id) VALUES (142, 175) ON CONFLICT DO NOTHING;
INSERT INTO shopping_carts (user_id, game_id) VALUES (144, 168);
INSERT INTO wish_lists (user_id, game_id) VALUES (144, 147) ON CONFLICT DO NOTHING;
INSERT INTO wish_lists (user_id, game_id) VALUES (144, 184) ON CONFLICT DO NOTHING;
INSERT INTO wish_lists (user_id, game_id) VALUES (144, 206) ON CONFLICT DO NOTHING;
INSERT INTO wish_lists (user_id, game_id) VALUES (144, 227) ON CONFLICT DO NOTHING;
INSERT INTO shopping_carts (user_id, game_id) VALUES (145, 168);
INSERT INTO shopping_carts (user_id, game_id) VALUES (145, 159);
INSERT INTO wish_lists (user_id, game_id) VALUES (145, 229) ON CONFLICT DO NOTHING;
INSERT INTO wish_lists (user_id, game_id) VALUES (145, 224) ON CONFLICT DO NOTHING;
INSERT INTO wish_lists (user_id, game_id) VALUES (145, 127) ON CONFLICT DO NOTHING;
INSERT INTO wish_lists (user_id, game_id) VALUES (145, 118) ON CONFLICT DO NOTHING;
INSERT INTO wish_lists (user_id, game_id) VALUES (147, 242) ON CONFLICT DO NOTHING;
INSERT INTO shopping_carts (user_id, game_id) VALUES (148, 120);
INSERT INTO shopping_carts (user_id, game_id) VALUES (148, 163);
INSERT INTO shopping_carts (user_id, game_id) VALUES (148, 237);
INSERT INTO shopping_carts (user_id, game_id) VALUES (148, 216);
INSERT INTO shopping_carts (user_id, game_id) VALUES (148, 217);
INSERT INTO wish_lists (user_id, game_id) VALUES (150, 246) ON CONFLICT DO NOTHING;
INSERT INTO wish_lists (user_id, game_id) VALUES (150, 123) ON CONFLICT DO NOTHING;
INSERT INTO wish_lists (user_id, game_id) VALUES (150, 169) ON CONFLICT DO NOTHING;
INSERT INTO wish_lists (user_id, game_id) VALUES (150, 212) ON CONFLICT DO NOTHING;
INSERT INTO wish_lists (user_id, game_id) VALUES (150, 170) ON CONFLICT DO NOTHING;
INSERT INTO wish_lists (user_id, game_id) VALUES (150, 190) ON CONFLICT DO NOTHING;
INSERT INTO wish_lists (user_id, game_id) VALUES (150, 113) ON CONFLICT DO NOTHING;
INSERT INTO wish_lists (user_id, game_id) VALUES (150, 198) ON CONFLICT DO NOTHING;
INSERT INTO shopping_carts (user_id, game_id) VALUES (151, 213);
INSERT INTO shopping_carts (user_id, game_id) VALUES (151, 169);
INSERT INTO wish_lists (user_id, game_id) VALUES (151, 224) ON CONFLICT DO NOTHING;
INSERT INTO wish_lists (user_id, game_id) VALUES (151, 248) ON CONFLICT DO NOTHING;
INSERT INTO wish_lists (user_id, game_id) VALUES (151, 166) ON CONFLICT DO NOTHING;
INSERT INTO wish_lists (user_id, game_id) VALUES (151, 223) ON CONFLICT DO NOTHING;
INSERT INTO shopping_carts (user_id, game_id) VALUES (152, 227);
INSERT INTO shopping_carts (user_id, game_id) VALUES (152, 220);
INSERT INTO shopping_carts (user_id, game_id) VALUES (152, 208);
INSERT INTO shopping_carts (user_id, game_id) VALUES (152, 241);
INSERT INTO shopping_carts (user_id, game_id) VALUES (152, 169);
INSERT INTO wish_lists (user_id, game_id) VALUES (152, 229) ON CONFLICT DO NOTHING;
INSERT INTO wish_lists (user_id, game_id) VALUES (152, 150) ON CONFLICT DO NOTHING;
INSERT INTO wish_lists (user_id, game_id) VALUES (152, 186) ON CONFLICT DO NOTHING;
INSERT INTO wish_lists (user_id, game_id) VALUES (152, 166) ON CONFLICT DO NOTHING;
INSERT INTO wish_lists (user_id, game_id) VALUES (152, 155) ON CONFLICT DO NOTHING;
INSERT INTO shopping_carts (user_id, game_id) VALUES (156, 117);
INSERT INTO shopping_carts (user_id, game_id) VALUES (156, 176);
INSERT INTO shopping_carts (user_id, game_id) VALUES (156, 223);
INSERT INTO wish_lists (user_id, game_id) VALUES (156, 186) ON CONFLICT DO NOTHING;
INSERT INTO wish_lists (user_id, game_id) VALUES (156, 141) ON CONFLICT DO NOTHING;
INSERT INTO wish_lists (user_id, game_id) VALUES (156, 165) ON CONFLICT DO NOTHING;
INSERT INTO wish_lists (user_id, game_id) VALUES (156, 229) ON CONFLICT DO NOTHING;
INSERT INTO wish_lists (user_id, game_id) VALUES (156, 197) ON CONFLICT DO NOTHING;
INSERT INTO wish_lists (user_id, game_id) VALUES (156, 179) ON CONFLICT DO NOTHING;
INSERT INTO shopping_carts (user_id, game_id) VALUES (157, 185);
INSERT INTO shopping_carts (user_id, game_id) VALUES (157, 194);
INSERT INTO wish_lists (user_id, game_id) VALUES (157, 192) ON CONFLICT DO NOTHING;
INSERT INTO wish_lists (user_id, game_id) VALUES (157, 182) ON CONFLICT DO NOTHING;
INSERT INTO wish_lists (user_id, game_id) VALUES (157, 217) ON CONFLICT DO NOTHING;
INSERT INTO wish_lists (user_id, game_id) VALUES (157, 126) ON CONFLICT DO NOTHING;
INSERT INTO wish_lists (user_id, game_id) VALUES (157, 187) ON CONFLICT DO NOTHING;
INSERT INTO wish_lists (user_id, game_id) VALUES (157, 186) ON CONFLICT DO NOTHING;
INSERT INTO shopping_carts (user_id, game_id) VALUES (159, 172);
INSERT INTO shopping_carts (user_id, game_id) VALUES (161, 220);
INSERT INTO shopping_carts (user_id, game_id) VALUES (161, 101);
INSERT INTO shopping_carts (user_id, game_id) VALUES (161, 223);
INSERT INTO wish_lists (user_id, game_id) VALUES (161, 191) ON CONFLICT DO NOTHING;
INSERT INTO wish_lists (user_id, game_id) VALUES (161, 216) ON CONFLICT DO NOTHING;
INSERT INTO wish_lists (user_id, game_id) VALUES (161, 147) ON CONFLICT DO NOTHING;
INSERT INTO shopping_carts (user_id, game_id) VALUES (162, 210);
INSERT INTO shopping_carts (user_id, game_id) VALUES (162, 204);
INSERT INTO shopping_carts (user_id, game_id) VALUES (168, 168);
INSERT INTO shopping_carts (user_id, game_id) VALUES (168, 156);
INSERT INTO shopping_carts (user_id, game_id) VALUES (169, 223);
INSERT INTO shopping_carts (user_id, game_id) VALUES (169, 110);
INSERT INTO shopping_carts (user_id, game_id) VALUES (169, 224);
INSERT INTO shopping_carts (user_id, game_id) VALUES (169, 139);
INSERT INTO shopping_carts (user_id, game_id) VALUES (169, 164);
INSERT INTO wish_lists (user_id, game_id) VALUES (169, 125) ON CONFLICT DO NOTHING;
INSERT INTO wish_lists (user_id, game_id) VALUES (169, 238) ON CONFLICT DO NOTHING;
INSERT INTO wish_lists (user_id, game_id) VALUES (169, 229) ON CONFLICT DO NOTHING;
INSERT INTO wish_lists (user_id, game_id) VALUES (169, 103) ON CONFLICT DO NOTHING;
INSERT INTO wish_lists (user_id, game_id) VALUES (169, 108) ON CONFLICT DO NOTHING;
INSERT INTO shopping_carts (user_id, game_id) VALUES (170, 200);
INSERT INTO shopping_carts (user_id, game_id) VALUES (170, 105);
INSERT INTO shopping_carts (user_id, game_id) VALUES (170, 192);
INSERT INTO shopping_carts (user_id, game_id) VALUES (170, 169);
INSERT INTO wish_lists (user_id, game_id) VALUES (170, 129) ON CONFLICT DO NOTHING;
INSERT INTO wish_lists (user_id, game_id) VALUES (170, 246) ON CONFLICT DO NOTHING;
INSERT INTO shopping_carts (user_id, game_id) VALUES (171, 185);
INSERT INTO wish_lists (user_id, game_id) VALUES (171, 140) ON CONFLICT DO NOTHING;
INSERT INTO shopping_carts (user_id, game_id) VALUES (173, 202);
INSERT INTO shopping_carts (user_id, game_id) VALUES (173, 127);
INSERT INTO shopping_carts (user_id, game_id) VALUES (173, 107);
INSERT INTO shopping_carts (user_id, game_id) VALUES (173, 163);
INSERT INTO shopping_carts (user_id, game_id) VALUES (173, 187);
INSERT INTO wish_lists (user_id, game_id) VALUES (173, 156) ON CONFLICT DO NOTHING;
INSERT INTO wish_lists (user_id, game_id) VALUES (173, 173) ON CONFLICT DO NOTHING;
INSERT INTO wish_lists (user_id, game_id) VALUES (173, 163) ON CONFLICT DO NOTHING;
INSERT INTO wish_lists (user_id, game_id) VALUES (174, 249) ON CONFLICT DO NOTHING;
INSERT INTO wish_lists (user_id, game_id) VALUES (174, 116) ON CONFLICT DO NOTHING;
INSERT INTO wish_lists (user_id, game_id) VALUES (174, 123) ON CONFLICT DO NOTHING;
INSERT INTO shopping_carts (user_id, game_id) VALUES (175, 176);
INSERT INTO shopping_carts (user_id, game_id) VALUES (175, 187);
INSERT INTO wish_lists (user_id, game_id) VALUES (175, 108) ON CONFLICT DO NOTHING;
INSERT INTO wish_lists (user_id, game_id) VALUES (175, 176) ON CONFLICT DO NOTHING;
INSERT INTO wish_lists (user_id, game_id) VALUES (175, 220) ON CONFLICT DO NOTHING;
INSERT INTO wish_lists (user_id, game_id) VALUES (176, 229) ON CONFLICT DO NOTHING;
INSERT INTO wish_lists (user_id, game_id) VALUES (176, 116) ON CONFLICT DO NOTHING;
INSERT INTO wish_lists (user_id, game_id) VALUES (176, 153) ON CONFLICT DO NOTHING;
INSERT INTO wish_lists (user_id, game_id) VALUES (176, 155) ON CONFLICT DO NOTHING;
INSERT INTO shopping_carts (user_id, game_id) VALUES (179, 172);
INSERT INTO shopping_carts (user_id, game_id) VALUES (179, 190);
INSERT INTO wish_lists (user_id, game_id) VALUES (179, 170) ON CONFLICT DO NOTHING;
INSERT INTO wish_lists (user_id, game_id) VALUES (179, 231) ON CONFLICT DO NOTHING;
INSERT INTO wish_lists (user_id, game_id) VALUES (179, 154) ON CONFLICT DO NOTHING;
INSERT INTO wish_lists (user_id, game_id) VALUES (179, 195) ON CONFLICT DO NOTHING;
INSERT INTO wish_lists (user_id, game_id) VALUES (179, 140) ON CONFLICT DO NOTHING;
INSERT INTO shopping_carts (user_id, game_id) VALUES (181, 194);
INSERT INTO shopping_carts (user_id, game_id) VALUES (181, 188);
INSERT INTO shopping_carts (user_id, game_id) VALUES (181, 147);
INSERT INTO shopping_carts (user_id, game_id) VALUES (181, 145);
INSERT INTO wish_lists (user_id, game_id) VALUES (181, 195) ON CONFLICT DO NOTHING;
INSERT INTO wish_lists (user_id, game_id) VALUES (181, 240) ON CONFLICT DO NOTHING;
INSERT INTO wish_lists (user_id, game_id) VALUES (181, 236) ON CONFLICT DO NOTHING;
INSERT INTO wish_lists (user_id, game_id) VALUES (181, 114) ON CONFLICT DO NOTHING;
INSERT INTO wish_lists (user_id, game_id) VALUES (181, 170) ON CONFLICT DO NOTHING;
INSERT INTO wish_lists (user_id, game_id) VALUES (181, 169) ON CONFLICT DO NOTHING;
INSERT INTO wish_lists (user_id, game_id) VALUES (181, 142) ON CONFLICT DO NOTHING;
INSERT INTO wish_lists (user_id, game_id) VALUES (181, 115) ON CONFLICT DO NOTHING;
INSERT INTO shopping_carts (user_id, game_id) VALUES (182, 159);
INSERT INTO shopping_carts (user_id, game_id) VALUES (182, 178);
INSERT INTO shopping_carts (user_id, game_id) VALUES (182, 247);
INSERT INTO shopping_carts (user_id, game_id) VALUES (182, 194);
INSERT INTO wish_lists (user_id, game_id) VALUES (182, 108) ON CONFLICT DO NOTHING;
INSERT INTO wish_lists (user_id, game_id) VALUES (182, 209) ON CONFLICT DO NOTHING;
INSERT INTO wish_lists (user_id, game_id) VALUES (182, 161) ON CONFLICT DO NOTHING;
INSERT INTO wish_lists (user_id, game_id) VALUES (182, 120) ON CONFLICT DO NOTHING;
INSERT INTO wish_lists (user_id, game_id) VALUES (182, 121) ON CONFLICT DO NOTHING;
INSERT INTO wish_lists (user_id, game_id) VALUES (182, 119) ON CONFLICT DO NOTHING;
INSERT INTO wish_lists (user_id, game_id) VALUES (182, 244) ON CONFLICT DO NOTHING;
INSERT INTO wish_lists (user_id, game_id) VALUES (182, 102) ON CONFLICT DO NOTHING;
INSERT INTO shopping_carts (user_id, game_id) VALUES (183, 210);
INSERT INTO shopping_carts (user_id, game_id) VALUES (183, 183);
INSERT INTO shopping_carts (user_id, game_id) VALUES (183, 112);
INSERT INTO shopping_carts (user_id, game_id) VALUES (183, 243);
INSERT INTO shopping_carts (user_id, game_id) VALUES (183, 175);
INSERT INTO wish_lists (user_id, game_id) VALUES (183, 203) ON CONFLICT DO NOTHING;
INSERT INTO wish_lists (user_id, game_id) VALUES (183, 244) ON CONFLICT DO NOTHING;
INSERT INTO wish_lists (user_id, game_id) VALUES (183, 118) ON CONFLICT DO NOTHING;
INSERT INTO wish_lists (user_id, game_id) VALUES (183, 225) ON CONFLICT DO NOTHING;
INSERT INTO wish_lists (user_id, game_id) VALUES (183, 230) ON CONFLICT DO NOTHING;
INSERT INTO wish_lists (user_id, game_id) VALUES (183, 204) ON CONFLICT DO NOTHING;
INSERT INTO wish_lists (user_id, game_id) VALUES (183, 200) ON CONFLICT DO NOTHING;
INSERT INTO wish_lists (user_id, game_id) VALUES (183, 128) ON CONFLICT DO NOTHING;
INSERT INTO shopping_carts (user_id, game_id) VALUES (185, 213);
INSERT INTO shopping_carts (user_id, game_id) VALUES (185, 177);
INSERT INTO wish_lists (user_id, game_id) VALUES (185, 104) ON CONFLICT DO NOTHING;
INSERT INTO wish_lists (user_id, game_id) VALUES (185, 211) ON CONFLICT DO NOTHING;
INSERT INTO wish_lists (user_id, game_id) VALUES (185, 172) ON CONFLICT DO NOTHING;
INSERT INTO wish_lists (user_id, game_id) VALUES (185, 223) ON CONFLICT DO NOTHING;
INSERT INTO wish_lists (user_id, game_id) VALUES (185, 174) ON CONFLICT DO NOTHING;
INSERT INTO wish_lists (user_id, game_id) VALUES (185, 207) ON CONFLICT DO NOTHING;
INSERT INTO wish_lists (user_id, game_id) VALUES (185, 242) ON CONFLICT DO NOTHING;
INSERT INTO shopping_carts (user_id, game_id) VALUES (186, 223);
INSERT INTO shopping_carts (user_id, game_id) VALUES (186, 148);
INSERT INTO wish_lists (user_id, game_id) VALUES (186, 157) ON CONFLICT DO NOTHING;
INSERT INTO wish_lists (user_id, game_id) VALUES (186, 166) ON CONFLICT DO NOTHING;
INSERT INTO wish_lists (user_id, game_id) VALUES (186, 180) ON CONFLICT DO NOTHING;
INSERT INTO wish_lists (user_id, game_id) VALUES (186, 181) ON CONFLICT DO NOTHING;
INSERT INTO wish_lists (user_id, game_id) VALUES (186, 144) ON CONFLICT DO NOTHING;
INSERT INTO wish_lists (user_id, game_id) VALUES (186, 113) ON CONFLICT DO NOTHING;
INSERT INTO wish_lists (user_id, game_id) VALUES (187, 107) ON CONFLICT DO NOTHING;
INSERT INTO wish_lists (user_id, game_id) VALUES (188, 216) ON CONFLICT DO NOTHING;
INSERT INTO wish_lists (user_id, game_id) VALUES (188, 195) ON CONFLICT DO NOTHING;
INSERT INTO wish_lists (user_id, game_id) VALUES (188, 234) ON CONFLICT DO NOTHING;
INSERT INTO wish_lists (user_id, game_id) VALUES (188, 143) ON CONFLICT DO NOTHING;
INSERT INTO wish_lists (user_id, game_id) VALUES (188, 193) ON CONFLICT DO NOTHING;
INSERT INTO wish_lists (user_id, game_id) VALUES (188, 245) ON CONFLICT DO NOTHING;
INSERT INTO shopping_carts (user_id, game_id) VALUES (190, 144);
INSERT INTO shopping_carts (user_id, game_id) VALUES (190, 230);
INSERT INTO wish_lists (user_id, game_id) VALUES (190, 177) ON CONFLICT DO NOTHING;
INSERT INTO wish_lists (user_id, game_id) VALUES (190, 184) ON CONFLICT DO NOTHING;
INSERT INTO wish_lists (user_id, game_id) VALUES (190, 174) ON CONFLICT DO NOTHING;
INSERT INTO wish_lists (user_id, game_id) VALUES (190, 113) ON CONFLICT DO NOTHING;
INSERT INTO shopping_carts (user_id, game_id) VALUES (191, 159);
INSERT INTO shopping_carts (user_id, game_id) VALUES (191, 186);
INSERT INTO shopping_carts (user_id, game_id) VALUES (191, 177);
INSERT INTO shopping_carts (user_id, game_id) VALUES (191, 117);
INSERT INTO wish_lists (user_id, game_id) VALUES (191, 176) ON CONFLICT DO NOTHING;
INSERT INTO wish_lists (user_id, game_id) VALUES (191, 238) ON CONFLICT DO NOTHING;
INSERT INTO shopping_carts (user_id, game_id) VALUES (192, 186);
INSERT INTO shopping_carts (user_id, game_id) VALUES (192, 250);
INSERT INTO wish_lists (user_id, game_id) VALUES (192, 193) ON CONFLICT DO NOTHING;
INSERT INTO wish_lists (user_id, game_id) VALUES (192, 119) ON CONFLICT DO NOTHING;
INSERT INTO wish_lists (user_id, game_id) VALUES (192, 230) ON CONFLICT DO NOTHING;
INSERT INTO wish_lists (user_id, game_id) VALUES (192, 167) ON CONFLICT DO NOTHING;
INSERT INTO wish_lists (user_id, game_id) VALUES (192, 228) ON CONFLICT DO NOTHING;
INSERT INTO wish_lists (user_id, game_id) VALUES (192, 209) ON CONFLICT DO NOTHING;
INSERT INTO wish_lists (user_id, game_id) VALUES (192, 162) ON CONFLICT DO NOTHING;
INSERT INTO wish_lists (user_id, game_id) VALUES (194, 109) ON CONFLICT DO NOTHING;
INSERT INTO shopping_carts (user_id, game_id) VALUES (199, 111);
INSERT INTO shopping_carts (user_id, game_id) VALUES (199, 218);
INSERT INTO shopping_carts (user_id, game_id) VALUES (199, 119);
INSERT INTO shopping_carts (user_id, game_id) VALUES (199, 144);
INSERT INTO wish_lists (user_id, game_id) VALUES (199, 207) ON CONFLICT DO NOTHING;
INSERT INTO wish_lists (user_id, game_id) VALUES (199, 145) ON CONFLICT DO NOTHING;
INSERT INTO wish_lists (user_id, game_id) VALUES (199, 227) ON CONFLICT DO NOTHING;
INSERT INTO wish_lists (user_id, game_id) VALUES (199, 246) ON CONFLICT DO NOTHING;
INSERT INTO wish_lists (user_id, game_id) VALUES (199, 123) ON CONFLICT DO NOTHING;
INSERT INTO wish_lists (user_id, game_id) VALUES (199, 220) ON CONFLICT DO NOTHING;
INSERT INTO wish_lists (user_id, game_id) VALUES (199, 240) ON CONFLICT DO NOTHING;
INSERT INTO shopping_carts (user_id, game_id) VALUES (200, 193);
INSERT INTO shopping_carts (user_id, game_id) VALUES (200, 102);
INSERT INTO shopping_carts (user_id, game_id) VALUES (200, 245);
INSERT INTO shopping_carts (user_id, game_id) VALUES (200, 107);
INSERT INTO wish_lists (user_id, game_id) VALUES (200, 106) ON CONFLICT DO NOTHING;
INSERT INTO wish_lists (user_id, game_id) VALUES (200, 184) ON CONFLICT DO NOTHING;
INSERT INTO wish_lists (user_id, game_id) VALUES (200, 250) ON CONFLICT DO NOTHING;
INSERT INTO wish_lists (user_id, game_id) VALUES (200, 179) ON CONFLICT DO NOTHING;
INSERT INTO wish_lists (user_id, game_id) VALUES (200, 164) ON CONFLICT DO NOTHING;
INSERT INTO wish_lists (user_id, game_id) VALUES (200, 175) ON CONFLICT DO NOTHING;
INSERT INTO wish_lists (user_id, game_id) VALUES (200, 169) ON CONFLICT DO NOTHING;
INSERT INTO wish_lists (user_id, game_id) VALUES (200, 165) ON CONFLICT DO NOTHING;
INSERT INTO shopping_carts (user_id, game_id) VALUES (201, 135);
INSERT INTO shopping_carts (user_id, game_id) VALUES (201, 101);
INSERT INTO shopping_carts (user_id, game_id) VALUES (201, 162);
INSERT INTO shopping_carts (user_id, game_id) VALUES (201, 153);
INSERT INTO wish_lists (user_id, game_id) VALUES (201, 222) ON CONFLICT DO NOTHING;
INSERT INTO wish_lists (user_id, game_id) VALUES (201, 219) ON CONFLICT DO NOTHING;
INSERT INTO wish_lists (user_id, game_id) VALUES (201, 208) ON CONFLICT DO NOTHING;
INSERT INTO wish_lists (user_id, game_id) VALUES (201, 136) ON CONFLICT DO NOTHING;
INSERT INTO wish_lists (user_id, game_id) VALUES (201, 179) ON CONFLICT DO NOTHING;
INSERT INTO wish_lists (user_id, game_id) VALUES (201, 132) ON CONFLICT DO NOTHING;
INSERT INTO wish_lists (user_id, game_id) VALUES (201, 173) ON CONFLICT DO NOTHING;
INSERT INTO wish_lists (user_id, game_id) VALUES (201, 103) ON CONFLICT DO NOTHING;
INSERT INTO shopping_carts (user_id, game_id) VALUES (202, 145);
INSERT INTO shopping_carts (user_id, game_id) VALUES (202, 131);
INSERT INTO wish_lists (user_id, game_id) VALUES (202, 162) ON CONFLICT DO NOTHING;
INSERT INTO wish_lists (user_id, game_id) VALUES (202, 236) ON CONFLICT DO NOTHING;
INSERT INTO wish_lists (user_id, game_id) VALUES (202, 114) ON CONFLICT DO NOTHING;
INSERT INTO wish_lists (user_id, game_id) VALUES (202, 186) ON CONFLICT DO NOTHING;
INSERT INTO wish_lists (user_id, game_id) VALUES (202, 176) ON CONFLICT DO NOTHING;
INSERT INTO wish_lists (user_id, game_id) VALUES (202, 190) ON CONFLICT DO NOTHING;
INSERT INTO wish_lists (user_id, game_id) VALUES (202, 102) ON CONFLICT DO NOTHING;
INSERT INTO wish_lists (user_id, game_id) VALUES (202, 231) ON CONFLICT DO NOTHING;
INSERT INTO shopping_carts (user_id, game_id) VALUES (203, 111);
INSERT INTO shopping_carts (user_id, game_id) VALUES (203, 204);
INSERT INTO wish_lists (user_id, game_id) VALUES (203, 143) ON CONFLICT DO NOTHING;
INSERT INTO shopping_carts (user_id, game_id) VALUES (204, 172);
INSERT INTO shopping_carts (user_id, game_id) VALUES (204, 211);
INSERT INTO shopping_carts (user_id, game_id) VALUES (204, 126);
INSERT INTO shopping_carts (user_id, game_id) VALUES (204, 164);
INSERT INTO shopping_carts (user_id, game_id) VALUES (204, 154);
INSERT INTO wish_lists (user_id, game_id) VALUES (204, 163) ON CONFLICT DO NOTHING;
INSERT INTO wish_lists (user_id, game_id) VALUES (204, 214) ON CONFLICT DO NOTHING;
INSERT INTO wish_lists (user_id, game_id) VALUES (204, 225) ON CONFLICT DO NOTHING;
INSERT INTO wish_lists (user_id, game_id) VALUES (204, 236) ON CONFLICT DO NOTHING;
INSERT INTO shopping_carts (user_id, game_id) VALUES (206, 248);
INSERT INTO shopping_carts (user_id, game_id) VALUES (206, 220);
INSERT INTO shopping_carts (user_id, game_id) VALUES (206, 167);
INSERT INTO shopping_carts (user_id, game_id) VALUES (206, 196);
INSERT INTO wish_lists (user_id, game_id) VALUES (206, 149) ON CONFLICT DO NOTHING;
INSERT INTO wish_lists (user_id, game_id) VALUES (206, 218) ON CONFLICT DO NOTHING;
INSERT INTO wish_lists (user_id, game_id) VALUES (206, 183) ON CONFLICT DO NOTHING;
INSERT INTO wish_lists (user_id, game_id) VALUES (206, 199) ON CONFLICT DO NOTHING;
INSERT INTO wish_lists (user_id, game_id) VALUES (206, 220) ON CONFLICT DO NOTHING;
INSERT INTO wish_lists (user_id, game_id) VALUES (206, 131) ON CONFLICT DO NOTHING;
INSERT INTO shopping_carts (user_id, game_id) VALUES (210, 192);
INSERT INTO shopping_carts (user_id, game_id) VALUES (210, 156);
INSERT INTO shopping_carts (user_id, game_id) VALUES (210, 110);
INSERT INTO shopping_carts (user_id, game_id) VALUES (210, 237);
INSERT INTO shopping_carts (user_id, game_id) VALUES (210, 187);
INSERT INTO wish_lists (user_id, game_id) VALUES (210, 125) ON CONFLICT DO NOTHING;
INSERT INTO wish_lists (user_id, game_id) VALUES (210, 133) ON CONFLICT DO NOTHING;
INSERT INTO wish_lists (user_id, game_id) VALUES (210, 164) ON CONFLICT DO NOTHING;
INSERT INTO wish_lists (user_id, game_id) VALUES (210, 147) ON CONFLICT DO NOTHING;
INSERT INTO shopping_carts (user_id, game_id) VALUES (211, 101);
INSERT INTO shopping_carts (user_id, game_id) VALUES (211, 139);
INSERT INTO shopping_carts (user_id, game_id) VALUES (211, 238);
INSERT INTO shopping_carts (user_id, game_id) VALUES (211, 208);
INSERT INTO shopping_carts (user_id, game_id) VALUES (213, 184);
INSERT INTO shopping_carts (user_id, game_id) VALUES (213, 198);
INSERT INTO shopping_carts (user_id, game_id) VALUES (213, 162);
INSERT INTO shopping_carts (user_id, game_id) VALUES (213, 154);
INSERT INTO wish_lists (user_id, game_id) VALUES (213, 159) ON CONFLICT DO NOTHING;
INSERT INTO wish_lists (user_id, game_id) VALUES (213, 240) ON CONFLICT DO NOTHING;
INSERT INTO wish_lists (user_id, game_id) VALUES (213, 247) ON CONFLICT DO NOTHING;
INSERT INTO wish_lists (user_id, game_id) VALUES (213, 185) ON CONFLICT DO NOTHING;
INSERT INTO wish_lists (user_id, game_id) VALUES (213, 110) ON CONFLICT DO NOTHING;
INSERT INTO wish_lists (user_id, game_id) VALUES (213, 149) ON CONFLICT DO NOTHING;
INSERT INTO wish_lists (user_id, game_id) VALUES (213, 101) ON CONFLICT DO NOTHING;
INSERT INTO shopping_carts (user_id, game_id) VALUES (215, 248);
INSERT INTO shopping_carts (user_id, game_id) VALUES (215, 112);
INSERT INTO shopping_carts (user_id, game_id) VALUES (215, 174);
INSERT INTO wish_lists (user_id, game_id) VALUES (215, 173) ON CONFLICT DO NOTHING;
INSERT INTO wish_lists (user_id, game_id) VALUES (215, 191) ON CONFLICT DO NOTHING;
INSERT INTO wish_lists (user_id, game_id) VALUES (215, 135) ON CONFLICT DO NOTHING;
INSERT INTO wish_lists (user_id, game_id) VALUES (215, 199) ON CONFLICT DO NOTHING;
INSERT INTO wish_lists (user_id, game_id) VALUES (215, 162) ON CONFLICT DO NOTHING;
INSERT INTO shopping_carts (user_id, game_id) VALUES (216, 190);
INSERT INTO shopping_carts (user_id, game_id) VALUES (216, 117);
INSERT INTO wish_lists (user_id, game_id) VALUES (217, 229) ON CONFLICT DO NOTHING;
INSERT INTO wish_lists (user_id, game_id) VALUES (217, 207) ON CONFLICT DO NOTHING;
INSERT INTO wish_lists (user_id, game_id) VALUES (217, 221) ON CONFLICT DO NOTHING;
INSERT INTO wish_lists (user_id, game_id) VALUES (217, 189) ON CONFLICT DO NOTHING;
INSERT INTO wish_lists (user_id, game_id) VALUES (217, 250) ON CONFLICT DO NOTHING;
INSERT INTO wish_lists (user_id, game_id) VALUES (217, 212) ON CONFLICT DO NOTHING;
INSERT INTO wish_lists (user_id, game_id) VALUES (217, 180) ON CONFLICT DO NOTHING;
INSERT INTO wish_lists (user_id, game_id) VALUES (217, 167) ON CONFLICT DO NOTHING;
INSERT INTO shopping_carts (user_id, game_id) VALUES (218, 146);
INSERT INTO shopping_carts (user_id, game_id) VALUES (218, 164);
INSERT INTO shopping_carts (user_id, game_id) VALUES (218, 230);
INSERT INTO shopping_carts (user_id, game_id) VALUES (218, 144);
INSERT INTO wish_lists (user_id, game_id) VALUES (218, 171) ON CONFLICT DO NOTHING;
INSERT INTO wish_lists (user_id, game_id) VALUES (218, 214) ON CONFLICT DO NOTHING;
INSERT INTO wish_lists (user_id, game_id) VALUES (218, 116) ON CONFLICT DO NOTHING;
INSERT INTO wish_lists (user_id, game_id) VALUES (218, 141) ON CONFLICT DO NOTHING;
INSERT INTO wish_lists (user_id, game_id) VALUES (218, 170) ON CONFLICT DO NOTHING;
INSERT INTO wish_lists (user_id, game_id) VALUES (218, 127) ON CONFLICT DO NOTHING;
INSERT INTO wish_lists (user_id, game_id) VALUES (218, 172) ON CONFLICT DO NOTHING;
INSERT INTO shopping_carts (user_id, game_id) VALUES (219, 112);
INSERT INTO wish_lists (user_id, game_id) VALUES (219, 208) ON CONFLICT DO NOTHING;
INSERT INTO wish_lists (user_id, game_id) VALUES (219, 172) ON CONFLICT DO NOTHING;
INSERT INTO wish_lists (user_id, game_id) VALUES (219, 210) ON CONFLICT DO NOTHING;
INSERT INTO refund_requests (buyer_id, transaction_item_id, handled_by, reason, status) VALUES (130, 175, 209, 'My game crashed too many times 0', 'REJECTED');
INSERT INTO refund_requests (buyer_id, transaction_item_id, handled_by, reason, status) VALUES (171, 184, NULL, 'My game crashed too many times 1', 'PENDING');
INSERT INTO refund_requests (buyer_id, transaction_item_id, handled_by, reason, status) VALUES (176, 205, 166, 'My game crashed too many times 2', 'APPROVED');
INSERT INTO refund_requests (buyer_id, transaction_item_id, handled_by, reason, status) VALUES (168, 306, NULL, 'My game crashed too many times 3', 'PENDING');
INSERT INTO refund_requests (buyer_id, transaction_item_id, handled_by, reason, status) VALUES (188, 152, 155, 'My game crashed too many times 4', 'APPROVED');
INSERT INTO refund_requests (buyer_id, transaction_item_id, handled_by, reason, status) VALUES (187, 186, 207, 'My game crashed too many times 5', 'APPROVED');
INSERT INTO refund_requests (buyer_id, transaction_item_id, handled_by, reason, status) VALUES (105, 269, 149, 'My game crashed too many times 6', 'REJECTED');
INSERT INTO refund_requests (buyer_id, transaction_item_id, handled_by, reason, status) VALUES (161, 116, NULL, 'My game crashed too many times 7', 'PENDING');
INSERT INTO refund_requests (buyer_id, transaction_item_id, handled_by, reason, status) VALUES (202, 213, 113, 'My game crashed too many times 8', 'APPROVED');
INSERT INTO refund_requests (buyer_id, transaction_item_id, handled_by, reason, status) VALUES (206, 205, 137, 'My game crashed too many times 9', 'REJECTED');
INSERT INTO refund_requests (buyer_id, transaction_item_id, handled_by, reason, status) VALUES (115, 174, NULL, 'My game crashed too many times 10', 'PENDING');
INSERT INTO refund_requests (buyer_id, transaction_item_id, handled_by, reason, status) VALUES (112, 264, 209, 'My game crashed too many times 11', 'APPROVED');
INSERT INTO refund_requests (buyer_id, transaction_item_id, handled_by, reason, status) VALUES (120, 166, NULL, 'My game crashed too many times 12', 'PENDING');
INSERT INTO refund_requests (buyer_id, transaction_item_id, handled_by, reason, status) VALUES (187, 307, 113, 'My game crashed too many times 13', 'REJECTED');
INSERT INTO refund_requests (buyer_id, transaction_item_id, handled_by, reason, status) VALUES (112, 168, 149, 'My game crashed too many times 14', 'REJECTED');
INSERT INTO refund_requests (buyer_id, transaction_item_id, handled_by, reason, status) VALUES (184, 206, 166, 'My game crashed too many times 15', 'REJECTED');
INSERT INTO refund_requests (buyer_id, transaction_item_id, handled_by, reason, status) VALUES (200, 257, 134, 'My game crashed too many times 16', 'REJECTED');
INSERT INTO refund_requests (buyer_id, transaction_item_id, handled_by, reason, status) VALUES (129, 250, 113, 'My game crashed too many times 17', 'REJECTED');
INSERT INTO refund_requests (buyer_id, transaction_item_id, handled_by, reason, status) VALUES (144, 144, NULL, 'My game crashed too many times 18', 'PENDING');
INSERT INTO refund_requests (buyer_id, transaction_item_id, handled_by, reason, status) VALUES (181, 137, NULL, 'My game crashed too many times 19', 'PENDING');
INSERT INTO refund_requests (buyer_id, transaction_item_id, handled_by, reason, status) VALUES (110, 219, 113, 'My game crashed too many times 20', 'APPROVED');
INSERT INTO refund_requests (buyer_id, transaction_item_id, handled_by, reason, status) VALUES (185, 150, 160, 'My game crashed too many times 21', 'APPROVED');
INSERT INTO refund_requests (buyer_id, transaction_item_id, handled_by, reason, status) VALUES (120, 200, 113, 'My game crashed too many times 22', 'APPROVED');
INSERT INTO refund_requests (buyer_id, transaction_item_id, handled_by, reason, status) VALUES (151, 217, 207, 'My game crashed too many times 23', 'REJECTED');
INSERT INTO refund_requests (buyer_id, transaction_item_id, handled_by, reason, status) VALUES (175, 180, 149, 'My game crashed too many times 24', 'REJECTED');
INSERT INTO refund_requests (buyer_id, transaction_item_id, handled_by, reason, status) VALUES (171, 300, NULL, 'My game crashed too many times 25', 'PENDING');
INSERT INTO refund_requests (buyer_id, transaction_item_id, handled_by, reason, status) VALUES (206, 235, NULL, 'My game crashed too many times 26', 'PENDING');
INSERT INTO refund_requests (buyer_id, transaction_item_id, handled_by, reason, status) VALUES (148, 164, 193, 'My game crashed too many times 27', 'REJECTED');
INSERT INTO refund_requests (buyer_id, transaction_item_id, handled_by, reason, status) VALUES (141, 154, 160, 'My game crashed too many times 28', 'APPROVED');
INSERT INTO refund_requests (buyer_id, transaction_item_id, handled_by, reason, status) VALUES (187, 272, 209, 'My game crashed too many times 29', 'REJECTED');
INSERT INTO refund_requests (buyer_id, transaction_item_id, handled_by, reason, status) VALUES (129, 197, NULL, 'My game crashed too many times 30', 'PENDING');
INSERT INTO refund_requests (buyer_id, transaction_item_id, handled_by, reason, status) VALUES (218, 295, NULL, 'My game crashed too many times 31', 'PENDING');
INSERT INTO refund_requests (buyer_id, transaction_item_id, handled_by, reason, status) VALUES (106, 104, 207, 'My game crashed too many times 32', 'APPROVED');
INSERT INTO refund_requests (buyer_id, transaction_item_id, handled_by, reason, status) VALUES (130, 261, 134, 'My game crashed too many times 33', 'REJECTED');
INSERT INTO refund_requests (buyer_id, transaction_item_id, handled_by, reason, status) VALUES (120, 232, 149, 'My game crashed too many times 34', 'REJECTED');
INSERT INTO refund_requests (buyer_id, transaction_item_id, handled_by, reason, status) VALUES (173, 245, NULL, 'My game crashed too many times 35', 'PENDING');
INSERT INTO refund_requests (buyer_id, transaction_item_id, handled_by, reason, status) VALUES (152, 243, 155, 'My game crashed too many times 36', 'REJECTED');
INSERT INTO refund_requests (buyer_id, transaction_item_id, handled_by, reason, status) VALUES (130, 141, 193, 'My game crashed too many times 37', 'APPROVED');
INSERT INTO refund_requests (buyer_id, transaction_item_id, handled_by, reason, status) VALUES (187, 258, NULL, 'My game crashed too many times 38', 'PENDING');
INSERT INTO refund_requests (buyer_id, transaction_item_id, handled_by, reason, status) VALUES (124, 225, 178, 'My game crashed too many times 39', 'REJECTED');
INSERT INTO refund_requests (buyer_id, transaction_item_id, handled_by, reason, status) VALUES (168, 301, 137, 'My game crashed too many times 40', 'APPROVED');
INSERT INTO refund_requests (buyer_id, transaction_item_id, handled_by, reason, status) VALUES (156, 271, 160, 'My game crashed too many times 41', 'APPROVED');
INSERT INTO refund_requests (buyer_id, transaction_item_id, handled_by, reason, status) VALUES (171, 134, 160, 'My game crashed too many times 42', 'REJECTED');
INSERT INTO refund_requests (buyer_id, transaction_item_id, handled_by, reason, status) VALUES (185, 286, NULL, 'My game crashed too many times 43', 'PENDING');
INSERT INTO refund_requests (buyer_id, transaction_item_id, handled_by, reason, status) VALUES (201, 160, 209, 'My game crashed too many times 44', 'REJECTED');
INSERT INTO refund_requests (buyer_id, transaction_item_id, handled_by, reason, status) VALUES (191, 213, 108, 'My game crashed too many times 45', 'REJECTED');
INSERT INTO refund_requests (buyer_id, transaction_item_id, handled_by, reason, status) VALUES (129, 139, 137, 'My game crashed too many times 46', 'REJECTED');
INSERT INTO refund_requests (buyer_id, transaction_item_id, handled_by, reason, status) VALUES (144, 298, NULL, 'My game crashed too many times 47', 'PENDING');
INSERT INTO refund_requests (buyer_id, transaction_item_id, handled_by, reason, status) VALUES (217, 183, 177, 'My game crashed too many times 48', 'APPROVED');
INSERT INTO refund_requests (buyer_id, transaction_item_id, handled_by, reason, status) VALUES (200, 102, NULL, 'My game crashed too many times 49', 'PENDING');
INSERT INTO refund_requests (buyer_id, transaction_item_id, handled_by, reason, status) VALUES (199, 246, 111, 'My game crashed too many times 50', 'APPROVED');
INSERT INTO refund_requests (buyer_id, transaction_item_id, handled_by, reason, status) VALUES (125, 222, NULL, 'My game crashed too many times 51', 'PENDING');
INSERT INTO refund_requests (buyer_id, transaction_item_id, handled_by, reason, status) VALUES (213, 229, NULL, 'My game crashed too many times 52', 'PENDING');
INSERT INTO refund_requests (buyer_id, transaction_item_id, handled_by, reason, status) VALUES (201, 293, 149, 'My game crashed too many times 53', 'APPROVED');
INSERT INTO refund_requests (buyer_id, transaction_item_id, handled_by, reason, status) VALUES (202, 122, 160, 'My game crashed too many times 54', 'APPROVED');
INSERT INTO refund_requests (buyer_id, transaction_item_id, handled_by, reason, status) VALUES (194, 156, 207, 'My game crashed too many times 55', 'REJECTED');
INSERT INTO refund_requests (buyer_id, transaction_item_id, handled_by, reason, status) VALUES (181, 241, NULL, 'My game crashed too many times 56', 'PENDING');
INSERT INTO refund_requests (buyer_id, transaction_item_id, handled_by, reason, status) VALUES (176, 172, NULL, 'My game crashed too many times 57', 'PENDING');
INSERT INTO refund_requests (buyer_id, transaction_item_id, handled_by, reason, status) VALUES (201, 287, 113, 'My game crashed too many times 58', 'APPROVED');
INSERT INTO refund_requests (buyer_id, transaction_item_id, handled_by, reason, status) VALUES (188, 177, 177, 'My game crashed too many times 59', 'APPROVED');
INSERT INTO refund_requests (buyer_id, transaction_item_id, handled_by, reason, status) VALUES (200, 166, 137, 'My game crashed too many times 60', 'APPROVED');
INSERT INTO refund_requests (buyer_id, transaction_item_id, handled_by, reason, status) VALUES (181, 283, NULL, 'My game crashed too many times 61', 'PENDING');
INSERT INTO refund_requests (buyer_id, transaction_item_id, handled_by, reason, status) VALUES (186, 121, 193, 'My game crashed too many times 62', 'REJECTED');
INSERT INTO refund_requests (buyer_id, transaction_item_id, handled_by, reason, status) VALUES (106, 294, 160, 'My game crashed too many times 63', 'APPROVED');
INSERT INTO refund_requests (buyer_id, transaction_item_id, handled_by, reason, status) VALUES (219, 126, 160, 'My game crashed too many times 64', 'APPROVED');
INSERT INTO refund_requests (buyer_id, transaction_item_id, handled_by, reason, status) VALUES (147, 267, NULL, 'My game crashed too many times 65', 'PENDING');
INSERT INTO refund_requests (buyer_id, transaction_item_id, handled_by, reason, status) VALUES (213, 228, 155, 'My game crashed too many times 66', 'APPROVED');
INSERT INTO refund_requests (buyer_id, transaction_item_id, handled_by, reason, status) VALUES (188, 126, 108, 'My game crashed too many times 67', 'REJECTED');
INSERT INTO refund_requests (buyer_id, transaction_item_id, handled_by, reason, status) VALUES (133, 217, 134, 'My game crashed too many times 68', 'APPROVED');
INSERT INTO refund_requests (buyer_id, transaction_item_id, handled_by, reason, status) VALUES (185, 115, NULL, 'My game crashed too many times 69', 'PENDING');
INSERT INTO refund_requests (buyer_id, transaction_item_id, handled_by, reason, status) VALUES (175, 301, 155, 'My game crashed too many times 70', 'APPROVED');
INSERT INTO refund_requests (buyer_id, transaction_item_id, handled_by, reason, status) VALUES (218, 123, 140, 'My game crashed too many times 71', 'APPROVED');
INSERT INTO refund_requests (buyer_id, transaction_item_id, handled_by, reason, status) VALUES (188, 220, NULL, 'My game crashed too many times 72', 'PENDING');
INSERT INTO refund_requests (buyer_id, transaction_item_id, handled_by, reason, status) VALUES (141, 129, 177, 'My game crashed too many times 73', 'REJECTED');
INSERT INTO refund_requests (buyer_id, transaction_item_id, handled_by, reason, status) VALUES (179, 295, 207, 'My game crashed too many times 74', 'REJECTED');
INSERT INTO refund_requests (buyer_id, transaction_item_id, handled_by, reason, status) VALUES (104, 197, NULL, 'My game crashed too many times 75', 'PENDING');
INSERT INTO refund_requests (buyer_id, transaction_item_id, handled_by, reason, status) VALUES (125, 188, 134, 'My game crashed too many times 76', 'APPROVED');
INSERT INTO refund_requests (buyer_id, transaction_item_id, handled_by, reason, status) VALUES (121, 116, NULL, 'My game crashed too many times 77', 'PENDING');
INSERT INTO refund_requests (buyer_id, transaction_item_id, handled_by, reason, status) VALUES (162, 220, NULL, 'My game crashed too many times 78', 'PENDING');
INSERT INTO refund_requests (buyer_id, transaction_item_id, handled_by, reason, status) VALUES (142, 256, NULL, 'My game crashed too many times 79', 'PENDING');
INSERT INTO reviews (review_id, game_id, user_id, content, attitude, status) VALUES (101, 232, 162, 'Great cat game! Highly recommended! #1', 'NEGATIVE', 'VISIBLE');
INSERT INTO reviews (review_id, game_id, user_id, content, attitude, status) VALUES (102, 207, 170, 'Great cat game! Highly recommended! #2', 'POSITIVE', 'VISIBLE');
INSERT INTO reviews (review_id, game_id, user_id, content, attitude, status) VALUES (103, 224, 187, 'Great cat game! Highly recommended! #3', 'NEGATIVE', 'VISIBLE');
INSERT INTO reviews (review_id, game_id, user_id, content, attitude, status) VALUES (104, 230, 115, 'Great cat game! Highly recommended! #4', 'POSITIVE', 'VISIBLE');
INSERT INTO reviews (review_id, game_id, user_id, content, attitude, status) VALUES (105, 244, 213, 'Great cat game! Highly recommended! #5', 'NEGATIVE', 'VISIBLE');
INSERT INTO reviews (review_id, game_id, user_id, content, attitude, status) VALUES (106, 245, 105, 'Great cat game! Highly recommended! #6', 'NEGATIVE', 'VISIBLE');
INSERT INTO reviews (review_id, game_id, user_id, content, attitude, status) VALUES (107, 235, 199, 'Great cat game! Highly recommended! #7', 'NEGATIVE', 'VISIBLE');
INSERT INTO reviews (review_id, game_id, user_id, content, attitude, status) VALUES (108, 212, 174, 'Great cat game! Highly recommended! #8', 'NEGATIVE', 'VISIBLE');
INSERT INTO reviews (review_id, game_id, user_id, content, attitude, status) VALUES (109, 231, 203, 'Great cat game! Highly recommended! #9', 'POSITIVE', 'VISIBLE');
INSERT INTO reviews (review_id, game_id, user_id, content, attitude, status) VALUES (110, 194, 192, 'Great cat game! Highly recommended! #10', 'POSITIVE', 'VISIBLE');
INSERT INTO reviews (review_id, game_id, user_id, content, attitude, status) VALUES (111, 178, 156, 'Great cat game! Highly recommended! #11', 'POSITIVE', 'VISIBLE');
INSERT INTO reviews (review_id, game_id, user_id, content, attitude, status) VALUES (112, 102, 116, 'Great cat game! Highly recommended! #12', 'NEGATIVE', 'VISIBLE');
INSERT INTO reviews (review_id, game_id, user_id, content, attitude, status) VALUES (113, 232, 183, 'Great cat game! Highly recommended! #13', 'NEGATIVE', 'VISIBLE');
INSERT INTO reviews (review_id, game_id, user_id, content, attitude, status) VALUES (114, 176, 215, 'Great cat game! Highly recommended! #14', 'NEGATIVE', 'VISIBLE');
INSERT INTO reviews (review_id, game_id, user_id, content, attitude, status) VALUES (115, 175, 156, 'Great cat game! Highly recommended! #15', 'NEGATIVE', 'VISIBLE');
INSERT INTO reviews (review_id, game_id, user_id, content, attitude, status) VALUES (116, 105, 124, 'Great cat game! Highly recommended! #16', 'NEGATIVE', 'VISIBLE');
INSERT INTO reviews (review_id, game_id, user_id, content, attitude, status) VALUES (117, 186, 211, 'Great cat game! Highly recommended! #17', 'NEGATIVE', 'VISIBLE');
INSERT INTO reviews (review_id, game_id, user_id, content, attitude, status) VALUES (118, 248, 161, 'Great cat game! Highly recommended! #18', 'POSITIVE', 'VISIBLE');
INSERT INTO reviews (review_id, game_id, user_id, content, attitude, status) VALUES (119, 222, 124, 'Great cat game! Highly recommended! #19', 'NEGATIVE', 'VISIBLE');
INSERT INTO reviews (review_id, game_id, user_id, content, attitude, status) VALUES (120, 247, 114, 'Great cat game! Highly recommended! #20', 'NEGATIVE', 'VISIBLE');
INSERT INTO reviews (review_id, game_id, user_id, content, attitude, status) VALUES (121, 167, 202, 'Great cat game! Highly recommended! #21', 'POSITIVE', 'VISIBLE');
INSERT INTO reviews (review_id, game_id, user_id, content, attitude, status) VALUES (122, 208, 121, 'Great cat game! Highly recommended! #22', 'POSITIVE', 'VISIBLE');
INSERT INTO reviews (review_id, game_id, user_id, content, attitude, status) VALUES (123, 147, 114, 'Great cat game! Highly recommended! #23', 'POSITIVE', 'VISIBLE');
INSERT INTO reviews (review_id, game_id, user_id, content, attitude, status) VALUES (124, 184, 152, 'Great cat game! Highly recommended! #24', 'POSITIVE', 'VISIBLE');
INSERT INTO reviews (review_id, game_id, user_id, content, attitude, status) VALUES (125, 170, 218, 'Great cat game! Highly recommended! #25', 'POSITIVE', 'VISIBLE');
INSERT INTO reviews (review_id, game_id, user_id, content, attitude, status) VALUES (126, 137, 159, 'Great cat game! Highly recommended! #26', 'NEGATIVE', 'VISIBLE');
INSERT INTO reviews (review_id, game_id, user_id, content, attitude, status) VALUES (127, 126, 115, 'Great cat game! Highly recommended! #27', 'POSITIVE', 'VISIBLE');
INSERT INTO reviews (review_id, game_id, user_id, content, attitude, status) VALUES (128, 169, 105, 'Great cat game! Highly recommended! #28', 'POSITIVE', 'VISIBLE');
INSERT INTO reviews (review_id, game_id, user_id, content, attitude, status) VALUES (129, 234, 116, 'Great cat game! Highly recommended! #29', 'NEGATIVE', 'VISIBLE');
INSERT INTO reviews (review_id, game_id, user_id, content, attitude, status) VALUES (130, 152, 114, 'Great cat game! Highly recommended! #30', 'POSITIVE', 'VISIBLE');
INSERT INTO reviews (review_id, game_id, user_id, content, attitude, status) VALUES (131, 216, 216, 'Great cat game! Highly recommended! #31', 'NEGATIVE', 'VISIBLE');
INSERT INTO reviews (review_id, game_id, user_id, content, attitude, status) VALUES (132, 153, 151, 'Great cat game! Highly recommended! #32', 'NEGATIVE', 'VISIBLE');
INSERT INTO reviews (review_id, game_id, user_id, content, attitude, status) VALUES (133, 196, 120, 'Great cat game! Highly recommended! #33', 'NEGATIVE', 'VISIBLE');
INSERT INTO reviews (review_id, game_id, user_id, content, attitude, status) VALUES (134, 119, 124, 'Great cat game! Highly recommended! #34', 'NEGATIVE', 'VISIBLE');
INSERT INTO reviews (review_id, game_id, user_id, content, attitude, status) VALUES (135, 206, 194, 'Great cat game! Highly recommended! #35', 'NEGATIVE', 'VISIBLE');
INSERT INTO reviews (review_id, game_id, user_id, content, attitude, status) VALUES (136, 218, 216, 'Great cat game! Highly recommended! #36', 'NEGATIVE', 'VISIBLE');
INSERT INTO reviews (review_id, game_id, user_id, content, attitude, status) VALUES (137, 238, 215, 'Great cat game! Highly recommended! #37', 'NEGATIVE', 'VISIBLE');
INSERT INTO reviews (review_id, game_id, user_id, content, attitude, status) VALUES (138, 132, 181, 'Great cat game! Highly recommended! #38', 'POSITIVE', 'VISIBLE');
INSERT INTO reviews (review_id, game_id, user_id, content, attitude, status) VALUES (139, 177, 201, 'Great cat game! Highly recommended! #39', 'POSITIVE', 'VISIBLE');
INSERT INTO reviews (review_id, game_id, user_id, content, attitude, status) VALUES (140, 218, 186, 'Great cat game! Highly recommended! #40', 'NEGATIVE', 'VISIBLE');
INSERT INTO reviews (review_id, game_id, user_id, content, attitude, status) VALUES (141, 222, 192, 'Great cat game! Highly recommended! #41', 'POSITIVE', 'VISIBLE');
INSERT INTO reviews (review_id, game_id, user_id, content, attitude, status) VALUES (142, 168, 201, 'Great cat game! Highly recommended! #42', 'NEGATIVE', 'VISIBLE');
INSERT INTO reviews (review_id, game_id, user_id, content, attitude, status) VALUES (143, 201, 201, 'Great cat game! Highly recommended! #43', 'NEGATIVE', 'VISIBLE');
INSERT INTO reviews (review_id, game_id, user_id, content, attitude, status) VALUES (144, 177, 176, 'Great cat game! Highly recommended! #44', 'NEGATIVE', 'VISIBLE');
INSERT INTO reviews (review_id, game_id, user_id, content, attitude, status) VALUES (145, 228, 213, 'Great cat game! Highly recommended! #45', 'POSITIVE', 'VISIBLE');
INSERT INTO reviews (review_id, game_id, user_id, content, attitude, status) VALUES (146, 221, 130, 'Great cat game! Highly recommended! #46', 'POSITIVE', 'VISIBLE');
INSERT INTO reviews (review_id, game_id, user_id, content, attitude, status) VALUES (147, 148, 117, 'Great cat game! Highly recommended! #47', 'POSITIVE', 'VISIBLE');
INSERT INTO reviews (review_id, game_id, user_id, content, attitude, status) VALUES (148, 103, 201, 'Great cat game! Highly recommended! #48', 'POSITIVE', 'VISIBLE');
INSERT INTO reviews (review_id, game_id, user_id, content, attitude, status) VALUES (149, 153, 105, 'Great cat game! Highly recommended! #49', 'NEGATIVE', 'VISIBLE');
INSERT INTO reviews (review_id, game_id, user_id, content, attitude, status) VALUES (150, 201, 170, 'Great cat game! Highly recommended! #50', 'NEGATIVE', 'VISIBLE');
INSERT INTO reviews (review_id, game_id, user_id, content, attitude, status) VALUES (151, 153, 110, 'Great cat game! Highly recommended! #51', 'NEGATIVE', 'VISIBLE');
INSERT INTO reviews (review_id, game_id, user_id, content, attitude, status) VALUES (152, 117, 216, 'Great cat game! Highly recommended! #52', 'NEGATIVE', 'VISIBLE');
INSERT INTO reviews (review_id, game_id, user_id, content, attitude, status) VALUES (153, 227, 115, 'Great cat game! Highly recommended! #53', 'NEGATIVE', 'VISIBLE');
INSERT INTO reviews (review_id, game_id, user_id, content, attitude, status) VALUES (154, 178, 192, 'Great cat game! Highly recommended! #54', 'NEGATIVE', 'VISIBLE');
INSERT INTO reviews (review_id, game_id, user_id, content, attitude, status) VALUES (155, 211, 213, 'Great cat game! Highly recommended! #55', 'POSITIVE', 'VISIBLE');
INSERT INTO reviews (review_id, game_id, user_id, content, attitude, status) VALUES (156, 201, 200, 'Great cat game! Highly recommended! #56', 'POSITIVE', 'VISIBLE');
INSERT INTO reviews (review_id, game_id, user_id, content, attitude, status) VALUES (157, 200, 192, 'Great cat game! Highly recommended! #57', 'POSITIVE', 'VISIBLE');
INSERT INTO reviews (review_id, game_id, user_id, content, attitude, status) VALUES (158, 242, 188, 'Great cat game! Highly recommended! #58', 'POSITIVE', 'VISIBLE');
INSERT INTO reviews (review_id, game_id, user_id, content, attitude, status) VALUES (159, 206, 152, 'Great cat game! Highly recommended! #59', 'NEGATIVE', 'VISIBLE');
INSERT INTO reviews (review_id, game_id, user_id, content, attitude, status) VALUES (160, 139, 141, 'Great cat game! Highly recommended! #60', 'POSITIVE', 'VISIBLE');
INSERT INTO reviews (review_id, game_id, user_id, content, attitude, status) VALUES (161, 190, 201, 'Great cat game! Highly recommended! #61', 'POSITIVE', 'VISIBLE');
INSERT INTO reviews (review_id, game_id, user_id, content, attitude, status) VALUES (162, 178, 104, 'Great cat game! Highly recommended! #62', 'POSITIVE', 'VISIBLE');
INSERT INTO reviews (review_id, game_id, user_id, content, attitude, status) VALUES (163, 147, 213, 'Great cat game! Highly recommended! #63', 'NEGATIVE', 'VISIBLE');
INSERT INTO reviews (review_id, game_id, user_id, content, attitude, status) VALUES (164, 194, 116, 'Great cat game! Highly recommended! #64', 'NEGATIVE', 'VISIBLE');
INSERT INTO reviews (review_id, game_id, user_id, content, attitude, status) VALUES (165, 228, 199, 'Great cat game! Highly recommended! #65', 'POSITIVE', 'VISIBLE');
INSERT INTO reviews (review_id, game_id, user_id, content, attitude, status) VALUES (166, 196, 185, 'Great cat game! Highly recommended! #66', 'NEGATIVE', 'VISIBLE');
INSERT INTO reviews (review_id, game_id, user_id, content, attitude, status) VALUES (167, 201, 114, 'Great cat game! Highly recommended! #67', 'POSITIVE', 'VISIBLE');
INSERT INTO reviews (review_id, game_id, user_id, content, attitude, status) VALUES (168, 159, 181, 'Great cat game! Highly recommended! #68', 'POSITIVE', 'VISIBLE');
INSERT INTO reviews (review_id, game_id, user_id, content, attitude, status) VALUES (169, 133, 144, 'Great cat game! Highly recommended! #69', 'NEGATIVE', 'VISIBLE');
INSERT INTO reviews (review_id, game_id, user_id, content, attitude, status) VALUES (170, 147, 151, 'Great cat game! Highly recommended! #70', 'POSITIVE', 'VISIBLE');
INSERT INTO reviews (review_id, game_id, user_id, content, attitude, status) VALUES (171, 231, 104, 'Great cat game! Highly recommended! #71', 'NEGATIVE', 'VISIBLE');
INSERT INTO reviews (review_id, game_id, user_id, content, attitude, status) VALUES (172, 107, 169, 'Great cat game! Highly recommended! #72', 'POSITIVE', 'VISIBLE');
INSERT INTO reviews (review_id, game_id, user_id, content, attitude, status) VALUES (173, 111, 104, 'Great cat game! Highly recommended! #73', 'POSITIVE', 'VISIBLE');
INSERT INTO reviews (review_id, game_id, user_id, content, attitude, status) VALUES (174, 200, 202, 'Great cat game! Highly recommended! #74', 'POSITIVE', 'VISIBLE');
INSERT INTO reviews (review_id, game_id, user_id, content, attitude, status) VALUES (175, 208, 161, 'Great cat game! Highly recommended! #75', 'POSITIVE', 'VISIBLE');
INSERT INTO reviews (review_id, game_id, user_id, content, attitude, status) VALUES (176, 215, 203, 'Great cat game! Highly recommended! #76', 'NEGATIVE', 'VISIBLE');
INSERT INTO reviews (review_id, game_id, user_id, content, attitude, status) VALUES (177, 153, 219, 'Great cat game! Highly recommended! #77', 'NEGATIVE', 'VISIBLE');
INSERT INTO reviews (review_id, game_id, user_id, content, attitude, status) VALUES (178, 159, 188, 'Great cat game! Highly recommended! #78', 'POSITIVE', 'VISIBLE');
INSERT INTO reviews (review_id, game_id, user_id, content, attitude, status) VALUES (179, 232, 130, 'Great cat game! Highly recommended! #79', 'NEGATIVE', 'VISIBLE');
INSERT INTO reviews (review_id, game_id, user_id, content, attitude, status) VALUES (180, 236, 129, 'Great cat game! Highly recommended! #80', 'POSITIVE', 'VISIBLE');
INSERT INTO reviews (review_id, game_id, user_id, content, attitude, status) VALUES (181, 219, 202, 'Great cat game! Highly recommended! #81', 'POSITIVE', 'VISIBLE');
INSERT INTO reviews (review_id, game_id, user_id, content, attitude, status) VALUES (182, 162, 159, 'Great cat game! Highly recommended! #82', 'POSITIVE', 'VISIBLE');
INSERT INTO reviews (review_id, game_id, user_id, content, attitude, status) VALUES (183, 117, 116, 'Great cat game! Highly recommended! #83', 'NEGATIVE', 'VISIBLE');
INSERT INTO reviews (review_id, game_id, user_id, content, attitude, status) VALUES (184, 106, 123, 'Great cat game! Highly recommended! #84', 'NEGATIVE', 'VISIBLE');
INSERT INTO reviews (review_id, game_id, user_id, content, attitude, status) VALUES (185, 210, 215, 'Great cat game! Highly recommended! #85', 'POSITIVE', 'VISIBLE');
INSERT INTO reviews (review_id, game_id, user_id, content, attitude, status) VALUES (186, 124, 144, 'Great cat game! Highly recommended! #86', 'NEGATIVE', 'VISIBLE');
INSERT INTO reviews (review_id, game_id, user_id, content, attitude, status) VALUES (187, 187, 169, 'Great cat game! Highly recommended! #87', 'NEGATIVE', 'VISIBLE');
INSERT INTO reviews (review_id, game_id, user_id, content, attitude, status) VALUES (188, 179, 185, 'Great cat game! Highly recommended! #88', 'NEGATIVE', 'VISIBLE');
INSERT INTO reviews (review_id, game_id, user_id, content, attitude, status) VALUES (189, 247, 173, 'Great cat game! Highly recommended! #89', 'NEGATIVE', 'VISIBLE');
INSERT INTO reviews (review_id, game_id, user_id, content, attitude, status) VALUES (190, 179, 117, 'Great cat game! Highly recommended! #90', 'POSITIVE', 'VISIBLE');
INSERT INTO reviews (review_id, game_id, user_id, content, attitude, status) VALUES (191, 191, 151, 'Great cat game! Highly recommended! #91', 'NEGATIVE', 'VISIBLE');
INSERT INTO reviews (review_id, game_id, user_id, content, attitude, status) VALUES (192, 115, 173, 'Great cat game! Highly recommended! #92', 'POSITIVE', 'VISIBLE');
INSERT INTO reviews (review_id, game_id, user_id, content, attitude, status) VALUES (193, 189, 116, 'Great cat game! Highly recommended! #93', 'POSITIVE', 'VISIBLE');
INSERT INTO reviews (review_id, game_id, user_id, content, attitude, status) VALUES (194, 228, 132, 'Great cat game! Highly recommended! #94', 'POSITIVE', 'VISIBLE');
INSERT INTO reviews (review_id, game_id, user_id, content, attitude, status) VALUES (195, 208, 148, 'Great cat game! Highly recommended! #95', 'POSITIVE', 'VISIBLE');
INSERT INTO reviews (review_id, game_id, user_id, content, attitude, status) VALUES (196, 185, 216, 'Great cat game! Highly recommended! #96', 'POSITIVE', 'VISIBLE');
INSERT INTO reviews (review_id, game_id, user_id, content, attitude, status) VALUES (197, 223, 186, 'Great cat game! Highly recommended! #97', 'NEGATIVE', 'VISIBLE');
INSERT INTO reviews (review_id, game_id, user_id, content, attitude, status) VALUES (198, 169, 176, 'Great cat game! Highly recommended! #98', 'POSITIVE', 'VISIBLE');
INSERT INTO reviews (review_id, game_id, user_id, content, attitude, status) VALUES (199, 144, 115, 'Great cat game! Highly recommended! #99', 'NEGATIVE', 'VISIBLE');
INSERT INTO reviews (review_id, game_id, user_id, content, attitude, status) VALUES (200, 152, 148, 'Great cat game! Highly recommended! #100', 'POSITIVE', 'VISIBLE');
INSERT INTO review_replies (review_id, user_id, content, status) VALUES (155, 216, 'I completely agree with you! #1', 'VISIBLE');
INSERT INTO review_replies (review_id, user_id, content, status) VALUES (128, 116, 'I completely agree with you! #2', 'VISIBLE');
INSERT INTO review_replies (review_id, user_id, content, status) VALUES (131, 148, 'I completely agree with you! #3', 'VISIBLE');
INSERT INTO review_replies (review_id, user_id, content, status) VALUES (186, 216, 'I completely agree with you! #4', 'VISIBLE');
INSERT INTO review_replies (review_id, user_id, content, status) VALUES (177, 210, 'I completely agree with you! #5', 'VISIBLE');
INSERT INTO review_replies (review_id, user_id, content, status) VALUES (162, 218, 'I completely agree with you! #6', 'VISIBLE');
INSERT INTO review_replies (review_id, user_id, content, status) VALUES (118, 118, 'I completely agree with you! #7', 'VISIBLE');
INSERT INTO review_replies (review_id, user_id, content, status) VALUES (128, 123, 'I completely agree with you! #8', 'VISIBLE');
INSERT INTO review_replies (review_id, user_id, content, status) VALUES (124, 156, 'I completely agree with you! #9', 'VISIBLE');
INSERT INTO review_replies (review_id, user_id, content, status) VALUES (197, 162, 'I completely agree with you! #10', 'VISIBLE');
INSERT INTO review_replies (review_id, user_id, content, status) VALUES (180, 168, 'I completely agree with you! #11', 'VISIBLE');
INSERT INTO review_replies (review_id, user_id, content, status) VALUES (139, 186, 'I completely agree with you! #12', 'VISIBLE');
INSERT INTO review_replies (review_id, user_id, content, status) VALUES (125, 157, 'I completely agree with you! #13', 'VISIBLE');
INSERT INTO review_replies (review_id, user_id, content, status) VALUES (174, 181, 'I completely agree with you! #14', 'VISIBLE');
INSERT INTO review_replies (review_id, user_id, content, status) VALUES (176, 148, 'I completely agree with you! #15', 'VISIBLE');
INSERT INTO review_replies (review_id, user_id, content, status) VALUES (116, 186, 'I completely agree with you! #16', 'VISIBLE');
INSERT INTO review_replies (review_id, user_id, content, status) VALUES (144, 182, 'I completely agree with you! #17', 'VISIBLE');
INSERT INTO review_replies (review_id, user_id, content, status) VALUES (102, 184, 'I completely agree with you! #18', 'VISIBLE');
INSERT INTO review_replies (review_id, user_id, content, status) VALUES (166, 168, 'I completely agree with you! #19', 'VISIBLE');
INSERT INTO review_replies (review_id, user_id, content, status) VALUES (196, 161, 'I completely agree with you! #20', 'VISIBLE');
INSERT INTO review_replies (review_id, user_id, content, status) VALUES (158, 112, 'I completely agree with you! #21', 'VISIBLE');
INSERT INTO review_replies (review_id, user_id, content, status) VALUES (173, 162, 'I completely agree with you! #22', 'VISIBLE');
INSERT INTO review_replies (review_id, user_id, content, status) VALUES (178, 211, 'I completely agree with you! #23', 'VISIBLE');
INSERT INTO review_replies (review_id, user_id, content, status) VALUES (117, 183, 'I completely agree with you! #24', 'VISIBLE');
INSERT INTO review_replies (review_id, user_id, content, status) VALUES (190, 129, 'I completely agree with you! #25', 'VISIBLE');
INSERT INTO review_replies (review_id, user_id, content, status) VALUES (126, 206, 'I completely agree with you! #26', 'VISIBLE');
INSERT INTO review_replies (review_id, user_id, content, status) VALUES (152, 185, 'I completely agree with you! #27', 'VISIBLE');
INSERT INTO review_replies (review_id, user_id, content, status) VALUES (149, 159, 'I completely agree with you! #28', 'VISIBLE');
INSERT INTO review_replies (review_id, user_id, content, status) VALUES (108, 105, 'I completely agree with you! #29', 'VISIBLE');
INSERT INTO review_replies (review_id, user_id, content, status) VALUES (106, 150, 'I completely agree with you! #30', 'VISIBLE');
INSERT INTO review_replies (review_id, user_id, content, status) VALUES (160, 216, 'I completely agree with you! #31', 'VISIBLE');
INSERT INTO review_replies (review_id, user_id, content, status) VALUES (141, 201, 'I completely agree with you! #32', 'VISIBLE');
INSERT INTO review_replies (review_id, user_id, content, status) VALUES (172, 104, 'I completely agree with you! #33', 'VISIBLE');
INSERT INTO review_replies (review_id, user_id, content, status) VALUES (165, 129, 'I completely agree with you! #34', 'VISIBLE');
INSERT INTO review_replies (review_id, user_id, content, status) VALUES (130, 174, 'I completely agree with you! #35', 'VISIBLE');
INSERT INTO review_replies (review_id, user_id, content, status) VALUES (154, 218, 'I completely agree with you! #36', 'VISIBLE');
INSERT INTO review_replies (review_id, user_id, content, status) VALUES (134, 121, 'I completely agree with you! #37', 'VISIBLE');
INSERT INTO review_replies (review_id, user_id, content, status) VALUES (173, 210, 'I completely agree with you! #38', 'VISIBLE');
INSERT INTO review_replies (review_id, user_id, content, status) VALUES (140, 120, 'I completely agree with you! #39', 'VISIBLE');
INSERT INTO review_replies (review_id, user_id, content, status) VALUES (187, 118, 'I completely agree with you! #40', 'VISIBLE');
INSERT INTO review_replies (review_id, user_id, content, status) VALUES (133, 151, 'I completely agree with you! #41', 'VISIBLE');
INSERT INTO review_replies (review_id, user_id, content, status) VALUES (182, 176, 'I completely agree with you! #42', 'VISIBLE');
INSERT INTO review_replies (review_id, user_id, content, status) VALUES (200, 117, 'I completely agree with you! #43', 'VISIBLE');
INSERT INTO review_replies (review_id, user_id, content, status) VALUES (134, 141, 'I completely agree with you! #44', 'VISIBLE');
INSERT INTO review_replies (review_id, user_id, content, status) VALUES (133, 203, 'I completely agree with you! #45', 'VISIBLE');
INSERT INTO review_replies (review_id, user_id, content, status) VALUES (176, 159, 'I completely agree with you! #46', 'VISIBLE');
INSERT INTO review_replies (review_id, user_id, content, status) VALUES (124, 142, 'I completely agree with you! #47', 'VISIBLE');
INSERT INTO review_replies (review_id, user_id, content, status) VALUES (142, 125, 'I completely agree with you! #48', 'VISIBLE');
INSERT INTO review_replies (review_id, user_id, content, status) VALUES (117, 151, 'I completely agree with you! #49', 'VISIBLE');
INSERT INTO review_replies (review_id, user_id, content, status) VALUES (195, 157, 'I completely agree with you! #50', 'VISIBLE');
INSERT INTO review_replies (review_id, user_id, content, status) VALUES (119, 105, 'I completely agree with you! #51', 'VISIBLE');
INSERT INTO review_replies (review_id, user_id, content, status) VALUES (181, 179, 'I completely agree with you! #52', 'VISIBLE');
INSERT INTO review_replies (review_id, user_id, content, status) VALUES (190, 218, 'I completely agree with you! #53', 'VISIBLE');
INSERT INTO review_replies (review_id, user_id, content, status) VALUES (188, 203, 'I completely agree with you! #54', 'VISIBLE');
INSERT INTO review_replies (review_id, user_id, content, status) VALUES (195, 142, 'I completely agree with you! #55', 'VISIBLE');
INSERT INTO review_replies (review_id, user_id, content, status) VALUES (128, 144, 'I completely agree with you! #56', 'VISIBLE');
INSERT INTO review_replies (review_id, user_id, content, status) VALUES (151, 105, 'I completely agree with you! #57', 'VISIBLE');
INSERT INTO review_replies (review_id, user_id, content, status) VALUES (121, 148, 'I completely agree with you! #58', 'VISIBLE');
INSERT INTO review_replies (review_id, user_id, content, status) VALUES (113, 179, 'I completely agree with you! #59', 'VISIBLE');
INSERT INTO review_replies (review_id, user_id, content, status) VALUES (136, 170, 'I completely agree with you! #60', 'VISIBLE');
INSERT INTO review_replies (review_id, user_id, content, status) VALUES (115, 176, 'I completely agree with you! #61', 'VISIBLE');
INSERT INTO review_replies (review_id, user_id, content, status) VALUES (198, 187, 'I completely agree with you! #62', 'VISIBLE');
INSERT INTO review_replies (review_id, user_id, content, status) VALUES (198, 169, 'I completely agree with you! #63', 'VISIBLE');
INSERT INTO review_replies (review_id, user_id, content, status) VALUES (101, 179, 'I completely agree with you! #64', 'VISIBLE');
INSERT INTO review_replies (review_id, user_id, content, status) VALUES (187, 130, 'I completely agree with you! #65', 'VISIBLE');
INSERT INTO review_replies (review_id, user_id, content, status) VALUES (115, 190, 'I completely agree with you! #66', 'VISIBLE');
INSERT INTO review_replies (review_id, user_id, content, status) VALUES (101, 121, 'I completely agree with you! #67', 'VISIBLE');
INSERT INTO review_replies (review_id, user_id, content, status) VALUES (109, 217, 'I completely agree with you! #68', 'VISIBLE');
INSERT INTO review_replies (review_id, user_id, content, status) VALUES (131, 147, 'I completely agree with you! #69', 'VISIBLE');
INSERT INTO review_replies (review_id, user_id, content, status) VALUES (191, 216, 'I completely agree with you! #70', 'VISIBLE');
INSERT INTO review_replies (review_id, user_id, content, status) VALUES (190, 118, 'I completely agree with you! #71', 'VISIBLE');
INSERT INTO review_replies (review_id, user_id, content, status) VALUES (182, 173, 'I completely agree with you! #72', 'VISIBLE');
INSERT INTO review_replies (review_id, user_id, content, status) VALUES (187, 116, 'I completely agree with you! #73', 'VISIBLE');
INSERT INTO review_replies (review_id, user_id, content, status) VALUES (194, 188, 'I completely agree with you! #74', 'VISIBLE');
INSERT INTO review_replies (review_id, user_id, content, status) VALUES (160, 182, 'I completely agree with you! #75', 'VISIBLE');
INSERT INTO review_replies (review_id, user_id, content, status) VALUES (177, 121, 'I completely agree with you! #76', 'VISIBLE');
INSERT INTO review_replies (review_id, user_id, content, status) VALUES (155, 173, 'I completely agree with you! #77', 'VISIBLE');
INSERT INTO review_replies (review_id, user_id, content, status) VALUES (165, 175, 'I completely agree with you! #78', 'VISIBLE');
INSERT INTO review_replies (review_id, user_id, content, status) VALUES (152, 204, 'I completely agree with you! #79', 'VISIBLE');
INSERT INTO review_replies (review_id, user_id, content, status) VALUES (122, 192, 'I completely agree with you! #80', 'VISIBLE');
INSERT INTO friendships (sender_id, receiver_id, status) VALUES (206, 194, 'PENDING') ON CONFLICT DO NOTHING;
INSERT INTO friendships (sender_id, receiver_id, status) VALUES (104, 156, 'ACCEPTED') ON CONFLICT DO NOTHING;
INSERT INTO friendships (sender_id, receiver_id, status) VALUES (211, 157, 'ACCEPTED') ON CONFLICT DO NOTHING;
INSERT INTO friendships (sender_id, receiver_id, status) VALUES (185, 130, 'PENDING') ON CONFLICT DO NOTHING;
INSERT INTO friendships (sender_id, receiver_id, status) VALUES (194, 118, 'DECLINED') ON CONFLICT DO NOTHING;
INSERT INTO friendships (sender_id, receiver_id, status) VALUES (170, 175, 'DECLINED') ON CONFLICT DO NOTHING;
INSERT INTO friendships (sender_id, receiver_id, status) VALUES (170, 174, 'ACCEPTED') ON CONFLICT DO NOTHING;
INSERT INTO friendships (sender_id, receiver_id, status) VALUES (201, 213, 'DECLINED') ON CONFLICT DO NOTHING;
INSERT INTO friendships (sender_id, receiver_id, status) VALUES (125, 201, 'DECLINED') ON CONFLICT DO NOTHING;
INSERT INTO friendships (sender_id, receiver_id, status) VALUES (199, 104, 'ACCEPTED') ON CONFLICT DO NOTHING;
INSERT INTO friendships (sender_id, receiver_id, status) VALUES (106, 145, 'ACCEPTED') ON CONFLICT DO NOTHING;
INSERT INTO friendships (sender_id, receiver_id, status) VALUES (116, 129, 'ACCEPTED') ON CONFLICT DO NOTHING;
INSERT INTO friendships (sender_id, receiver_id, status) VALUES (117, 112, 'PENDING') ON CONFLICT DO NOTHING;
INSERT INTO friendships (sender_id, receiver_id, status) VALUES (215, 171, 'ACCEPTED') ON CONFLICT DO NOTHING;
INSERT INTO friendships (sender_id, receiver_id, status) VALUES (125, 104, 'PENDING') ON CONFLICT DO NOTHING;
INSERT INTO friendships (sender_id, receiver_id, status) VALUES (115, 194, 'ACCEPTED') ON CONFLICT DO NOTHING;
INSERT INTO friendships (sender_id, receiver_id, status) VALUES (176, 112, 'DECLINED') ON CONFLICT DO NOTHING;
INSERT INTO friendships (sender_id, receiver_id, status) VALUES (130, 191, 'ACCEPTED') ON CONFLICT DO NOTHING;
INSERT INTO friendships (sender_id, receiver_id, status) VALUES (112, 184, 'DECLINED') ON CONFLICT DO NOTHING;
INSERT INTO friendships (sender_id, receiver_id, status) VALUES (213, 145, 'DECLINED') ON CONFLICT DO NOTHING;
INSERT INTO friendships (sender_id, receiver_id, status) VALUES (124, 218, 'PENDING') ON CONFLICT DO NOTHING;
INSERT INTO friendships (sender_id, receiver_id, status) VALUES (112, 179, 'DECLINED') ON CONFLICT DO NOTHING;
INSERT INTO friendships (sender_id, receiver_id, status) VALUES (112, 142, 'PENDING') ON CONFLICT DO NOTHING;
INSERT INTO friendships (sender_id, receiver_id, status) VALUES (106, 112, 'DECLINED') ON CONFLICT DO NOTHING;
INSERT INTO friendships (sender_id, receiver_id, status) VALUES (183, 156, 'DECLINED') ON CONFLICT DO NOTHING;
INSERT INTO friendships (sender_id, receiver_id, status) VALUES (104, 216, 'DECLINED') ON CONFLICT DO NOTHING;
INSERT INTO friendships (sender_id, receiver_id, status) VALUES (145, 120, 'PENDING') ON CONFLICT DO NOTHING;
INSERT INTO friendships (sender_id, receiver_id, status) VALUES (203, 216, 'ACCEPTED') ON CONFLICT DO NOTHING;
INSERT INTO friendships (sender_id, receiver_id, status) VALUES (145, 162, 'ACCEPTED') ON CONFLICT DO NOTHING;
INSERT INTO friendships (sender_id, receiver_id, status) VALUES (219, 201, 'DECLINED') ON CONFLICT DO NOTHING;
INSERT INTO friendships (sender_id, receiver_id, status) VALUES (142, 204, 'PENDING') ON CONFLICT DO NOTHING;
INSERT INTO friendships (sender_id, receiver_id, status) VALUES (181, 106, 'DECLINED') ON CONFLICT DO NOTHING;
INSERT INTO friendships (sender_id, receiver_id, status) VALUES (110, 157, 'PENDING') ON CONFLICT DO NOTHING;
INSERT INTO friendships (sender_id, receiver_id, status) VALUES (182, 141, 'PENDING') ON CONFLICT DO NOTHING;
INSERT INTO friendships (sender_id, receiver_id, status) VALUES (191, 190, 'PENDING') ON CONFLICT DO NOTHING;
INSERT INTO friendships (sender_id, receiver_id, status) VALUES (186, 203, 'PENDING') ON CONFLICT DO NOTHING;
INSERT INTO friendships (sender_id, receiver_id, status) VALUES (203, 151, 'PENDING') ON CONFLICT DO NOTHING;
INSERT INTO friendships (sender_id, receiver_id, status) VALUES (117, 186, 'PENDING') ON CONFLICT DO NOTHING;
INSERT INTO friendships (sender_id, receiver_id, status) VALUES (217, 218, 'PENDING') ON CONFLICT DO NOTHING;
INSERT INTO friendships (sender_id, receiver_id, status) VALUES (187, 144, 'DECLINED') ON CONFLICT DO NOTHING;
INSERT INTO friendships (sender_id, receiver_id, status) VALUES (211, 145, 'PENDING') ON CONFLICT DO NOTHING;
INSERT INTO friendships (sender_id, receiver_id, status) VALUES (191, 219, 'ACCEPTED') ON CONFLICT DO NOTHING;
INSERT INTO friendships (sender_id, receiver_id, status) VALUES (105, 201, 'ACCEPTED') ON CONFLICT DO NOTHING;
INSERT INTO friendships (sender_id, receiver_id, status) VALUES (184, 215, 'ACCEPTED') ON CONFLICT DO NOTHING;
INSERT INTO friendships (sender_id, receiver_id, status) VALUES (206, 130, 'DECLINED') ON CONFLICT DO NOTHING;
INSERT INTO friendships (sender_id, receiver_id, status) VALUES (182, 216, 'ACCEPTED') ON CONFLICT DO NOTHING;
INSERT INTO friendships (sender_id, receiver_id, status) VALUES (145, 125, 'ACCEPTED') ON CONFLICT DO NOTHING;
INSERT INTO friendships (sender_id, receiver_id, status) VALUES (215, 159, 'DECLINED') ON CONFLICT DO NOTHING;
INSERT INTO friendships (sender_id, receiver_id, status) VALUES (145, 168, 'PENDING') ON CONFLICT DO NOTHING;
INSERT INTO friendships (sender_id, receiver_id, status) VALUES (145, 211, 'PENDING') ON CONFLICT DO NOTHING;
INSERT INTO friendships (sender_id, receiver_id, status) VALUES (206, 203, 'PENDING') ON CONFLICT DO NOTHING;
INSERT INTO friendships (sender_id, receiver_id, status) VALUES (148, 171, 'DECLINED') ON CONFLICT DO NOTHING;
INSERT INTO friendships (sender_id, receiver_id, status) VALUES (182, 130, 'ACCEPTED') ON CONFLICT DO NOTHING;
INSERT INTO friendships (sender_id, receiver_id, status) VALUES (117, 110, 'PENDING') ON CONFLICT DO NOTHING;
INSERT INTO friendships (sender_id, receiver_id, status) VALUES (188, 182, 'PENDING') ON CONFLICT DO NOTHING;
INSERT INTO friendships (sender_id, receiver_id, status) VALUES (129, 148, 'DECLINED') ON CONFLICT DO NOTHING;
INSERT INTO friendships (sender_id, receiver_id, status) VALUES (161, 183, 'PENDING') ON CONFLICT DO NOTHING;
INSERT INTO friendships (sender_id, receiver_id, status) VALUES (106, 112, 'DECLINED') ON CONFLICT DO NOTHING;
INSERT INTO friendships (sender_id, receiver_id, status) VALUES (130, 141, 'PENDING') ON CONFLICT DO NOTHING;
INSERT INTO friendships (sender_id, receiver_id, status) VALUES (217, 210, 'ACCEPTED') ON CONFLICT DO NOTHING;
INSERT INTO friendships (sender_id, receiver_id, status) VALUES (110, 174, 'PENDING') ON CONFLICT DO NOTHING;
INSERT INTO friendships (sender_id, receiver_id, status) VALUES (104, 183, 'DECLINED') ON CONFLICT DO NOTHING;
INSERT INTO friendships (sender_id, receiver_id, status) VALUES (185, 206, 'ACCEPTED') ON CONFLICT DO NOTHING;
INSERT INTO friendships (sender_id, receiver_id, status) VALUES (182, 117, 'PENDING') ON CONFLICT DO NOTHING;
INSERT INTO friendships (sender_id, receiver_id, status) VALUES (183, 156, 'PENDING') ON CONFLICT DO NOTHING;
INSERT INTO friendships (sender_id, receiver_id, status) VALUES (133, 104, 'ACCEPTED') ON CONFLICT DO NOTHING;
INSERT INTO friendships (sender_id, receiver_id, status) VALUES (213, 156, 'PENDING') ON CONFLICT DO NOTHING;
INSERT INTO friendships (sender_id, receiver_id, status) VALUES (170, 123, 'PENDING') ON CONFLICT DO NOTHING;
INSERT INTO friendships (sender_id, receiver_id, status) VALUES (110, 141, 'DECLINED') ON CONFLICT DO NOTHING;
INSERT INTO friendships (sender_id, receiver_id, status) VALUES (199, 175, 'PENDING') ON CONFLICT DO NOTHING;
INSERT INTO friendships (sender_id, receiver_id, status) VALUES (145, 174, 'DECLINED') ON CONFLICT DO NOTHING;
INSERT INTO friendships (sender_id, receiver_id, status) VALUES (199, 217, 'DECLINED') ON CONFLICT DO NOTHING;
INSERT INTO friendships (sender_id, receiver_id, status) VALUES (142, 144, 'DECLINED') ON CONFLICT DO NOTHING;
INSERT INTO friendships (sender_id, receiver_id, status) VALUES (181, 187, 'DECLINED') ON CONFLICT DO NOTHING;
INSERT INTO friendships (sender_id, receiver_id, status) VALUES (124, 151, 'ACCEPTED') ON CONFLICT DO NOTHING;
INSERT INTO friendships (sender_id, receiver_id, status) VALUES (213, 117, 'ACCEPTED') ON CONFLICT DO NOTHING;
INSERT INTO friendships (sender_id, receiver_id, status) VALUES (194, 161, 'PENDING') ON CONFLICT DO NOTHING;
INSERT INTO friendships (sender_id, receiver_id, status) VALUES (142, 190, 'ACCEPTED') ON CONFLICT DO NOTHING;
INSERT INTO friendships (sender_id, receiver_id, status) VALUES (179, 141, 'DECLINED') ON CONFLICT DO NOTHING;
INSERT INTO friendships (sender_id, receiver_id, status) VALUES (104, 173, 'ACCEPTED') ON CONFLICT DO NOTHING;
INSERT INTO friendships (sender_id, receiver_id, status) VALUES (210, 110, 'PENDING') ON CONFLICT DO NOTHING;
INSERT INTO friendships (sender_id, receiver_id, status) VALUES (152, 184, 'ACCEPTED') ON CONFLICT DO NOTHING;
INSERT INTO friendships (sender_id, receiver_id, status) VALUES (184, 115, 'ACCEPTED') ON CONFLICT DO NOTHING;
INSERT INTO friendships (sender_id, receiver_id, status) VALUES (213, 170, 'PENDING') ON CONFLICT DO NOTHING;
INSERT INTO friendships (sender_id, receiver_id, status) VALUES (168, 141, 'ACCEPTED') ON CONFLICT DO NOTHING;
INSERT INTO friendships (sender_id, receiver_id, status) VALUES (104, 204, 'ACCEPTED') ON CONFLICT DO NOTHING;
INSERT INTO friendships (sender_id, receiver_id, status) VALUES (175, 183, 'DECLINED') ON CONFLICT DO NOTHING;
INSERT INTO friendships (sender_id, receiver_id, status) VALUES (170, 114, 'DECLINED') ON CONFLICT DO NOTHING;
INSERT INTO friendships (sender_id, receiver_id, status) VALUES (206, 110, 'PENDING') ON CONFLICT DO NOTHING;
INSERT INTO friendships (sender_id, receiver_id, status) VALUES (194, 187, 'DECLINED') ON CONFLICT DO NOTHING;
INSERT INTO friendships (sender_id, receiver_id, status) VALUES (133, 218, 'ACCEPTED') ON CONFLICT DO NOTHING;
INSERT INTO friendships (sender_id, receiver_id, status) VALUES (144, 201, 'PENDING') ON CONFLICT DO NOTHING;
INSERT INTO friendships (sender_id, receiver_id, status) VALUES (179, 125, 'PENDING') ON CONFLICT DO NOTHING;
INSERT INTO friendships (sender_id, receiver_id, status) VALUES (130, 176, 'ACCEPTED') ON CONFLICT DO NOTHING;
INSERT INTO friendships (sender_id, receiver_id, status) VALUES (176, 183, 'ACCEPTED') ON CONFLICT DO NOTHING;
INSERT INTO friendships (sender_id, receiver_id, status) VALUES (181, 114, 'DECLINED') ON CONFLICT DO NOTHING;
INSERT INTO friendships (sender_id, receiver_id, status) VALUES (188, 175, 'ACCEPTED') ON CONFLICT DO NOTHING;
INSERT INTO friendships (sender_id, receiver_id, status) VALUES (206, 156, 'PENDING') ON CONFLICT DO NOTHING;
INSERT INTO friendships (sender_id, receiver_id, status) VALUES (199, 150, 'PENDING') ON CONFLICT DO NOTHING;
INSERT INTO friendships (sender_id, receiver_id, status) VALUES (116, 215, 'ACCEPTED') ON CONFLICT DO NOTHING;
INSERT INTO messages (sender_id, receiver_id, content, is_read) VALUES (132, 215, 'Hello from super_users_32, lets play cats!', false);
INSERT INTO messages (sender_id, receiver_id, content, is_read) VALUES (144, 115, 'Hello from super_users_44, lets play cats!', true);
INSERT INTO messages (sender_id, receiver_id, content, is_read) VALUES (190, 170, 'Hello from super_users_90, lets play cats!', true);
INSERT INTO messages (sender_id, receiver_id, content, is_read) VALUES (169, 114, 'Hello from super_users_69, lets play cats!', true);
INSERT INTO messages (sender_id, receiver_id, content, is_read) VALUES (104, 151, 'Hello from super_users_4, lets play cats!', false);
INSERT INTO messages (sender_id, receiver_id, content, is_read) VALUES (188, 217, 'Hello from super_users_88, lets play cats!', false);
INSERT INTO messages (sender_id, receiver_id, content, is_read) VALUES (117, 124, 'Hello from super_users_17, lets play cats!', false);
INSERT INTO messages (sender_id, receiver_id, content, is_read) VALUES (161, 171, 'Hello from super_users_61, lets play cats!', true);
INSERT INTO messages (sender_id, receiver_id, content, is_read) VALUES (217, 117, 'Hello from super_users_117, lets play cats!', false);
INSERT INTO messages (sender_id, receiver_id, content, is_read) VALUES (192, 203, 'Hello from super_users_92, lets play cats!', false);
INSERT INTO messages (sender_id, receiver_id, content, is_read) VALUES (115, 144, 'Hello from super_users_15, lets play cats!', false);
INSERT INTO messages (sender_id, receiver_id, content, is_read) VALUES (206, 147, 'Hello from super_users_106, lets play cats!', true);
INSERT INTO messages (sender_id, receiver_id, content, is_read) VALUES (206, 110, 'Hello from super_users_106, lets play cats!', true);
INSERT INTO messages (sender_id, receiver_id, content, is_read) VALUES (173, 141, 'Hello from super_users_73, lets play cats!', true);
INSERT INTO messages (sender_id, receiver_id, content, is_read) VALUES (216, 188, 'Hello from super_users_116, lets play cats!', true);
INSERT INTO messages (sender_id, receiver_id, content, is_read) VALUES (182, 211, 'Hello from super_users_82, lets play cats!', true);
INSERT INTO messages (sender_id, receiver_id, content, is_read) VALUES (190, 105, 'Hello from super_users_90, lets play cats!', true);
INSERT INTO messages (sender_id, receiver_id, content, is_read) VALUES (215, 120, 'Hello from super_users_115, lets play cats!', false);
INSERT INTO messages (sender_id, receiver_id, content, is_read) VALUES (170, 183, 'Hello from super_users_70, lets play cats!', false);
INSERT INTO messages (sender_id, receiver_id, content, is_read) VALUES (194, 132, 'Hello from super_users_94, lets play cats!', true);
INSERT INTO messages (sender_id, receiver_id, content, is_read) VALUES (145, 183, 'Hello from super_users_45, lets play cats!', true);
INSERT INTO messages (sender_id, receiver_id, content, is_read) VALUES (112, 118, 'Hello from super_users_12, lets play cats!', true);
INSERT INTO messages (sender_id, receiver_id, content, is_read) VALUES (110, 125, 'Hello from super_users_10, lets play cats!', true);
INSERT INTO messages (sender_id, receiver_id, content, is_read) VALUES (190, 120, 'Hello from super_users_90, lets play cats!', false);
INSERT INTO messages (sender_id, receiver_id, content, is_read) VALUES (183, 201, 'Hello from super_users_83, lets play cats!', true);
INSERT INTO messages (sender_id, receiver_id, content, is_read) VALUES (215, 186, 'Hello from super_users_115, lets play cats!', false);
INSERT INTO messages (sender_id, receiver_id, content, is_read) VALUES (105, 145, 'Hello from super_users_5, lets play cats!', true);
INSERT INTO messages (sender_id, receiver_id, content, is_read) VALUES (132, 104, 'Hello from super_users_32, lets play cats!', false);
INSERT INTO messages (sender_id, receiver_id, content, is_read) VALUES (105, 156, 'Hello from super_users_5, lets play cats!', true);
INSERT INTO messages (sender_id, receiver_id, content, is_read) VALUES (201, 145, 'Hello from super_users_101, lets play cats!', true);
INSERT INTO messages (sender_id, receiver_id, content, is_read) VALUES (183, 206, 'Hello from super_users_83, lets play cats!', false);
INSERT INTO messages (sender_id, receiver_id, content, is_read) VALUES (187, 150, 'Hello from super_users_87, lets play cats!', true);
INSERT INTO messages (sender_id, receiver_id, content, is_read) VALUES (216, 176, 'Hello from super_users_116, lets play cats!', false);
INSERT INTO messages (sender_id, receiver_id, content, is_read) VALUES (174, 125, 'Hello from super_users_74, lets play cats!', true);
INSERT INTO messages (sender_id, receiver_id, content, is_read) VALUES (142, 162, 'Hello from super_users_42, lets play cats!', false);
INSERT INTO messages (sender_id, receiver_id, content, is_read) VALUES (210, 162, 'Hello from super_users_110, lets play cats!', true);
INSERT INTO messages (sender_id, receiver_id, content, is_read) VALUES (145, 156, 'Hello from super_users_45, lets play cats!', false);
INSERT INTO messages (sender_id, receiver_id, content, is_read) VALUES (190, 179, 'Hello from super_users_90, lets play cats!', false);
INSERT INTO messages (sender_id, receiver_id, content, is_read) VALUES (217, 162, 'Hello from super_users_117, lets play cats!', true);
INSERT INTO messages (sender_id, receiver_id, content, is_read) VALUES (120, 201, 'Hello from super_users_20, lets play cats!', false);
INSERT INTO messages (sender_id, receiver_id, content, is_read) VALUES (206, 117, 'Hello from super_users_106, lets play cats!', false);
INSERT INTO messages (sender_id, receiver_id, content, is_read) VALUES (187, 201, 'Hello from super_users_87, lets play cats!', true);
INSERT INTO messages (sender_id, receiver_id, content, is_read) VALUES (201, 182, 'Hello from super_users_101, lets play cats!', false);
INSERT INTO messages (sender_id, receiver_id, content, is_read) VALUES (168, 141, 'Hello from super_users_68, lets play cats!', false);
INSERT INTO messages (sender_id, receiver_id, content, is_read) VALUES (181, 204, 'Hello from super_users_81, lets play cats!', true);
INSERT INTO messages (sender_id, receiver_id, content, is_read) VALUES (183, 173, 'Hello from super_users_83, lets play cats!', true);
INSERT INTO messages (sender_id, receiver_id, content, is_read) VALUES (118, 186, 'Hello from super_users_18, lets play cats!', false);
INSERT INTO messages (sender_id, receiver_id, content, is_read) VALUES (169, 202, 'Hello from super_users_69, lets play cats!', true);
INSERT INTO messages (sender_id, receiver_id, content, is_read) VALUES (144, 125, 'Hello from super_users_44, lets play cats!', false);
INSERT INTO messages (sender_id, receiver_id, content, is_read) VALUES (162, 148, 'Hello from super_users_62, lets play cats!', true);
INSERT INTO messages (sender_id, receiver_id, content, is_read) VALUES (179, 121, 'Hello from super_users_79, lets play cats!', true);
INSERT INTO messages (sender_id, receiver_id, content, is_read) VALUES (145, 179, 'Hello from super_users_45, lets play cats!', true);
INSERT INTO messages (sender_id, receiver_id, content, is_read) VALUES (145, 187, 'Hello from super_users_45, lets play cats!', true);
INSERT INTO messages (sender_id, receiver_id, content, is_read) VALUES (150, 202, 'Hello from super_users_50, lets play cats!', true);
INSERT INTO messages (sender_id, receiver_id, content, is_read) VALUES (147, 157, 'Hello from super_users_47, lets play cats!', true);
INSERT INTO messages (sender_id, receiver_id, content, is_read) VALUES (191, 124, 'Hello from super_users_91, lets play cats!', false);
INSERT INTO messages (sender_id, receiver_id, content, is_read) VALUES (173, 185, 'Hello from super_users_73, lets play cats!', true);
INSERT INTO messages (sender_id, receiver_id, content, is_read) VALUES (183, 191, 'Hello from super_users_83, lets play cats!', true);
INSERT INTO messages (sender_id, receiver_id, content, is_read) VALUES (147, 125, 'Hello from super_users_47, lets play cats!', true);
INSERT INTO messages (sender_id, receiver_id, content, is_read) VALUES (121, 159, 'Hello from super_users_21, lets play cats!', false);
INSERT INTO messages (sender_id, receiver_id, content, is_read) VALUES (117, 125, 'Hello from super_users_17, lets play cats!', true);
INSERT INTO messages (sender_id, receiver_id, content, is_read) VALUES (219, 121, 'Hello from super_users_119, lets play cats!', false);
INSERT INTO messages (sender_id, receiver_id, content, is_read) VALUES (185, 190, 'Hello from super_users_85, lets play cats!', false);
INSERT INTO messages (sender_id, receiver_id, content, is_read) VALUES (201, 162, 'Hello from super_users_101, lets play cats!', false);
INSERT INTO messages (sender_id, receiver_id, content, is_read) VALUES (201, 194, 'Hello from super_users_101, lets play cats!', false);
INSERT INTO messages (sender_id, receiver_id, content, is_read) VALUES (148, 184, 'Hello from super_users_48, lets play cats!', true);
INSERT INTO messages (sender_id, receiver_id, content, is_read) VALUES (162, 118, 'Hello from super_users_62, lets play cats!', false);
INSERT INTO messages (sender_id, receiver_id, content, is_read) VALUES (213, 191, 'Hello from super_users_113, lets play cats!', true);
INSERT INTO messages (sender_id, receiver_id, content, is_read) VALUES (161, 211, 'Hello from super_users_61, lets play cats!', true);
INSERT INTO messages (sender_id, receiver_id, content, is_read) VALUES (141, 204, 'Hello from super_users_41, lets play cats!', false);
INSERT INTO messages (sender_id, receiver_id, content, is_read) VALUES (170, 156, 'Hello from super_users_70, lets play cats!', false);
INSERT INTO messages (sender_id, receiver_id, content, is_read) VALUES (125, 202, 'Hello from super_users_25, lets play cats!', false);
INSERT INTO messages (sender_id, receiver_id, content, is_read) VALUES (181, 117, 'Hello from super_users_81, lets play cats!', true);
INSERT INTO messages (sender_id, receiver_id, content, is_read) VALUES (150, 173, 'Hello from super_users_50, lets play cats!', true);
INSERT INTO messages (sender_id, receiver_id, content, is_read) VALUES (114, 124, 'Hello from super_users_14, lets play cats!', false);
INSERT INTO messages (sender_id, receiver_id, content, is_read) VALUES (202, 170, 'Hello from super_users_102, lets play cats!', true);
INSERT INTO messages (sender_id, receiver_id, content, is_read) VALUES (161, 190, 'Hello from super_users_61, lets play cats!', false);
INSERT INTO messages (sender_id, receiver_id, content, is_read) VALUES (185, 120, 'Hello from super_users_85, lets play cats!', false);
INSERT INTO messages (sender_id, receiver_id, content, is_read) VALUES (200, 105, 'Hello from super_users_100, lets play cats!', true);
INSERT INTO messages (sender_id, receiver_id, content, is_read) VALUES (210, 174, 'Hello from super_users_110, lets play cats!', true);
INSERT INTO messages (sender_id, receiver_id, content, is_read) VALUES (211, 162, 'Hello from super_users_111, lets play cats!', true);
INSERT INTO messages (sender_id, receiver_id, content, is_read) VALUES (104, 169, 'Hello from super_users_4, lets play cats!', false);
INSERT INTO messages (sender_id, receiver_id, content, is_read) VALUES (216, 176, 'Hello from super_users_116, lets play cats!', true);
INSERT INTO messages (sender_id, receiver_id, content, is_read) VALUES (181, 210, 'Hello from super_users_81, lets play cats!', true);
INSERT INTO messages (sender_id, receiver_id, content, is_read) VALUES (117, 200, 'Hello from super_users_17, lets play cats!', true);
INSERT INTO messages (sender_id, receiver_id, content, is_read) VALUES (130, 182, 'Hello from super_users_30, lets play cats!', true);
INSERT INTO messages (sender_id, receiver_id, content, is_read) VALUES (204, 218, 'Hello from super_users_104, lets play cats!', false);
INSERT INTO messages (sender_id, receiver_id, content, is_read) VALUES (116, 187, 'Hello from super_users_16, lets play cats!', false);
INSERT INTO messages (sender_id, receiver_id, content, is_read) VALUES (152, 171, 'Hello from super_users_52, lets play cats!', true);
INSERT INTO messages (sender_id, receiver_id, content, is_read) VALUES (145, 169, 'Hello from super_users_45, lets play cats!', true);
INSERT INTO messages (sender_id, receiver_id, content, is_read) VALUES (192, 123, 'Hello from super_users_92, lets play cats!', true);
INSERT INTO messages (sender_id, receiver_id, content, is_read) VALUES (200, 184, 'Hello from super_users_100, lets play cats!', false);
INSERT INTO messages (sender_id, receiver_id, content, is_read) VALUES (116, 156, 'Hello from super_users_16, lets play cats!', true);
INSERT INTO messages (sender_id, receiver_id, content, is_read) VALUES (168, 170, 'Hello from super_users_68, lets play cats!', true);
INSERT INTO messages (sender_id, receiver_id, content, is_read) VALUES (142, 162, 'Hello from super_users_42, lets play cats!', true);
INSERT INTO messages (sender_id, receiver_id, content, is_read) VALUES (191, 170, 'Hello from super_users_91, lets play cats!', true);
INSERT INTO messages (sender_id, receiver_id, content, is_read) VALUES (142, 181, 'Hello from super_users_42, lets play cats!', false);
INSERT INTO messages (sender_id, receiver_id, content, is_read) VALUES (124, 159, 'Hello from super_users_24, lets play cats!', true);
INSERT INTO messages (sender_id, receiver_id, content, is_read) VALUES (144, 173, 'Hello from super_users_44, lets play cats!', false);
INSERT INTO messages (sender_id, receiver_id, content, is_read) VALUES (159, 203, 'Hello from super_users_59, lets play cats!', true);
INSERT INTO messages (sender_id, receiver_id, content, is_read) VALUES (176, 184, 'Hello from super_users_76, lets play cats!', true);
INSERT INTO messages (sender_id, receiver_id, content, is_read) VALUES (215, 216, 'Hello from super_users_115, lets play cats!', false);
INSERT INTO messages (sender_id, receiver_id, content, is_read) VALUES (147, 123, 'Hello from super_users_47, lets play cats!', true);
INSERT INTO messages (sender_id, receiver_id, content, is_read) VALUES (115, 183, 'Hello from super_users_15, lets play cats!', true);
INSERT INTO messages (sender_id, receiver_id, content, is_read) VALUES (115, 201, 'Hello from super_users_15, lets play cats!', true);
INSERT INTO messages (sender_id, receiver_id, content, is_read) VALUES (129, 125, 'Hello from super_users_29, lets play cats!', false);
INSERT INTO messages (sender_id, receiver_id, content, is_read) VALUES (171, 133, 'Hello from super_users_71, lets play cats!', true);
INSERT INTO messages (sender_id, receiver_id, content, is_read) VALUES (170, 182, 'Hello from super_users_70, lets play cats!', true);
INSERT INTO messages (sender_id, receiver_id, content, is_read) VALUES (199, 117, 'Hello from super_users_99, lets play cats!', false);
INSERT INTO messages (sender_id, receiver_id, content, is_read) VALUES (203, 132, 'Hello from super_users_103, lets play cats!', true);
INSERT INTO messages (sender_id, receiver_id, content, is_read) VALUES (117, 106, 'Hello from super_users_17, lets play cats!', false);
INSERT INTO messages (sender_id, receiver_id, content, is_read) VALUES (175, 152, 'Hello from super_users_75, lets play cats!', true);
INSERT INTO messages (sender_id, receiver_id, content, is_read) VALUES (183, 156, 'Hello from super_users_83, lets play cats!', false);
INSERT INTO messages (sender_id, receiver_id, content, is_read) VALUES (121, 201, 'Hello from super_users_21, lets play cats!', false);
INSERT INTO messages (sender_id, receiver_id, content, is_read) VALUES (117, 133, 'Hello from super_users_17, lets play cats!', true);
INSERT INTO messages (sender_id, receiver_id, content, is_read) VALUES (174, 157, 'Hello from super_users_74, lets play cats!', true);
INSERT INTO messages (sender_id, receiver_id, content, is_read) VALUES (150, 194, 'Hello from super_users_50, lets play cats!', true);
INSERT INTO messages (sender_id, receiver_id, content, is_read) VALUES (216, 191, 'Hello from super_users_116, lets play cats!', true);
INSERT INTO messages (sender_id, receiver_id, content, is_read) VALUES (200, 115, 'Hello from super_users_100, lets play cats!', true);
INSERT INTO messages (sender_id, receiver_id, content, is_read) VALUES (151, 213, 'Hello from super_users_51, lets play cats!', false);
INSERT INTO messages (sender_id, receiver_id, content, is_read) VALUES (216, 181, 'Hello from super_users_116, lets play cats!', false);
INSERT INTO messages (sender_id, receiver_id, content, is_read) VALUES (129, 115, 'Hello from super_users_29, lets play cats!', false);
INSERT INTO messages (sender_id, receiver_id, content, is_read) VALUES (181, 168, 'Hello from super_users_81, lets play cats!', false);
INSERT INTO messages (sender_id, receiver_id, content, is_read) VALUES (219, 114, 'Hello from super_users_119, lets play cats!', true);
INSERT INTO messages (sender_id, receiver_id, content, is_read) VALUES (174, 194, 'Hello from super_users_74, lets play cats!', false);
INSERT INTO messages (sender_id, receiver_id, content, is_read) VALUES (152, 147, 'Hello from super_users_52, lets play cats!', true);
INSERT INTO messages (sender_id, receiver_id, content, is_read) VALUES (120, 206, 'Hello from super_users_20, lets play cats!', true);
INSERT INTO messages (sender_id, receiver_id, content, is_read) VALUES (219, 215, 'Hello from super_users_119, lets play cats!', true);
INSERT INTO messages (sender_id, receiver_id, content, is_read) VALUES (190, 114, 'Hello from super_users_90, lets play cats!', false);
INSERT INTO messages (sender_id, receiver_id, content, is_read) VALUES (121, 144, 'Hello from super_users_21, lets play cats!', false);
INSERT INTO messages (sender_id, receiver_id, content, is_read) VALUES (112, 179, 'Hello from super_users_12, lets play cats!', false);
INSERT INTO messages (sender_id, receiver_id, content, is_read) VALUES (186, 179, 'Hello from super_users_86, lets play cats!', true);
INSERT INTO messages (sender_id, receiver_id, content, is_read) VALUES (184, 120, 'Hello from super_users_84, lets play cats!', false);
INSERT INTO messages (sender_id, receiver_id, content, is_read) VALUES (132, 105, 'Hello from super_users_32, lets play cats!', true);
INSERT INTO messages (sender_id, receiver_id, content, is_read) VALUES (115, 121, 'Hello from super_users_15, lets play cats!', false);
INSERT INTO messages (sender_id, receiver_id, content, is_read) VALUES (218, 179, 'Hello from super_users_118, lets play cats!', false);
INSERT INTO messages (sender_id, receiver_id, content, is_read) VALUES (162, 176, 'Hello from super_users_62, lets play cats!', false);
INSERT INTO messages (sender_id, receiver_id, content, is_read) VALUES (192, 179, 'Hello from super_users_92, lets play cats!', true);
INSERT INTO messages (sender_id, receiver_id, content, is_read) VALUES (218, 219, 'Hello from super_users_118, lets play cats!', false);
INSERT INTO messages (sender_id, receiver_id, content, is_read) VALUES (174, 144, 'Hello from super_users_74, lets play cats!', true);
INSERT INTO messages (sender_id, receiver_id, content, is_read) VALUES (123, 194, 'Hello from super_users_23, lets play cats!', false);
INSERT INTO messages (sender_id, receiver_id, content, is_read) VALUES (123, 182, 'Hello from super_users_23, lets play cats!', true);
INSERT INTO messages (sender_id, receiver_id, content, is_read) VALUES (190, 183, 'Hello from super_users_90, lets play cats!', true);
INSERT INTO messages (sender_id, receiver_id, content, is_read) VALUES (162, 133, 'Hello from super_users_62, lets play cats!', false);
INSERT INTO messages (sender_id, receiver_id, content, is_read) VALUES (194, 152, 'Hello from super_users_94, lets play cats!', true);
INSERT INTO messages (sender_id, receiver_id, content, is_read) VALUES (181, 157, 'Hello from super_users_81, lets play cats!', true);
INSERT INTO messages (sender_id, receiver_id, content, is_read) VALUES (215, 112, 'Hello from super_users_115, lets play cats!', false);
INSERT INTO messages (sender_id, receiver_id, content, is_read) VALUES (173, 186, 'Hello from super_users_73, lets play cats!', false);
INSERT INTO messages (sender_id, receiver_id, content, is_read) VALUES (204, 152, 'Hello from super_users_104, lets play cats!', false);
INSERT INTO messages (sender_id, receiver_id, content, is_read) VALUES (217, 120, 'Hello from super_users_117, lets play cats!', false);
INSERT INTO blacklists (blocker_id, blocked_id) VALUES (116, 184) ON CONFLICT DO NOTHING;
INSERT INTO blacklists (blocker_id, blocked_id) VALUES (201, 157) ON CONFLICT DO NOTHING;
INSERT INTO blacklists (blocker_id, blocked_id) VALUES (219, 115) ON CONFLICT DO NOTHING;
INSERT INTO blacklists (blocker_id, blocked_id) VALUES (147, 201) ON CONFLICT DO NOTHING;
INSERT INTO blacklists (blocker_id, blocked_id) VALUES (191, 116) ON CONFLICT DO NOTHING;
INSERT INTO blacklists (blocker_id, blocked_id) VALUES (133, 150) ON CONFLICT DO NOTHING;
INSERT INTO blacklists (blocker_id, blocked_id) VALUES (202, 213) ON CONFLICT DO NOTHING;
INSERT INTO blacklists (blocker_id, blocked_id) VALUES (183, 169) ON CONFLICT DO NOTHING;
INSERT INTO blacklists (blocker_id, blocked_id) VALUES (183, 186) ON CONFLICT DO NOTHING;
INSERT INTO blacklists (blocker_id, blocked_id) VALUES (216, 183) ON CONFLICT DO NOTHING;
INSERT INTO blacklists (blocker_id, blocked_id) VALUES (130, 201) ON CONFLICT DO NOTHING;
INSERT INTO blacklists (blocker_id, blocked_id) VALUES (211, 173) ON CONFLICT DO NOTHING;
INSERT INTO blacklists (blocker_id, blocked_id) VALUES (186, 204) ON CONFLICT DO NOTHING;
INSERT INTO blacklists (blocker_id, blocked_id) VALUES (190, 194) ON CONFLICT DO NOTHING;
INSERT INTO blacklists (blocker_id, blocked_id) VALUES (129, 182) ON CONFLICT DO NOTHING;
INSERT INTO blacklists (blocker_id, blocked_id) VALUES (118, 200) ON CONFLICT DO NOTHING;
INSERT INTO blacklists (blocker_id, blocked_id) VALUES (152, 185) ON CONFLICT DO NOTHING;
INSERT INTO blacklists (blocker_id, blocked_id) VALUES (184, 194) ON CONFLICT DO NOTHING;
INSERT INTO blacklists (blocker_id, blocked_id) VALUES (133, 185) ON CONFLICT DO NOTHING;
INSERT INTO blacklists (blocker_id, blocked_id) VALUES (132, 161) ON CONFLICT DO NOTHING;
INSERT INTO blacklists (blocker_id, blocked_id) VALUES (123, 117) ON CONFLICT DO NOTHING;
INSERT INTO blacklists (blocker_id, blocked_id) VALUES (148, 186) ON CONFLICT DO NOTHING;
INSERT INTO blacklists (blocker_id, blocked_id) VALUES (162, 206) ON CONFLICT DO NOTHING;
INSERT INTO blacklists (blocker_id, blocked_id) VALUES (204, 171) ON CONFLICT DO NOTHING;
INSERT INTO blacklists (blocker_id, blocked_id) VALUES (213, 141) ON CONFLICT DO NOTHING;
INSERT INTO blacklists (blocker_id, blocked_id) VALUES (174, 148) ON CONFLICT DO NOTHING;
INSERT INTO blacklists (blocker_id, blocked_id) VALUES (161, 129) ON CONFLICT DO NOTHING;
INSERT INTO blacklists (blocker_id, blocked_id) VALUES (192, 169) ON CONFLICT DO NOTHING;
INSERT INTO blacklists (blocker_id, blocked_id) VALUES (106, 144) ON CONFLICT DO NOTHING;
INSERT INTO blacklists (blocker_id, blocked_id) VALUES (202, 142) ON CONFLICT DO NOTHING;
INSERT INTO blacklists (blocker_id, blocked_id) VALUES (201, 156) ON CONFLICT DO NOTHING;
INSERT INTO blacklists (blocker_id, blocked_id) VALUES (191, 204) ON CONFLICT DO NOTHING;
INSERT INTO blacklists (blocker_id, blocked_id) VALUES (129, 121) ON CONFLICT DO NOTHING;
INSERT INTO blacklists (blocker_id, blocked_id) VALUES (148, 118) ON CONFLICT DO NOTHING;
INSERT INTO blacklists (blocker_id, blocked_id) VALUES (200, 133) ON CONFLICT DO NOTHING;
INSERT INTO blacklists (blocker_id, blocked_id) VALUES (184, 162) ON CONFLICT DO NOTHING;
INSERT INTO blacklists (blocker_id, blocked_id) VALUES (152, 175) ON CONFLICT DO NOTHING;
INSERT INTO blacklists (blocker_id, blocked_id) VALUES (194, 185) ON CONFLICT DO NOTHING;
INSERT INTO blacklists (blocker_id, blocked_id) VALUES (173, 147) ON CONFLICT DO NOTHING;
INSERT INTO blacklists (blocker_id, blocked_id) VALUES (141, 190) ON CONFLICT DO NOTHING;
INSERT INTO blacklists (blocker_id, blocked_id) VALUES (114, 104) ON CONFLICT DO NOTHING;
INSERT INTO blacklists (blocker_id, blocked_id) VALUES (157, 142) ON CONFLICT DO NOTHING;
INSERT INTO blacklists (blocker_id, blocked_id) VALUES (203, 175) ON CONFLICT DO NOTHING;
INSERT INTO blacklists (blocker_id, blocked_id) VALUES (159, 191) ON CONFLICT DO NOTHING;
INSERT INTO blacklists (blocker_id, blocked_id) VALUES (123, 112) ON CONFLICT DO NOTHING;
INSERT INTO blacklists (blocker_id, blocked_id) VALUES (174, 184) ON CONFLICT DO NOTHING;
INSERT INTO blacklists (blocker_id, blocked_id) VALUES (171, 216) ON CONFLICT DO NOTHING;
INSERT INTO blacklists (blocker_id, blocked_id) VALUES (179, 206) ON CONFLICT DO NOTHING;
INSERT INTO blacklists (blocker_id, blocked_id) VALUES (123, 116) ON CONFLICT DO NOTHING;
INSERT INTO blacklists (blocker_id, blocked_id) VALUES (112, 192) ON CONFLICT DO NOTHING;
INSERT INTO blacklists (blocker_id, blocked_id) VALUES (161, 118) ON CONFLICT DO NOTHING;
INSERT INTO blacklists (blocker_id, blocked_id) VALUES (219, 147) ON CONFLICT DO NOTHING;
INSERT INTO blacklists (blocker_id, blocked_id) VALUES (215, 181) ON CONFLICT DO NOTHING;
INSERT INTO blacklists (blocker_id, blocked_id) VALUES (187, 191) ON CONFLICT DO NOTHING;
INSERT INTO blacklists (blocker_id, blocked_id) VALUES (186, 120) ON CONFLICT DO NOTHING;
INSERT INTO blacklists (blocker_id, blocked_id) VALUES (181, 159) ON CONFLICT DO NOTHING;
INSERT INTO blacklists (blocker_id, blocked_id) VALUES (215, 145) ON CONFLICT DO NOTHING;
INSERT INTO blacklists (blocker_id, blocked_id) VALUES (116, 170) ON CONFLICT DO NOTHING;
INSERT INTO blacklists (blocker_id, blocked_id) VALUES (175, 117) ON CONFLICT DO NOTHING;
INSERT INTO blacklists (blocker_id, blocked_id) VALUES (152, 168) ON CONFLICT DO NOTHING;
INSERT INTO blacklists (blocker_id, blocked_id) VALUES (151, 204) ON CONFLICT DO NOTHING;
INSERT INTO blacklists (blocker_id, blocked_id) VALUES (215, 192) ON CONFLICT DO NOTHING;
INSERT INTO blacklists (blocker_id, blocked_id) VALUES (124, 206) ON CONFLICT DO NOTHING;
INSERT INTO blacklists (blocker_id, blocked_id) VALUES (141, 168) ON CONFLICT DO NOTHING;
INSERT INTO blacklists (blocker_id, blocked_id) VALUES (186, 192) ON CONFLICT DO NOTHING;
INSERT INTO blacklists (blocker_id, blocked_id) VALUES (142, 191) ON CONFLICT DO NOTHING;
INSERT INTO blacklists (blocker_id, blocked_id) VALUES (190, 133) ON CONFLICT DO NOTHING;
INSERT INTO blacklists (blocker_id, blocked_id) VALUES (157, 183) ON CONFLICT DO NOTHING;
INSERT INTO blacklists (blocker_id, blocked_id) VALUES (118, 176) ON CONFLICT DO NOTHING;
INSERT INTO blacklists (blocker_id, blocked_id) VALUES (170, 169) ON CONFLICT DO NOTHING;
INSERT INTO blacklists (blocker_id, blocked_id) VALUES (133, 182) ON CONFLICT DO NOTHING;
INSERT INTO blacklists (blocker_id, blocked_id) VALUES (170, 168) ON CONFLICT DO NOTHING;
INSERT INTO blacklists (blocker_id, blocked_id) VALUES (157, 190) ON CONFLICT DO NOTHING;
INSERT INTO blacklists (blocker_id, blocked_id) VALUES (129, 130) ON CONFLICT DO NOTHING;
INSERT INTO blacklists (blocker_id, blocked_id) VALUES (174, 117) ON CONFLICT DO NOTHING;
INSERT INTO blacklists (blocker_id, blocked_id) VALUES (156, 170) ON CONFLICT DO NOTHING;
INSERT INTO blacklists (blocker_id, blocked_id) VALUES (142, 186) ON CONFLICT DO NOTHING;
INSERT INTO blacklists (blocker_id, blocked_id) VALUES (148, 181) ON CONFLICT DO NOTHING;
INSERT INTO blacklists (blocker_id, blocked_id) VALUES (144, 190) ON CONFLICT DO NOTHING;
INSERT INTO blacklists (blocker_id, blocked_id) VALUES (148, 219) ON CONFLICT DO NOTHING;

-- Reset Sequences to prevent primary key conflicts
SELECT setval('users_user_id_seq', COALESCE((SELECT MAX(user_id) FROM users), 1));
SELECT setval('games_game_id_seq', COALESCE((SELECT MAX(game_id) FROM games), 1));
SELECT setval('tags_tag_id_seq', COALESCE((SELECT MAX(tag_id) FROM tags), 1));
SELECT setval('game_media_media_id_seq', COALESCE((SELECT MAX(media_id) FROM game_media), 1));
SELECT setval('transactions_transaction_id_seq', COALESCE((SELECT MAX(transaction_id) FROM transactions), 1));
SELECT setval('transaction_items_item_id_seq', COALESCE((SELECT MAX(item_id) FROM transaction_items), 1));
SELECT setval('shopping_carts_cart_id_seq', COALESCE((SELECT MAX(cart_id) FROM shopping_carts), 1));
SELECT setval('game_licenses_license_id_seq', COALESCE((SELECT MAX(license_id) FROM game_licenses), 1));
SELECT setval('wish_lists_wishlist_id_seq', COALESCE((SELECT MAX(wishlist_id) FROM wish_lists), 1));
SELECT setval('refund_requests_refund_id_seq', COALESCE((SELECT MAX(refund_id) FROM refund_requests), 1));
SELECT setval('reviews_review_id_seq', COALESCE((SELECT MAX(review_id) FROM reviews), 1));
SELECT setval('review_replies_review_reply_id_seq', COALESCE((SELECT MAX(review_reply_id) FROM review_replies), 1));
SELECT setval('friendships_friendship_id_seq', COALESCE((SELECT MAX(friendship_id) FROM friendships), 1));
SELECT setval('messages_message_id_seq', COALESCE((SELECT MAX(message_id) FROM messages), 1));
SELECT setval('blacklists_blacklist_id_seq', COALESCE((SELECT MAX(blacklist_id) FROM blacklists), 1));