-- ===========================================================================
-- Patch 05: Eternal Classic Badge Data Generation
-- ===========================================================================

DELETE FROM note_tags WHERE note_id IN (110, 120, 130, 140, 150, 115, 125, 135, 145, 155, 112, 122, 132, 142, 152) AND tag_id IN (SELECT tag_id FROM tags WHERE tag_type = 'SEMESTER');

INSERT INTO note_tags (note_id, tag_id) SELECT 110, tag_id FROM tags WHERE tag_name = '108-1' AND tag_type = 'SEMESTER';
INSERT INTO note_tags (note_id, tag_id) SELECT 120, tag_id FROM tags WHERE tag_name = '108-1' AND tag_type = 'SEMESTER';
INSERT INTO note_tags (note_id, tag_id) SELECT 130, tag_id FROM tags WHERE tag_name = '108-1' AND tag_type = 'SEMESTER';
INSERT INTO note_tags (note_id, tag_id) SELECT 140, tag_id FROM tags WHERE tag_name = '108-1' AND tag_type = 'SEMESTER';
INSERT INTO note_tags (note_id, tag_id) SELECT 150, tag_id FROM tags WHERE tag_name = '108-1' AND tag_type = 'SEMESTER';
INSERT INTO note_tags (note_id, tag_id) SELECT 115, tag_id FROM tags WHERE tag_name = '114-2' AND tag_type = 'SEMESTER';
INSERT INTO note_tags (note_id, tag_id) SELECT 125, tag_id FROM tags WHERE tag_name = '114-2' AND tag_type = 'SEMESTER';
INSERT INTO note_tags (note_id, tag_id) SELECT 135, tag_id FROM tags WHERE tag_name = '114-2' AND tag_type = 'SEMESTER';
INSERT INTO note_tags (note_id, tag_id) SELECT 145, tag_id FROM tags WHERE tag_name = '114-2' AND tag_type = 'SEMESTER';
INSERT INTO note_tags (note_id, tag_id) SELECT 155, tag_id FROM tags WHERE tag_name = '114-2' AND tag_type = 'SEMESTER';
INSERT INTO note_tags (note_id, tag_id) SELECT 112, tag_id FROM tags WHERE tag_name = '109-1' AND tag_type = 'SEMESTER';
INSERT INTO note_tags (note_id, tag_id) SELECT 122, tag_id FROM tags WHERE tag_name = '109-1' AND tag_type = 'SEMESTER';
INSERT INTO note_tags (note_id, tag_id) SELECT 132, tag_id FROM tags WHERE tag_name = '109-1' AND tag_type = 'SEMESTER';
INSERT INTO note_tags (note_id, tag_id) SELECT 142, tag_id FROM tags WHERE tag_name = '109-1' AND tag_type = 'SEMESTER';
INSERT INTO note_tags (note_id, tag_id) SELECT 152, tag_id FROM tags WHERE tag_name = '109-1' AND tag_type = 'SEMESTER';

DELETE FROM transaction_items WHERE note_id IN (110, 120, 130, 140, 150, 115, 125, 135, 145, 155, 112, 122, 132, 142, 152);
DELETE FROM reviews WHERE note_id IN (110, 120, 130, 140, 150, 115, 125, 135, 145, 155, 112, 122, 132, 142, 152);
DELETE FROM note_licenses WHERE note_id IN (110, 120, 130, 140, 150, 115, 125, 135, 145, 155, 112, 122, 132, 142, 152);

-- Inserting sales for CLASSICS
INSERT INTO transactions (transaction_id, user_id, total_amount, transaction_date, receipt_number) VALUES (20001, 180, 500, '2023-07-23 02:13:59', 'REC-CLASSIC-20001');
INSERT INTO transaction_items (item_id, transaction_id, note_id, purchase_price) VALUES (20001, 20001, 110, 500);
INSERT INTO note_licenses (user_id, note_id, transaction_item_id, acquired_date, status) VALUES (180, 110, 20001, '2023-07-23 02:13:59', 'ACTIVE');
INSERT INTO transactions (transaction_id, user_id, total_amount, transaction_date, receipt_number) VALUES (20002, 156, 500, '2023-08-18 15:04:41', 'REC-CLASSIC-20002');
INSERT INTO transaction_items (item_id, transaction_id, note_id, purchase_price) VALUES (20002, 20002, 110, 500);
INSERT INTO note_licenses (user_id, note_id, transaction_item_id, acquired_date, status) VALUES (156, 110, 20002, '2023-08-18 15:04:41', 'ACTIVE');
INSERT INTO reviews (note_id, user_id, attitude, content, created_at, status) VALUES (110, 156, 'POSITIVE', '這份筆記真的很棒！對期末考幫助極大，強力推薦！', '2023-08-28 15:04:41', 'VISIBLE');
INSERT INTO transactions (transaction_id, user_id, total_amount, transaction_date, receipt_number) VALUES (20003, 154, 500, '2024-04-23 11:10:12', 'REC-CLASSIC-20003');
INSERT INTO transaction_items (item_id, transaction_id, note_id, purchase_price) VALUES (20003, 20003, 110, 500);
INSERT INTO note_licenses (user_id, note_id, transaction_item_id, acquired_date, status) VALUES (154, 110, 20003, '2024-04-23 11:10:12', 'ACTIVE');
INSERT INTO reviews (note_id, user_id, attitude, content, created_at, status) VALUES (110, 154, 'POSITIVE', '這份筆記真的很棒！對期末考幫助極大，強力推薦！', '2024-04-29 11:10:12', 'VISIBLE');
INSERT INTO transactions (transaction_id, user_id, total_amount, transaction_date, receipt_number) VALUES (20004, 169, 500, '2023-09-23 23:59:39', 'REC-CLASSIC-20004');
INSERT INTO transaction_items (item_id, transaction_id, note_id, purchase_price) VALUES (20004, 20004, 110, 500);
INSERT INTO note_licenses (user_id, note_id, transaction_item_id, acquired_date, status) VALUES (169, 110, 20004, '2023-09-23 23:59:39', 'ACTIVE');
INSERT INTO reviews (note_id, user_id, attitude, content, created_at, status) VALUES (110, 169, 'POSITIVE', '這份筆記真的很棒！對期末考幫助極大，強力推薦！', '2023-10-03 23:59:39', 'VISIBLE');
INSERT INTO transactions (transaction_id, user_id, total_amount, transaction_date, receipt_number) VALUES (20005, 152, 500, '2022-04-18 01:41:19', 'REC-CLASSIC-20005');
INSERT INTO transaction_items (item_id, transaction_id, note_id, purchase_price) VALUES (20005, 20005, 110, 500);
INSERT INTO note_licenses (user_id, note_id, transaction_item_id, acquired_date, status) VALUES (152, 110, 20005, '2022-04-18 01:41:19', 'ACTIVE');
INSERT INTO reviews (note_id, user_id, attitude, content, created_at, status) VALUES (110, 152, 'POSITIVE', '這份筆記真的很棒！對期末考幫助極大，強力推薦！', '2022-04-27 01:41:19', 'VISIBLE');
INSERT INTO transactions (transaction_id, user_id, total_amount, transaction_date, receipt_number) VALUES (20006, 160, 500, '2021-03-02 16:37:13', 'REC-CLASSIC-20006');
INSERT INTO transaction_items (item_id, transaction_id, note_id, purchase_price) VALUES (20006, 20006, 110, 500);
INSERT INTO note_licenses (user_id, note_id, transaction_item_id, acquired_date, status) VALUES (160, 110, 20006, '2021-03-02 16:37:13', 'ACTIVE');
INSERT INTO transactions (transaction_id, user_id, total_amount, transaction_date, receipt_number) VALUES (20007, 177, 500, '2023-08-12 04:18:28', 'REC-CLASSIC-20007');
INSERT INTO transaction_items (item_id, transaction_id, note_id, purchase_price) VALUES (20007, 20007, 110, 500);
INSERT INTO note_licenses (user_id, note_id, transaction_item_id, acquired_date, status) VALUES (177, 110, 20007, '2023-08-12 04:18:28', 'ACTIVE');
INSERT INTO reviews (note_id, user_id, attitude, content, created_at, status) VALUES (110, 177, 'POSITIVE', '這份筆記真的很棒！對期末考幫助極大，強力推薦！', '2023-08-17 04:18:28', 'VISIBLE');
INSERT INTO transactions (transaction_id, user_id, total_amount, transaction_date, receipt_number) VALUES (20008, 176, 500, '2024-01-19 09:37:01', 'REC-CLASSIC-20008');
INSERT INTO transaction_items (item_id, transaction_id, note_id, purchase_price) VALUES (20008, 20008, 110, 500);
INSERT INTO note_licenses (user_id, note_id, transaction_item_id, acquired_date, status) VALUES (176, 110, 20008, '2024-01-19 09:37:01', 'ACTIVE');
INSERT INTO reviews (note_id, user_id, attitude, content, created_at, status) VALUES (110, 176, 'POSITIVE', '這份筆記真的很棒！對期末考幫助極大，強力推薦！', '2024-01-27 09:37:01', 'VISIBLE');
INSERT INTO transactions (transaction_id, user_id, total_amount, transaction_date, receipt_number) VALUES (20009, 157, 500, '2023-05-06 21:26:58', 'REC-CLASSIC-20009');
INSERT INTO transaction_items (item_id, transaction_id, note_id, purchase_price) VALUES (20009, 20009, 110, 500);
INSERT INTO note_licenses (user_id, note_id, transaction_item_id, acquired_date, status) VALUES (157, 110, 20009, '2023-05-06 21:26:58', 'ACTIVE');
INSERT INTO reviews (note_id, user_id, attitude, content, created_at, status) VALUES (110, 157, 'POSITIVE', '這份筆記真的很棒！對期末考幫助極大，強力推薦！', '2023-05-08 21:26:58', 'VISIBLE');
INSERT INTO transactions (transaction_id, user_id, total_amount, transaction_date, receipt_number) VALUES (20010, 170, 500, '2022-03-12 20:40:36', 'REC-CLASSIC-20010');
INSERT INTO transaction_items (item_id, transaction_id, note_id, purchase_price) VALUES (20010, 20010, 110, 500);
INSERT INTO note_licenses (user_id, note_id, transaction_item_id, acquired_date, status) VALUES (170, 110, 20010, '2022-03-12 20:40:36', 'ACTIVE');
INSERT INTO reviews (note_id, user_id, attitude, content, created_at, status) VALUES (110, 170, 'POSITIVE', '這份筆記真的很棒！對期末考幫助極大，強力推薦！', '2022-03-21 20:40:36', 'VISIBLE');
INSERT INTO transactions (transaction_id, user_id, total_amount, transaction_date, receipt_number) VALUES (20011, 165, 500, '2023-03-02 10:05:15', 'REC-CLASSIC-20011');
INSERT INTO transaction_items (item_id, transaction_id, note_id, purchase_price) VALUES (20011, 20011, 110, 500);
INSERT INTO note_licenses (user_id, note_id, transaction_item_id, acquired_date, status) VALUES (165, 110, 20011, '2023-03-02 10:05:15', 'ACTIVE');
INSERT INTO transactions (transaction_id, user_id, total_amount, transaction_date, receipt_number) VALUES (20012, 166, 500, '2023-05-22 09:30:20', 'REC-CLASSIC-20012');
INSERT INTO transaction_items (item_id, transaction_id, note_id, purchase_price) VALUES (20012, 20012, 110, 500);
INSERT INTO note_licenses (user_id, note_id, transaction_item_id, acquired_date, status) VALUES (166, 110, 20012, '2023-05-22 09:30:20', 'ACTIVE');
INSERT INTO transactions (transaction_id, user_id, total_amount, transaction_date, receipt_number) VALUES (20013, 158, 500, '2023-08-26 21:49:54', 'REC-CLASSIC-20013');
INSERT INTO transaction_items (item_id, transaction_id, note_id, purchase_price) VALUES (20013, 20013, 110, 500);
INSERT INTO note_licenses (user_id, note_id, transaction_item_id, acquired_date, status) VALUES (158, 110, 20013, '2023-08-26 21:49:54', 'ACTIVE');
INSERT INTO reviews (note_id, user_id, attitude, content, created_at, status) VALUES (110, 158, 'POSITIVE', '這份筆記真的很棒！對期末考幫助極大，強力推薦！', '2023-08-31 21:49:54', 'VISIBLE');
INSERT INTO transactions (transaction_id, user_id, total_amount, transaction_date, receipt_number) VALUES (20014, 155, 500, '2022-12-09 17:35:00', 'REC-CLASSIC-20014');
INSERT INTO transaction_items (item_id, transaction_id, note_id, purchase_price) VALUES (20014, 20014, 110, 500);
INSERT INTO note_licenses (user_id, note_id, transaction_item_id, acquired_date, status) VALUES (155, 110, 20014, '2022-12-09 17:35:00', 'ACTIVE');
INSERT INTO reviews (note_id, user_id, attitude, content, created_at, status) VALUES (110, 155, 'POSITIVE', '這份筆記真的很棒！對期末考幫助極大，強力推薦！', '2022-12-16 17:35:00', 'VISIBLE');
INSERT INTO transactions (transaction_id, user_id, total_amount, transaction_date, receipt_number) VALUES (20015, 172, 500, '2021-12-15 04:31:37', 'REC-CLASSIC-20015');
INSERT INTO transaction_items (item_id, transaction_id, note_id, purchase_price) VALUES (20015, 20015, 110, 500);
INSERT INTO note_licenses (user_id, note_id, transaction_item_id, acquired_date, status) VALUES (172, 110, 20015, '2021-12-15 04:31:37', 'ACTIVE');
INSERT INTO reviews (note_id, user_id, attitude, content, created_at, status) VALUES (110, 172, 'POSITIVE', '這份筆記真的很棒！對期末考幫助極大，強力推薦！', '2021-12-16 04:31:37', 'VISIBLE');
INSERT INTO transactions (transaction_id, user_id, total_amount, transaction_date, receipt_number) VALUES (20016, 175, 500, '2022-02-17 13:43:50', 'REC-CLASSIC-20016');
INSERT INTO transaction_items (item_id, transaction_id, note_id, purchase_price) VALUES (20016, 20016, 110, 500);
INSERT INTO note_licenses (user_id, note_id, transaction_item_id, acquired_date, status) VALUES (175, 110, 20016, '2022-02-17 13:43:50', 'ACTIVE');
INSERT INTO transactions (transaction_id, user_id, total_amount, transaction_date, receipt_number) VALUES (20017, 189, 500, '2023-04-07 07:34:43', 'REC-CLASSIC-20017');
INSERT INTO transaction_items (item_id, transaction_id, note_id, purchase_price) VALUES (20017, 20017, 110, 500);
INSERT INTO note_licenses (user_id, note_id, transaction_item_id, acquired_date, status) VALUES (189, 110, 20017, '2023-04-07 07:34:43', 'ACTIVE');
INSERT INTO transactions (transaction_id, user_id, total_amount, transaction_date, receipt_number) VALUES (20018, 182, 500, '2023-04-04 09:51:07', 'REC-CLASSIC-20018');
INSERT INTO transaction_items (item_id, transaction_id, note_id, purchase_price) VALUES (20018, 20018, 110, 500);
INSERT INTO note_licenses (user_id, note_id, transaction_item_id, acquired_date, status) VALUES (182, 110, 20018, '2023-04-04 09:51:07', 'ACTIVE');
INSERT INTO reviews (note_id, user_id, attitude, content, created_at, status) VALUES (110, 182, 'POSITIVE', '這份筆記真的很棒！對期末考幫助極大，強力推薦！', '2023-04-05 09:51:07', 'VISIBLE');
INSERT INTO transactions (transaction_id, user_id, total_amount, transaction_date, receipt_number) VALUES (20019, 164, 500, '2021-10-10 08:39:44', 'REC-CLASSIC-20019');
INSERT INTO transaction_items (item_id, transaction_id, note_id, purchase_price) VALUES (20019, 20019, 110, 500);
INSERT INTO note_licenses (user_id, note_id, transaction_item_id, acquired_date, status) VALUES (164, 110, 20019, '2021-10-10 08:39:44', 'ACTIVE');
INSERT INTO reviews (note_id, user_id, attitude, content, created_at, status) VALUES (110, 164, 'POSITIVE', '這份筆記真的很棒！對期末考幫助極大，強力推薦！', '2021-10-18 08:39:44', 'VISIBLE');
INSERT INTO transactions (transaction_id, user_id, total_amount, transaction_date, receipt_number) VALUES (20020, 178, 500, '2021-12-08 09:52:17', 'REC-CLASSIC-20020');
INSERT INTO transaction_items (item_id, transaction_id, note_id, purchase_price) VALUES (20020, 20020, 110, 500);
INSERT INTO note_licenses (user_id, note_id, transaction_item_id, acquired_date, status) VALUES (178, 110, 20020, '2021-12-08 09:52:17', 'ACTIVE');
INSERT INTO transactions (transaction_id, user_id, total_amount, transaction_date, receipt_number) VALUES (20021, 151, 500, '2021-03-05 07:24:41', 'REC-CLASSIC-20021');
INSERT INTO transaction_items (item_id, transaction_id, note_id, purchase_price) VALUES (20021, 20021, 110, 500);
INSERT INTO note_licenses (user_id, note_id, transaction_item_id, acquired_date, status) VALUES (151, 110, 20021, '2021-03-05 07:24:41', 'ACTIVE');
INSERT INTO reviews (note_id, user_id, attitude, content, created_at, status) VALUES (110, 151, 'POSITIVE', '這份筆記真的很棒！對期末考幫助極大，強力推薦！', '2021-03-13 07:24:41', 'VISIBLE');
INSERT INTO transactions (transaction_id, user_id, total_amount, transaction_date, receipt_number) VALUES (20022, 179, 500, '2022-08-17 01:32:04', 'REC-CLASSIC-20022');
INSERT INTO transaction_items (item_id, transaction_id, note_id, purchase_price) VALUES (20022, 20022, 110, 500);
INSERT INTO note_licenses (user_id, note_id, transaction_item_id, acquired_date, status) VALUES (179, 110, 20022, '2022-08-17 01:32:04', 'ACTIVE');
INSERT INTO transactions (transaction_id, user_id, total_amount, transaction_date, receipt_number) VALUES (20023, 186, 500, '2021-06-10 11:47:17', 'REC-CLASSIC-20023');
INSERT INTO transaction_items (item_id, transaction_id, note_id, purchase_price) VALUES (20023, 20023, 110, 500);
INSERT INTO note_licenses (user_id, note_id, transaction_item_id, acquired_date, status) VALUES (186, 110, 20023, '2021-06-10 11:47:17', 'ACTIVE');
INSERT INTO reviews (note_id, user_id, attitude, content, created_at, status) VALUES (110, 186, 'POSITIVE', '這份筆記真的很棒！對期末考幫助極大，強力推薦！', '2021-06-15 11:47:17', 'VISIBLE');
INSERT INTO transactions (transaction_id, user_id, total_amount, transaction_date, receipt_number) VALUES (20024, 188, 500, '2022-09-04 10:35:17', 'REC-CLASSIC-20024');
INSERT INTO transaction_items (item_id, transaction_id, note_id, purchase_price) VALUES (20024, 20024, 110, 500);
INSERT INTO note_licenses (user_id, note_id, transaction_item_id, acquired_date, status) VALUES (188, 110, 20024, '2022-09-04 10:35:17', 'ACTIVE');
INSERT INTO transactions (transaction_id, user_id, total_amount, transaction_date, receipt_number) VALUES (20025, 190, 500, '2023-04-28 16:36:51', 'REC-CLASSIC-20025');
INSERT INTO transaction_items (item_id, transaction_id, note_id, purchase_price) VALUES (20025, 20025, 120, 500);
INSERT INTO note_licenses (user_id, note_id, transaction_item_id, acquired_date, status) VALUES (190, 120, 20025, '2023-04-28 16:36:51', 'ACTIVE');
INSERT INTO reviews (note_id, user_id, attitude, content, created_at, status) VALUES (120, 190, 'POSITIVE', '這份筆記真的很棒！對期末考幫助極大，強力推薦！', '2023-05-05 16:36:51', 'VISIBLE');
INSERT INTO transactions (transaction_id, user_id, total_amount, transaction_date, receipt_number) VALUES (20026, 160, 500, '2021-12-03 10:51:42', 'REC-CLASSIC-20026');
INSERT INTO transaction_items (item_id, transaction_id, note_id, purchase_price) VALUES (20026, 20026, 120, 500);
INSERT INTO note_licenses (user_id, note_id, transaction_item_id, acquired_date, status) VALUES (160, 120, 20026, '2021-12-03 10:51:42', 'ACTIVE');
INSERT INTO transactions (transaction_id, user_id, total_amount, transaction_date, receipt_number) VALUES (20027, 173, 500, '2022-12-09 11:06:03', 'REC-CLASSIC-20027');
INSERT INTO transaction_items (item_id, transaction_id, note_id, purchase_price) VALUES (20027, 20027, 120, 500);
INSERT INTO note_licenses (user_id, note_id, transaction_item_id, acquired_date, status) VALUES (173, 120, 20027, '2022-12-09 11:06:03', 'ACTIVE');
INSERT INTO reviews (note_id, user_id, attitude, content, created_at, status) VALUES (120, 173, 'POSITIVE', '這份筆記真的很棒！對期末考幫助極大，強力推薦！', '2022-12-12 11:06:03', 'VISIBLE');
INSERT INTO transactions (transaction_id, user_id, total_amount, transaction_date, receipt_number) VALUES (20028, 171, 500, '2021-11-20 06:46:36', 'REC-CLASSIC-20028');
INSERT INTO transaction_items (item_id, transaction_id, note_id, purchase_price) VALUES (20028, 20028, 120, 500);
INSERT INTO note_licenses (user_id, note_id, transaction_item_id, acquired_date, status) VALUES (171, 120, 20028, '2021-11-20 06:46:36', 'ACTIVE');
INSERT INTO reviews (note_id, user_id, attitude, content, created_at, status) VALUES (120, 171, 'POSITIVE', '這份筆記真的很棒！對期末考幫助極大，強力推薦！', '2021-11-28 06:46:36', 'VISIBLE');
INSERT INTO transactions (transaction_id, user_id, total_amount, transaction_date, receipt_number) VALUES (20029, 183, 500, '2024-01-21 23:53:49', 'REC-CLASSIC-20029');
INSERT INTO transaction_items (item_id, transaction_id, note_id, purchase_price) VALUES (20029, 20029, 120, 500);
INSERT INTO note_licenses (user_id, note_id, transaction_item_id, acquired_date, status) VALUES (183, 120, 20029, '2024-01-21 23:53:49', 'ACTIVE');
INSERT INTO reviews (note_id, user_id, attitude, content, created_at, status) VALUES (120, 183, 'POSITIVE', '這份筆記真的很棒！對期末考幫助極大，強力推薦！', '2024-01-24 23:53:49', 'VISIBLE');
INSERT INTO transactions (transaction_id, user_id, total_amount, transaction_date, receipt_number) VALUES (20030, 177, 500, '2022-07-14 02:03:15', 'REC-CLASSIC-20030');
INSERT INTO transaction_items (item_id, transaction_id, note_id, purchase_price) VALUES (20030, 20030, 120, 500);
INSERT INTO note_licenses (user_id, note_id, transaction_item_id, acquired_date, status) VALUES (177, 120, 20030, '2022-07-14 02:03:15', 'ACTIVE');
INSERT INTO reviews (note_id, user_id, attitude, content, created_at, status) VALUES (120, 177, 'POSITIVE', '這份筆記真的很棒！對期末考幫助極大，強力推薦！', '2022-07-23 02:03:15', 'VISIBLE');
INSERT INTO transactions (transaction_id, user_id, total_amount, transaction_date, receipt_number) VALUES (20031, 182, 500, '2024-08-16 04:03:53', 'REC-CLASSIC-20031');
INSERT INTO transaction_items (item_id, transaction_id, note_id, purchase_price) VALUES (20031, 20031, 120, 500);
INSERT INTO note_licenses (user_id, note_id, transaction_item_id, acquired_date, status) VALUES (182, 120, 20031, '2024-08-16 04:03:53', 'ACTIVE');
INSERT INTO reviews (note_id, user_id, attitude, content, created_at, status) VALUES (120, 182, 'POSITIVE', '這份筆記真的很棒！對期末考幫助極大，強力推薦！', '2024-08-21 04:03:53', 'VISIBLE');
INSERT INTO transactions (transaction_id, user_id, total_amount, transaction_date, receipt_number) VALUES (20032, 167, 500, '2023-10-09 15:57:13', 'REC-CLASSIC-20032');
INSERT INTO transaction_items (item_id, transaction_id, note_id, purchase_price) VALUES (20032, 20032, 120, 500);
INSERT INTO note_licenses (user_id, note_id, transaction_item_id, acquired_date, status) VALUES (167, 120, 20032, '2023-10-09 15:57:13', 'ACTIVE');
INSERT INTO reviews (note_id, user_id, attitude, content, created_at, status) VALUES (120, 167, 'POSITIVE', '這份筆記真的很棒！對期末考幫助極大，強力推薦！', '2023-10-17 15:57:13', 'VISIBLE');
INSERT INTO transactions (transaction_id, user_id, total_amount, transaction_date, receipt_number) VALUES (20033, 164, 500, '2021-09-10 14:47:17', 'REC-CLASSIC-20033');
INSERT INTO transaction_items (item_id, transaction_id, note_id, purchase_price) VALUES (20033, 20033, 120, 500);
INSERT INTO note_licenses (user_id, note_id, transaction_item_id, acquired_date, status) VALUES (164, 120, 20033, '2021-09-10 14:47:17', 'ACTIVE');
INSERT INTO reviews (note_id, user_id, attitude, content, created_at, status) VALUES (120, 164, 'POSITIVE', '這份筆記真的很棒！對期末考幫助極大，強力推薦！', '2021-09-17 14:47:17', 'VISIBLE');
INSERT INTO transactions (transaction_id, user_id, total_amount, transaction_date, receipt_number) VALUES (20034, 184, 500, '2021-11-26 05:22:13', 'REC-CLASSIC-20034');
INSERT INTO transaction_items (item_id, transaction_id, note_id, purchase_price) VALUES (20034, 20034, 120, 500);
INSERT INTO note_licenses (user_id, note_id, transaction_item_id, acquired_date, status) VALUES (184, 120, 20034, '2021-11-26 05:22:13', 'ACTIVE');
INSERT INTO reviews (note_id, user_id, attitude, content, created_at, status) VALUES (120, 184, 'POSITIVE', '這份筆記真的很棒！對期末考幫助極大，強力推薦！', '2021-11-28 05:22:13', 'VISIBLE');
INSERT INTO transactions (transaction_id, user_id, total_amount, transaction_date, receipt_number) VALUES (20035, 154, 500, '2023-10-28 08:28:53', 'REC-CLASSIC-20035');
INSERT INTO transaction_items (item_id, transaction_id, note_id, purchase_price) VALUES (20035, 20035, 120, 500);
INSERT INTO note_licenses (user_id, note_id, transaction_item_id, acquired_date, status) VALUES (154, 120, 20035, '2023-10-28 08:28:53', 'ACTIVE');
INSERT INTO reviews (note_id, user_id, attitude, content, created_at, status) VALUES (120, 154, 'POSITIVE', '這份筆記真的很棒！對期末考幫助極大，強力推薦！', '2023-11-03 08:28:53', 'VISIBLE');
INSERT INTO transactions (transaction_id, user_id, total_amount, transaction_date, receipt_number) VALUES (20036, 185, 500, '2024-03-13 15:07:00', 'REC-CLASSIC-20036');
INSERT INTO transaction_items (item_id, transaction_id, note_id, purchase_price) VALUES (20036, 20036, 120, 500);
INSERT INTO note_licenses (user_id, note_id, transaction_item_id, acquired_date, status) VALUES (185, 120, 20036, '2024-03-13 15:07:00', 'ACTIVE');
INSERT INTO reviews (note_id, user_id, attitude, content, created_at, status) VALUES (120, 185, 'POSITIVE', '這份筆記真的很棒！對期末考幫助極大，強力推薦！', '2024-03-17 15:07:00', 'VISIBLE');
INSERT INTO transactions (transaction_id, user_id, total_amount, transaction_date, receipt_number) VALUES (20037, 163, 500, '2024-01-06 03:05:51', 'REC-CLASSIC-20037');
INSERT INTO transaction_items (item_id, transaction_id, note_id, purchase_price) VALUES (20037, 20037, 120, 500);
INSERT INTO note_licenses (user_id, note_id, transaction_item_id, acquired_date, status) VALUES (163, 120, 20037, '2024-01-06 03:05:51', 'ACTIVE');
INSERT INTO transactions (transaction_id, user_id, total_amount, transaction_date, receipt_number) VALUES (20038, 166, 500, '2022-02-04 09:56:14', 'REC-CLASSIC-20038');
INSERT INTO transaction_items (item_id, transaction_id, note_id, purchase_price) VALUES (20038, 20038, 120, 500);
INSERT INTO note_licenses (user_id, note_id, transaction_item_id, acquired_date, status) VALUES (166, 120, 20038, '2022-02-04 09:56:14', 'ACTIVE');
INSERT INTO reviews (note_id, user_id, attitude, content, created_at, status) VALUES (120, 166, 'POSITIVE', '這份筆記真的很棒！對期末考幫助極大，強力推薦！', '2022-02-14 09:56:14', 'VISIBLE');
INSERT INTO transactions (transaction_id, user_id, total_amount, transaction_date, receipt_number) VALUES (20039, 178, 500, '2021-06-18 23:36:31', 'REC-CLASSIC-20039');
INSERT INTO transaction_items (item_id, transaction_id, note_id, purchase_price) VALUES (20039, 20039, 120, 500);
INSERT INTO note_licenses (user_id, note_id, transaction_item_id, acquired_date, status) VALUES (178, 120, 20039, '2021-06-18 23:36:31', 'ACTIVE');
INSERT INTO reviews (note_id, user_id, attitude, content, created_at, status) VALUES (120, 178, 'POSITIVE', '這份筆記真的很棒！對期末考幫助極大，強力推薦！', '2021-06-19 23:36:31', 'VISIBLE');
INSERT INTO transactions (transaction_id, user_id, total_amount, transaction_date, receipt_number) VALUES (20040, 168, 500, '2023-04-14 20:35:41', 'REC-CLASSIC-20040');
INSERT INTO transaction_items (item_id, transaction_id, note_id, purchase_price) VALUES (20040, 20040, 120, 500);
INSERT INTO note_licenses (user_id, note_id, transaction_item_id, acquired_date, status) VALUES (168, 120, 20040, '2023-04-14 20:35:41', 'ACTIVE');
INSERT INTO reviews (note_id, user_id, attitude, content, created_at, status) VALUES (120, 168, 'NEGATIVE', '這份筆記真的很棒！對期末考幫助極大，強力推薦！', '2023-04-21 20:35:41', 'VISIBLE');
INSERT INTO transactions (transaction_id, user_id, total_amount, transaction_date, receipt_number) VALUES (20041, 194, 500, '2023-04-27 11:28:02', 'REC-CLASSIC-20041');
INSERT INTO transaction_items (item_id, transaction_id, note_id, purchase_price) VALUES (20041, 20041, 120, 500);
INSERT INTO note_licenses (user_id, note_id, transaction_item_id, acquired_date, status) VALUES (194, 120, 20041, '2023-04-27 11:28:02', 'ACTIVE');
INSERT INTO reviews (note_id, user_id, attitude, content, created_at, status) VALUES (120, 194, 'POSITIVE', '這份筆記真的很棒！對期末考幫助極大，強力推薦！', '2023-05-04 11:28:02', 'VISIBLE');
INSERT INTO transactions (transaction_id, user_id, total_amount, transaction_date, receipt_number) VALUES (20042, 192, 500, '2021-05-10 15:46:45', 'REC-CLASSIC-20042');
INSERT INTO transaction_items (item_id, transaction_id, note_id, purchase_price) VALUES (20042, 20042, 120, 500);
INSERT INTO note_licenses (user_id, note_id, transaction_item_id, acquired_date, status) VALUES (192, 120, 20042, '2021-05-10 15:46:45', 'ACTIVE');
INSERT INTO transactions (transaction_id, user_id, total_amount, transaction_date, receipt_number) VALUES (20043, 151, 500, '2022-07-07 14:26:57', 'REC-CLASSIC-20043');
INSERT INTO transaction_items (item_id, transaction_id, note_id, purchase_price) VALUES (20043, 20043, 120, 500);
INSERT INTO note_licenses (user_id, note_id, transaction_item_id, acquired_date, status) VALUES (151, 120, 20043, '2022-07-07 14:26:57', 'ACTIVE');
INSERT INTO reviews (note_id, user_id, attitude, content, created_at, status) VALUES (120, 151, 'POSITIVE', '這份筆記真的很棒！對期末考幫助極大，強力推薦！', '2022-07-11 14:26:57', 'VISIBLE');
INSERT INTO transactions (transaction_id, user_id, total_amount, transaction_date, receipt_number) VALUES (20044, 187, 500, '2022-10-15 06:51:26', 'REC-CLASSIC-20044');
INSERT INTO transaction_items (item_id, transaction_id, note_id, purchase_price) VALUES (20044, 20044, 120, 500);
INSERT INTO note_licenses (user_id, note_id, transaction_item_id, acquired_date, status) VALUES (187, 120, 20044, '2022-10-15 06:51:26', 'ACTIVE');
INSERT INTO reviews (note_id, user_id, attitude, content, created_at, status) VALUES (120, 187, 'POSITIVE', '這份筆記真的很棒！對期末考幫助極大，強力推薦！', '2022-10-18 06:51:26', 'VISIBLE');
INSERT INTO transactions (transaction_id, user_id, total_amount, transaction_date, receipt_number) VALUES (20045, 162, 500, '2022-09-25 17:44:51', 'REC-CLASSIC-20045');
INSERT INTO transaction_items (item_id, transaction_id, note_id, purchase_price) VALUES (20045, 20045, 120, 500);
INSERT INTO note_licenses (user_id, note_id, transaction_item_id, acquired_date, status) VALUES (162, 120, 20045, '2022-09-25 17:44:51', 'ACTIVE');
INSERT INTO reviews (note_id, user_id, attitude, content, created_at, status) VALUES (120, 162, 'POSITIVE', '這份筆記真的很棒！對期末考幫助極大，強力推薦！', '2022-09-28 17:44:51', 'VISIBLE');
INSERT INTO transactions (transaction_id, user_id, total_amount, transaction_date, receipt_number) VALUES (20046, 169, 500, '2023-02-14 10:16:40', 'REC-CLASSIC-20046');
INSERT INTO transaction_items (item_id, transaction_id, note_id, purchase_price) VALUES (20046, 20046, 120, 500);
INSERT INTO note_licenses (user_id, note_id, transaction_item_id, acquired_date, status) VALUES (169, 120, 20046, '2023-02-14 10:16:40', 'ACTIVE');
INSERT INTO transactions (transaction_id, user_id, total_amount, transaction_date, receipt_number) VALUES (20047, 150, 500, '2022-02-07 00:44:36', 'REC-CLASSIC-20047');
INSERT INTO transaction_items (item_id, transaction_id, note_id, purchase_price) VALUES (20047, 20047, 120, 500);
INSERT INTO note_licenses (user_id, note_id, transaction_item_id, acquired_date, status) VALUES (150, 120, 20047, '2022-02-07 00:44:36', 'ACTIVE');
INSERT INTO reviews (note_id, user_id, attitude, content, created_at, status) VALUES (120, 150, 'POSITIVE', '這份筆記真的很棒！對期末考幫助極大，強力推薦！', '2022-02-08 00:44:36', 'VISIBLE');
INSERT INTO transactions (transaction_id, user_id, total_amount, transaction_date, receipt_number) VALUES (20048, 172, 500, '2021-05-23 13:17:33', 'REC-CLASSIC-20048');
INSERT INTO transaction_items (item_id, transaction_id, note_id, purchase_price) VALUES (20048, 20048, 120, 500);
INSERT INTO note_licenses (user_id, note_id, transaction_item_id, acquired_date, status) VALUES (172, 120, 20048, '2021-05-23 13:17:33', 'ACTIVE');
INSERT INTO transactions (transaction_id, user_id, total_amount, transaction_date, receipt_number) VALUES (20049, 186, 500, '2023-01-10 03:42:10', 'REC-CLASSIC-20049');
INSERT INTO transaction_items (item_id, transaction_id, note_id, purchase_price) VALUES (20049, 20049, 120, 500);
INSERT INTO note_licenses (user_id, note_id, transaction_item_id, acquired_date, status) VALUES (186, 120, 20049, '2023-01-10 03:42:10', 'ACTIVE');
INSERT INTO reviews (note_id, user_id, attitude, content, created_at, status) VALUES (120, 186, 'POSITIVE', '這份筆記真的很棒！對期末考幫助極大，強力推薦！', '2023-01-18 03:42:10', 'VISIBLE');
INSERT INTO transactions (transaction_id, user_id, total_amount, transaction_date, receipt_number) VALUES (20050, 158, 500, '2021-05-31 15:05:01', 'REC-CLASSIC-20050');
INSERT INTO transaction_items (item_id, transaction_id, note_id, purchase_price) VALUES (20050, 20050, 120, 500);
INSERT INTO note_licenses (user_id, note_id, transaction_item_id, acquired_date, status) VALUES (158, 120, 20050, '2021-05-31 15:05:01', 'ACTIVE');
INSERT INTO reviews (note_id, user_id, attitude, content, created_at, status) VALUES (120, 158, 'POSITIVE', '這份筆記真的很棒！對期末考幫助極大，強力推薦！', '2021-06-09 15:05:01', 'VISIBLE');
INSERT INTO transactions (transaction_id, user_id, total_amount, transaction_date, receipt_number) VALUES (20051, 191, 500, '2022-09-29 14:12:38', 'REC-CLASSIC-20051');
INSERT INTO transaction_items (item_id, transaction_id, note_id, purchase_price) VALUES (20051, 20051, 120, 500);
INSERT INTO note_licenses (user_id, note_id, transaction_item_id, acquired_date, status) VALUES (191, 120, 20051, '2022-09-29 14:12:38', 'ACTIVE');
INSERT INTO reviews (note_id, user_id, attitude, content, created_at, status) VALUES (120, 191, 'POSITIVE', '這份筆記真的很棒！對期末考幫助極大，強力推薦！', '2022-10-06 14:12:38', 'VISIBLE');
INSERT INTO transactions (transaction_id, user_id, total_amount, transaction_date, receipt_number) VALUES (20052, 157, 500, '2022-05-20 12:30:55', 'REC-CLASSIC-20052');
INSERT INTO transaction_items (item_id, transaction_id, note_id, purchase_price) VALUES (20052, 20052, 130, 500);
INSERT INTO note_licenses (user_id, note_id, transaction_item_id, acquired_date, status) VALUES (157, 130, 20052, '2022-05-20 12:30:55', 'ACTIVE');
INSERT INTO reviews (note_id, user_id, attitude, content, created_at, status) VALUES (130, 157, 'POSITIVE', '這份筆記真的很棒！對期末考幫助極大，強力推薦！', '2022-05-22 12:30:55', 'VISIBLE');
INSERT INTO transactions (transaction_id, user_id, total_amount, transaction_date, receipt_number) VALUES (20053, 153, 500, '2022-04-29 01:41:05', 'REC-CLASSIC-20053');
INSERT INTO transaction_items (item_id, transaction_id, note_id, purchase_price) VALUES (20053, 20053, 130, 500);
INSERT INTO note_licenses (user_id, note_id, transaction_item_id, acquired_date, status) VALUES (153, 130, 20053, '2022-04-29 01:41:05', 'ACTIVE');
INSERT INTO reviews (note_id, user_id, attitude, content, created_at, status) VALUES (130, 153, 'POSITIVE', '這份筆記真的很棒！對期末考幫助極大，強力推薦！', '2022-05-09 01:41:05', 'VISIBLE');
INSERT INTO transactions (transaction_id, user_id, total_amount, transaction_date, receipt_number) VALUES (20054, 185, 500, '2023-02-23 21:53:43', 'REC-CLASSIC-20054');
INSERT INTO transaction_items (item_id, transaction_id, note_id, purchase_price) VALUES (20054, 20054, 130, 500);
INSERT INTO note_licenses (user_id, note_id, transaction_item_id, acquired_date, status) VALUES (185, 130, 20054, '2023-02-23 21:53:43', 'ACTIVE');
INSERT INTO reviews (note_id, user_id, attitude, content, created_at, status) VALUES (130, 185, 'POSITIVE', '這份筆記真的很棒！對期末考幫助極大，強力推薦！', '2023-02-28 21:53:43', 'VISIBLE');
INSERT INTO transactions (transaction_id, user_id, total_amount, transaction_date, receipt_number) VALUES (20055, 164, 500, '2022-12-15 22:28:52', 'REC-CLASSIC-20055');
INSERT INTO transaction_items (item_id, transaction_id, note_id, purchase_price) VALUES (20055, 20055, 130, 500);
INSERT INTO note_licenses (user_id, note_id, transaction_item_id, acquired_date, status) VALUES (164, 130, 20055, '2022-12-15 22:28:52', 'ACTIVE');
INSERT INTO reviews (note_id, user_id, attitude, content, created_at, status) VALUES (130, 164, 'POSITIVE', '這份筆記真的很棒！對期末考幫助極大，強力推薦！', '2022-12-24 22:28:52', 'VISIBLE');
INSERT INTO transactions (transaction_id, user_id, total_amount, transaction_date, receipt_number) VALUES (20056, 192, 500, '2024-07-11 17:52:05', 'REC-CLASSIC-20056');
INSERT INTO transaction_items (item_id, transaction_id, note_id, purchase_price) VALUES (20056, 20056, 130, 500);
INSERT INTO note_licenses (user_id, note_id, transaction_item_id, acquired_date, status) VALUES (192, 130, 20056, '2024-07-11 17:52:05', 'ACTIVE');
INSERT INTO reviews (note_id, user_id, attitude, content, created_at, status) VALUES (130, 192, 'POSITIVE', '這份筆記真的很棒！對期末考幫助極大，強力推薦！', '2024-07-18 17:52:05', 'VISIBLE');
INSERT INTO transactions (transaction_id, user_id, total_amount, transaction_date, receipt_number) VALUES (20057, 152, 500, '2024-04-21 11:06:30', 'REC-CLASSIC-20057');
INSERT INTO transaction_items (item_id, transaction_id, note_id, purchase_price) VALUES (20057, 20057, 130, 500);
INSERT INTO note_licenses (user_id, note_id, transaction_item_id, acquired_date, status) VALUES (152, 130, 20057, '2024-04-21 11:06:30', 'ACTIVE');
INSERT INTO reviews (note_id, user_id, attitude, content, created_at, status) VALUES (130, 152, 'POSITIVE', '這份筆記真的很棒！對期末考幫助極大，強力推薦！', '2024-04-27 11:06:30', 'VISIBLE');
INSERT INTO transactions (transaction_id, user_id, total_amount, transaction_date, receipt_number) VALUES (20058, 163, 500, '2022-09-27 03:30:19', 'REC-CLASSIC-20058');
INSERT INTO transaction_items (item_id, transaction_id, note_id, purchase_price) VALUES (20058, 20058, 130, 500);
INSERT INTO note_licenses (user_id, note_id, transaction_item_id, acquired_date, status) VALUES (163, 130, 20058, '2022-09-27 03:30:19', 'ACTIVE');
INSERT INTO reviews (note_id, user_id, attitude, content, created_at, status) VALUES (130, 163, 'POSITIVE', '這份筆記真的很棒！對期末考幫助極大，強力推薦！', '2022-10-03 03:30:19', 'VISIBLE');
INSERT INTO transactions (transaction_id, user_id, total_amount, transaction_date, receipt_number) VALUES (20059, 165, 500, '2021-09-13 17:11:45', 'REC-CLASSIC-20059');
INSERT INTO transaction_items (item_id, transaction_id, note_id, purchase_price) VALUES (20059, 20059, 130, 500);
INSERT INTO note_licenses (user_id, note_id, transaction_item_id, acquired_date, status) VALUES (165, 130, 20059, '2021-09-13 17:11:45', 'ACTIVE');
INSERT INTO transactions (transaction_id, user_id, total_amount, transaction_date, receipt_number) VALUES (20060, 161, 500, '2021-05-01 04:13:45', 'REC-CLASSIC-20060');
INSERT INTO transaction_items (item_id, transaction_id, note_id, purchase_price) VALUES (20060, 20060, 130, 500);
INSERT INTO note_licenses (user_id, note_id, transaction_item_id, acquired_date, status) VALUES (161, 130, 20060, '2021-05-01 04:13:45', 'ACTIVE');
INSERT INTO reviews (note_id, user_id, attitude, content, created_at, status) VALUES (130, 161, 'POSITIVE', '這份筆記真的很棒！對期末考幫助極大，強力推薦！', '2021-05-03 04:13:45', 'VISIBLE');
INSERT INTO transactions (transaction_id, user_id, total_amount, transaction_date, receipt_number) VALUES (20061, 182, 500, '2021-01-31 23:12:07', 'REC-CLASSIC-20061');
INSERT INTO transaction_items (item_id, transaction_id, note_id, purchase_price) VALUES (20061, 20061, 130, 500);
INSERT INTO note_licenses (user_id, note_id, transaction_item_id, acquired_date, status) VALUES (182, 130, 20061, '2021-01-31 23:12:07', 'ACTIVE');
INSERT INTO reviews (note_id, user_id, attitude, content, created_at, status) VALUES (130, 182, 'POSITIVE', '這份筆記真的很棒！對期末考幫助極大，強力推薦！', '2021-02-09 23:12:07', 'VISIBLE');
INSERT INTO transactions (transaction_id, user_id, total_amount, transaction_date, receipt_number) VALUES (20062, 189, 500, '2021-05-12 00:11:21', 'REC-CLASSIC-20062');
INSERT INTO transaction_items (item_id, transaction_id, note_id, purchase_price) VALUES (20062, 20062, 130, 500);
INSERT INTO note_licenses (user_id, note_id, transaction_item_id, acquired_date, status) VALUES (189, 130, 20062, '2021-05-12 00:11:21', 'ACTIVE');
INSERT INTO reviews (note_id, user_id, attitude, content, created_at, status) VALUES (130, 189, 'POSITIVE', '這份筆記真的很棒！對期末考幫助極大，強力推薦！', '2021-05-13 00:11:21', 'VISIBLE');
INSERT INTO transactions (transaction_id, user_id, total_amount, transaction_date, receipt_number) VALUES (20063, 187, 500, '2022-10-13 22:10:55', 'REC-CLASSIC-20063');
INSERT INTO transaction_items (item_id, transaction_id, note_id, purchase_price) VALUES (20063, 20063, 130, 500);
INSERT INTO note_licenses (user_id, note_id, transaction_item_id, acquired_date, status) VALUES (187, 130, 20063, '2022-10-13 22:10:55', 'ACTIVE');
INSERT INTO reviews (note_id, user_id, attitude, content, created_at, status) VALUES (130, 187, 'POSITIVE', '這份筆記真的很棒！對期末考幫助極大，強力推薦！', '2022-10-15 22:10:55', 'VISIBLE');
INSERT INTO transactions (transaction_id, user_id, total_amount, transaction_date, receipt_number) VALUES (20064, 168, 500, '2021-07-30 14:00:15', 'REC-CLASSIC-20064');
INSERT INTO transaction_items (item_id, transaction_id, note_id, purchase_price) VALUES (20064, 20064, 130, 500);
INSERT INTO note_licenses (user_id, note_id, transaction_item_id, acquired_date, status) VALUES (168, 130, 20064, '2021-07-30 14:00:15', 'ACTIVE');
INSERT INTO reviews (note_id, user_id, attitude, content, created_at, status) VALUES (130, 168, 'POSITIVE', '這份筆記真的很棒！對期末考幫助極大，強力推薦！', '2021-08-03 14:00:15', 'VISIBLE');
INSERT INTO transactions (transaction_id, user_id, total_amount, transaction_date, receipt_number) VALUES (20065, 171, 500, '2022-12-09 23:22:45', 'REC-CLASSIC-20065');
INSERT INTO transaction_items (item_id, transaction_id, note_id, purchase_price) VALUES (20065, 20065, 130, 500);
INSERT INTO note_licenses (user_id, note_id, transaction_item_id, acquired_date, status) VALUES (171, 130, 20065, '2022-12-09 23:22:45', 'ACTIVE');
INSERT INTO reviews (note_id, user_id, attitude, content, created_at, status) VALUES (130, 171, 'POSITIVE', '這份筆記真的很棒！對期末考幫助極大，強力推薦！', '2022-12-19 23:22:45', 'VISIBLE');
INSERT INTO transactions (transaction_id, user_id, total_amount, transaction_date, receipt_number) VALUES (20066, 181, 500, '2021-07-12 05:28:05', 'REC-CLASSIC-20066');
INSERT INTO transaction_items (item_id, transaction_id, note_id, purchase_price) VALUES (20066, 20066, 130, 500);
INSERT INTO note_licenses (user_id, note_id, transaction_item_id, acquired_date, status) VALUES (181, 130, 20066, '2021-07-12 05:28:05', 'ACTIVE');
INSERT INTO reviews (note_id, user_id, attitude, content, created_at, status) VALUES (130, 181, 'POSITIVE', '這份筆記真的很棒！對期末考幫助極大，強力推薦！', '2021-07-16 05:28:05', 'VISIBLE');
INSERT INTO transactions (transaction_id, user_id, total_amount, transaction_date, receipt_number) VALUES (20067, 176, 500, '2022-02-18 14:26:02', 'REC-CLASSIC-20067');
INSERT INTO transaction_items (item_id, transaction_id, note_id, purchase_price) VALUES (20067, 20067, 130, 500);
INSERT INTO note_licenses (user_id, note_id, transaction_item_id, acquired_date, status) VALUES (176, 130, 20067, '2022-02-18 14:26:02', 'ACTIVE');
INSERT INTO reviews (note_id, user_id, attitude, content, created_at, status) VALUES (130, 176, 'POSITIVE', '這份筆記真的很棒！對期末考幫助極大，強力推薦！', '2022-02-28 14:26:02', 'VISIBLE');
INSERT INTO transactions (transaction_id, user_id, total_amount, transaction_date, receipt_number) VALUES (20068, 174, 500, '2023-04-25 19:07:22', 'REC-CLASSIC-20068');
INSERT INTO transaction_items (item_id, transaction_id, note_id, purchase_price) VALUES (20068, 20068, 130, 500);
INSERT INTO note_licenses (user_id, note_id, transaction_item_id, acquired_date, status) VALUES (174, 130, 20068, '2023-04-25 19:07:22', 'ACTIVE');
INSERT INTO reviews (note_id, user_id, attitude, content, created_at, status) VALUES (130, 174, 'POSITIVE', '這份筆記真的很棒！對期末考幫助極大，強力推薦！', '2023-05-02 19:07:22', 'VISIBLE');
INSERT INTO transactions (transaction_id, user_id, total_amount, transaction_date, receipt_number) VALUES (20069, 179, 500, '2022-01-09 18:53:14', 'REC-CLASSIC-20069');
INSERT INTO transaction_items (item_id, transaction_id, note_id, purchase_price) VALUES (20069, 20069, 130, 500);
INSERT INTO note_licenses (user_id, note_id, transaction_item_id, acquired_date, status) VALUES (179, 130, 20069, '2022-01-09 18:53:14', 'ACTIVE');
INSERT INTO transactions (transaction_id, user_id, total_amount, transaction_date, receipt_number) VALUES (20070, 151, 500, '2022-11-04 04:12:06', 'REC-CLASSIC-20070');
INSERT INTO transaction_items (item_id, transaction_id, note_id, purchase_price) VALUES (20070, 20070, 130, 500);
INSERT INTO note_licenses (user_id, note_id, transaction_item_id, acquired_date, status) VALUES (151, 130, 20070, '2022-11-04 04:12:06', 'ACTIVE');
INSERT INTO reviews (note_id, user_id, attitude, content, created_at, status) VALUES (130, 151, 'POSITIVE', '這份筆記真的很棒！對期末考幫助極大，強力推薦！', '2022-11-08 04:12:06', 'VISIBLE');
INSERT INTO transactions (transaction_id, user_id, total_amount, transaction_date, receipt_number) VALUES (20071, 155, 500, '2023-07-28 10:09:24', 'REC-CLASSIC-20071');
INSERT INTO transaction_items (item_id, transaction_id, note_id, purchase_price) VALUES (20071, 20071, 130, 500);
INSERT INTO note_licenses (user_id, note_id, transaction_item_id, acquired_date, status) VALUES (155, 130, 20071, '2023-07-28 10:09:24', 'ACTIVE');
INSERT INTO transactions (transaction_id, user_id, total_amount, transaction_date, receipt_number) VALUES (20072, 150, 500, '2024-07-31 18:16:38', 'REC-CLASSIC-20072');
INSERT INTO transaction_items (item_id, transaction_id, note_id, purchase_price) VALUES (20072, 20072, 130, 500);
INSERT INTO note_licenses (user_id, note_id, transaction_item_id, acquired_date, status) VALUES (150, 130, 20072, '2024-07-31 18:16:38', 'ACTIVE');
INSERT INTO reviews (note_id, user_id, attitude, content, created_at, status) VALUES (130, 150, 'POSITIVE', '這份筆記真的很棒！對期末考幫助極大，強力推薦！', '2024-08-07 18:16:38', 'VISIBLE');
INSERT INTO transactions (transaction_id, user_id, total_amount, transaction_date, receipt_number) VALUES (20073, 172, 500, '2021-05-24 22:11:29', 'REC-CLASSIC-20073');
INSERT INTO transaction_items (item_id, transaction_id, note_id, purchase_price) VALUES (20073, 20073, 130, 500);
INSERT INTO note_licenses (user_id, note_id, transaction_item_id, acquired_date, status) VALUES (172, 130, 20073, '2021-05-24 22:11:29', 'ACTIVE');
INSERT INTO transactions (transaction_id, user_id, total_amount, transaction_date, receipt_number) VALUES (20074, 186, 500, '2021-05-17 10:46:43', 'REC-CLASSIC-20074');
INSERT INTO transaction_items (item_id, transaction_id, note_id, purchase_price) VALUES (20074, 20074, 130, 500);
INSERT INTO note_licenses (user_id, note_id, transaction_item_id, acquired_date, status) VALUES (186, 130, 20074, '2021-05-17 10:46:43', 'ACTIVE');
INSERT INTO reviews (note_id, user_id, attitude, content, created_at, status) VALUES (130, 186, 'POSITIVE', '這份筆記真的很棒！對期末考幫助極大，強力推薦！', '2021-05-21 10:46:43', 'VISIBLE');
INSERT INTO transactions (transaction_id, user_id, total_amount, transaction_date, receipt_number) VALUES (20075, 154, 500, '2022-07-17 20:47:14', 'REC-CLASSIC-20075');
INSERT INTO transaction_items (item_id, transaction_id, note_id, purchase_price) VALUES (20075, 20075, 130, 500);
INSERT INTO note_licenses (user_id, note_id, transaction_item_id, acquired_date, status) VALUES (154, 130, 20075, '2022-07-17 20:47:14', 'ACTIVE');
INSERT INTO reviews (note_id, user_id, attitude, content, created_at, status) VALUES (130, 154, 'POSITIVE', '這份筆記真的很棒！對期末考幫助極大，強力推薦！', '2022-07-19 20:47:14', 'VISIBLE');
INSERT INTO transactions (transaction_id, user_id, total_amount, transaction_date, receipt_number) VALUES (20076, 166, 500, '2023-04-07 22:11:55', 'REC-CLASSIC-20076');
INSERT INTO transaction_items (item_id, transaction_id, note_id, purchase_price) VALUES (20076, 20076, 130, 500);
INSERT INTO note_licenses (user_id, note_id, transaction_item_id, acquired_date, status) VALUES (166, 130, 20076, '2023-04-07 22:11:55', 'ACTIVE');
INSERT INTO reviews (note_id, user_id, attitude, content, created_at, status) VALUES (130, 166, 'POSITIVE', '這份筆記真的很棒！對期末考幫助極大，強力推薦！', '2023-04-15 22:11:55', 'VISIBLE');
INSERT INTO transactions (transaction_id, user_id, total_amount, transaction_date, receipt_number) VALUES (20077, 158, 500, '2024-07-24 05:59:27', 'REC-CLASSIC-20077');
INSERT INTO transaction_items (item_id, transaction_id, note_id, purchase_price) VALUES (20077, 20077, 130, 500);
INSERT INTO note_licenses (user_id, note_id, transaction_item_id, acquired_date, status) VALUES (158, 130, 20077, '2024-07-24 05:59:27', 'ACTIVE');
INSERT INTO reviews (note_id, user_id, attitude, content, created_at, status) VALUES (130, 158, 'POSITIVE', '這份筆記真的很棒！對期末考幫助極大，強力推薦！', '2024-07-26 05:59:27', 'VISIBLE');
INSERT INTO transactions (transaction_id, user_id, total_amount, transaction_date, receipt_number) VALUES (20078, 175, 500, '2021-03-13 09:11:07', 'REC-CLASSIC-20078');
INSERT INTO transaction_items (item_id, transaction_id, note_id, purchase_price) VALUES (20078, 20078, 130, 500);
INSERT INTO note_licenses (user_id, note_id, transaction_item_id, acquired_date, status) VALUES (175, 130, 20078, '2021-03-13 09:11:07', 'ACTIVE');
INSERT INTO reviews (note_id, user_id, attitude, content, created_at, status) VALUES (130, 175, 'POSITIVE', '這份筆記真的很棒！對期末考幫助極大，強力推薦！', '2021-03-23 09:11:07', 'VISIBLE');
INSERT INTO transactions (transaction_id, user_id, total_amount, transaction_date, receipt_number) VALUES (20079, 177, 500, '2022-03-10 05:08:05', 'REC-CLASSIC-20079');
INSERT INTO transaction_items (item_id, transaction_id, note_id, purchase_price) VALUES (20079, 20079, 130, 500);
INSERT INTO note_licenses (user_id, note_id, transaction_item_id, acquired_date, status) VALUES (177, 130, 20079, '2022-03-10 05:08:05', 'ACTIVE');
INSERT INTO reviews (note_id, user_id, attitude, content, created_at, status) VALUES (130, 177, 'POSITIVE', '這份筆記真的很棒！對期末考幫助極大，強力推薦！', '2022-03-20 05:08:05', 'VISIBLE');
INSERT INTO transactions (transaction_id, user_id, total_amount, transaction_date, receipt_number) VALUES (20080, 188, 500, '2024-01-08 13:57:26', 'REC-CLASSIC-20080');
INSERT INTO transaction_items (item_id, transaction_id, note_id, purchase_price) VALUES (20080, 20080, 140, 500);
INSERT INTO note_licenses (user_id, note_id, transaction_item_id, acquired_date, status) VALUES (188, 140, 20080, '2024-01-08 13:57:26', 'ACTIVE');
INSERT INTO reviews (note_id, user_id, attitude, content, created_at, status) VALUES (140, 188, 'POSITIVE', '這份筆記真的很棒！對期末考幫助極大，強力推薦！', '2024-01-14 13:57:26', 'VISIBLE');
INSERT INTO transactions (transaction_id, user_id, total_amount, transaction_date, receipt_number) VALUES (20081, 170, 500, '2021-08-20 02:50:16', 'REC-CLASSIC-20081');
INSERT INTO transaction_items (item_id, transaction_id, note_id, purchase_price) VALUES (20081, 20081, 140, 500);
INSERT INTO note_licenses (user_id, note_id, transaction_item_id, acquired_date, status) VALUES (170, 140, 20081, '2021-08-20 02:50:16', 'ACTIVE');
INSERT INTO reviews (note_id, user_id, attitude, content, created_at, status) VALUES (140, 170, 'POSITIVE', '這份筆記真的很棒！對期末考幫助極大，強力推薦！', '2021-08-28 02:50:16', 'VISIBLE');
INSERT INTO transactions (transaction_id, user_id, total_amount, transaction_date, receipt_number) VALUES (20082, 152, 500, '2024-05-02 00:43:44', 'REC-CLASSIC-20082');
INSERT INTO transaction_items (item_id, transaction_id, note_id, purchase_price) VALUES (20082, 20082, 140, 500);
INSERT INTO note_licenses (user_id, note_id, transaction_item_id, acquired_date, status) VALUES (152, 140, 20082, '2024-05-02 00:43:44', 'ACTIVE');
INSERT INTO reviews (note_id, user_id, attitude, content, created_at, status) VALUES (140, 152, 'POSITIVE', '這份筆記真的很棒！對期末考幫助極大，強力推薦！', '2024-05-07 00:43:44', 'VISIBLE');
INSERT INTO transactions (transaction_id, user_id, total_amount, transaction_date, receipt_number) VALUES (20083, 153, 500, '2022-03-12 20:05:52', 'REC-CLASSIC-20083');
INSERT INTO transaction_items (item_id, transaction_id, note_id, purchase_price) VALUES (20083, 20083, 140, 500);
INSERT INTO note_licenses (user_id, note_id, transaction_item_id, acquired_date, status) VALUES (153, 140, 20083, '2022-03-12 20:05:52', 'ACTIVE');
INSERT INTO transactions (transaction_id, user_id, total_amount, transaction_date, receipt_number) VALUES (20084, 155, 500, '2021-10-16 01:12:00', 'REC-CLASSIC-20084');
INSERT INTO transaction_items (item_id, transaction_id, note_id, purchase_price) VALUES (20084, 20084, 140, 500);
INSERT INTO note_licenses (user_id, note_id, transaction_item_id, acquired_date, status) VALUES (155, 140, 20084, '2021-10-16 01:12:00', 'ACTIVE');
INSERT INTO reviews (note_id, user_id, attitude, content, created_at, status) VALUES (140, 155, 'POSITIVE', '這份筆記真的很棒！對期末考幫助極大，強力推薦！', '2021-10-26 01:12:00', 'VISIBLE');
INSERT INTO transactions (transaction_id, user_id, total_amount, transaction_date, receipt_number) VALUES (20085, 186, 500, '2021-12-06 16:46:37', 'REC-CLASSIC-20085');
INSERT INTO transaction_items (item_id, transaction_id, note_id, purchase_price) VALUES (20085, 20085, 140, 500);
INSERT INTO note_licenses (user_id, note_id, transaction_item_id, acquired_date, status) VALUES (186, 140, 20085, '2021-12-06 16:46:37', 'ACTIVE');
INSERT INTO reviews (note_id, user_id, attitude, content, created_at, status) VALUES (140, 186, 'POSITIVE', '這份筆記真的很棒！對期末考幫助極大，強力推薦！', '2021-12-07 16:46:37', 'VISIBLE');
INSERT INTO transactions (transaction_id, user_id, total_amount, transaction_date, receipt_number) VALUES (20086, 183, 500, '2023-02-05 16:06:32', 'REC-CLASSIC-20086');
INSERT INTO transaction_items (item_id, transaction_id, note_id, purchase_price) VALUES (20086, 20086, 140, 500);
INSERT INTO note_licenses (user_id, note_id, transaction_item_id, acquired_date, status) VALUES (183, 140, 20086, '2023-02-05 16:06:32', 'ACTIVE');
INSERT INTO reviews (note_id, user_id, attitude, content, created_at, status) VALUES (140, 183, 'POSITIVE', '這份筆記真的很棒！對期末考幫助極大，強力推薦！', '2023-02-06 16:06:32', 'VISIBLE');
INSERT INTO transactions (transaction_id, user_id, total_amount, transaction_date, receipt_number) VALUES (20087, 182, 500, '2021-08-07 18:28:28', 'REC-CLASSIC-20087');
INSERT INTO transaction_items (item_id, transaction_id, note_id, purchase_price) VALUES (20087, 20087, 140, 500);
INSERT INTO note_licenses (user_id, note_id, transaction_item_id, acquired_date, status) VALUES (182, 140, 20087, '2021-08-07 18:28:28', 'ACTIVE');
INSERT INTO reviews (note_id, user_id, attitude, content, created_at, status) VALUES (140, 182, 'POSITIVE', '這份筆記真的很棒！對期末考幫助極大，強力推薦！', '2021-08-08 18:28:28', 'VISIBLE');
INSERT INTO transactions (transaction_id, user_id, total_amount, transaction_date, receipt_number) VALUES (20088, 157, 500, '2022-01-16 00:00:49', 'REC-CLASSIC-20088');
INSERT INTO transaction_items (item_id, transaction_id, note_id, purchase_price) VALUES (20088, 20088, 140, 500);
INSERT INTO note_licenses (user_id, note_id, transaction_item_id, acquired_date, status) VALUES (157, 140, 20088, '2022-01-16 00:00:49', 'ACTIVE');
INSERT INTO transactions (transaction_id, user_id, total_amount, transaction_date, receipt_number) VALUES (20089, 177, 500, '2023-03-30 06:41:38', 'REC-CLASSIC-20089');
INSERT INTO transaction_items (item_id, transaction_id, note_id, purchase_price) VALUES (20089, 20089, 140, 500);
INSERT INTO note_licenses (user_id, note_id, transaction_item_id, acquired_date, status) VALUES (177, 140, 20089, '2023-03-30 06:41:38', 'ACTIVE');
INSERT INTO reviews (note_id, user_id, attitude, content, created_at, status) VALUES (140, 177, 'POSITIVE', '這份筆記真的很棒！對期末考幫助極大，強力推薦！', '2023-04-02 06:41:38', 'VISIBLE');
INSERT INTO transactions (transaction_id, user_id, total_amount, transaction_date, receipt_number) VALUES (20090, 163, 500, '2023-03-20 11:06:28', 'REC-CLASSIC-20090');
INSERT INTO transaction_items (item_id, transaction_id, note_id, purchase_price) VALUES (20090, 20090, 140, 500);
INSERT INTO note_licenses (user_id, note_id, transaction_item_id, acquired_date, status) VALUES (163, 140, 20090, '2023-03-20 11:06:28', 'ACTIVE');
INSERT INTO reviews (note_id, user_id, attitude, content, created_at, status) VALUES (140, 163, 'POSITIVE', '這份筆記真的很棒！對期末考幫助極大，強力推薦！', '2023-03-22 11:06:28', 'VISIBLE');
INSERT INTO transactions (transaction_id, user_id, total_amount, transaction_date, receipt_number) VALUES (20091, 161, 500, '2021-12-14 22:18:16', 'REC-CLASSIC-20091');
INSERT INTO transaction_items (item_id, transaction_id, note_id, purchase_price) VALUES (20091, 20091, 140, 500);
INSERT INTO note_licenses (user_id, note_id, transaction_item_id, acquired_date, status) VALUES (161, 140, 20091, '2021-12-14 22:18:16', 'ACTIVE');
INSERT INTO reviews (note_id, user_id, attitude, content, created_at, status) VALUES (140, 161, 'POSITIVE', '這份筆記真的很棒！對期末考幫助極大，強力推薦！', '2021-12-17 22:18:16', 'VISIBLE');
INSERT INTO transactions (transaction_id, user_id, total_amount, transaction_date, receipt_number) VALUES (20092, 150, 500, '2022-02-11 19:37:12', 'REC-CLASSIC-20092');
INSERT INTO transaction_items (item_id, transaction_id, note_id, purchase_price) VALUES (20092, 20092, 140, 500);
INSERT INTO note_licenses (user_id, note_id, transaction_item_id, acquired_date, status) VALUES (150, 140, 20092, '2022-02-11 19:37:12', 'ACTIVE');
INSERT INTO reviews (note_id, user_id, attitude, content, created_at, status) VALUES (140, 150, 'POSITIVE', '這份筆記真的很棒！對期末考幫助極大，強力推薦！', '2022-02-20 19:37:12', 'VISIBLE');
INSERT INTO transactions (transaction_id, user_id, total_amount, transaction_date, receipt_number) VALUES (20093, 191, 500, '2023-11-06 16:58:17', 'REC-CLASSIC-20093');
INSERT INTO transaction_items (item_id, transaction_id, note_id, purchase_price) VALUES (20093, 20093, 140, 500);
INSERT INTO note_licenses (user_id, note_id, transaction_item_id, acquired_date, status) VALUES (191, 140, 20093, '2023-11-06 16:58:17', 'ACTIVE');
INSERT INTO reviews (note_id, user_id, attitude, content, created_at, status) VALUES (140, 191, 'POSITIVE', '這份筆記真的很棒！對期末考幫助極大，強力推薦！', '2023-11-14 16:58:17', 'VISIBLE');
INSERT INTO transactions (transaction_id, user_id, total_amount, transaction_date, receipt_number) VALUES (20094, 151, 500, '2021-09-29 01:37:45', 'REC-CLASSIC-20094');
INSERT INTO transaction_items (item_id, transaction_id, note_id, purchase_price) VALUES (20094, 20094, 140, 500);
INSERT INTO note_licenses (user_id, note_id, transaction_item_id, acquired_date, status) VALUES (151, 140, 20094, '2021-09-29 01:37:45', 'ACTIVE');
INSERT INTO reviews (note_id, user_id, attitude, content, created_at, status) VALUES (140, 151, 'POSITIVE', '這份筆記真的很棒！對期末考幫助極大，強力推薦！', '2021-10-04 01:37:45', 'VISIBLE');
INSERT INTO transactions (transaction_id, user_id, total_amount, transaction_date, receipt_number) VALUES (20095, 160, 500, '2022-07-13 17:32:32', 'REC-CLASSIC-20095');
INSERT INTO transaction_items (item_id, transaction_id, note_id, purchase_price) VALUES (20095, 20095, 140, 500);
INSERT INTO note_licenses (user_id, note_id, transaction_item_id, acquired_date, status) VALUES (160, 140, 20095, '2022-07-13 17:32:32', 'ACTIVE');
INSERT INTO reviews (note_id, user_id, attitude, content, created_at, status) VALUES (140, 160, 'POSITIVE', '這份筆記真的很棒！對期末考幫助極大，強力推薦！', '2022-07-22 17:32:32', 'VISIBLE');
INSERT INTO transactions (transaction_id, user_id, total_amount, transaction_date, receipt_number) VALUES (20096, 174, 500, '2024-08-09 16:23:52', 'REC-CLASSIC-20096');
INSERT INTO transaction_items (item_id, transaction_id, note_id, purchase_price) VALUES (20096, 20096, 140, 500);
INSERT INTO note_licenses (user_id, note_id, transaction_item_id, acquired_date, status) VALUES (174, 140, 20096, '2024-08-09 16:23:52', 'ACTIVE');
INSERT INTO reviews (note_id, user_id, attitude, content, created_at, status) VALUES (140, 174, 'POSITIVE', '這份筆記真的很棒！對期末考幫助極大，強力推薦！', '2024-08-19 16:23:52', 'VISIBLE');
INSERT INTO transactions (transaction_id, user_id, total_amount, transaction_date, receipt_number) VALUES (20097, 171, 500, '2024-07-23 09:51:58', 'REC-CLASSIC-20097');
INSERT INTO transaction_items (item_id, transaction_id, note_id, purchase_price) VALUES (20097, 20097, 140, 500);
INSERT INTO note_licenses (user_id, note_id, transaction_item_id, acquired_date, status) VALUES (171, 140, 20097, '2024-07-23 09:51:58', 'ACTIVE');
INSERT INTO reviews (note_id, user_id, attitude, content, created_at, status) VALUES (140, 171, 'POSITIVE', '這份筆記真的很棒！對期末考幫助極大，強力推薦！', '2024-08-01 09:51:58', 'VISIBLE');
INSERT INTO transactions (transaction_id, user_id, total_amount, transaction_date, receipt_number) VALUES (20098, 156, 500, '2021-01-11 12:52:31', 'REC-CLASSIC-20098');
INSERT INTO transaction_items (item_id, transaction_id, note_id, purchase_price) VALUES (20098, 20098, 140, 500);
INSERT INTO note_licenses (user_id, note_id, transaction_item_id, acquired_date, status) VALUES (156, 140, 20098, '2021-01-11 12:52:31', 'ACTIVE');
INSERT INTO reviews (note_id, user_id, attitude, content, created_at, status) VALUES (140, 156, 'NEGATIVE', '這份筆記真的很棒！對期末考幫助極大，強力推薦！', '2021-01-16 12:52:31', 'VISIBLE');
INSERT INTO transactions (transaction_id, user_id, total_amount, transaction_date, receipt_number) VALUES (20099, 192, 500, '2024-08-18 23:51:33', 'REC-CLASSIC-20099');
INSERT INTO transaction_items (item_id, transaction_id, note_id, purchase_price) VALUES (20099, 20099, 140, 500);
INSERT INTO note_licenses (user_id, note_id, transaction_item_id, acquired_date, status) VALUES (192, 140, 20099, '2024-08-18 23:51:33', 'ACTIVE');
INSERT INTO reviews (note_id, user_id, attitude, content, created_at, status) VALUES (140, 192, 'POSITIVE', '這份筆記真的很棒！對期末考幫助極大，強力推薦！', '2024-08-19 23:51:33', 'VISIBLE');
INSERT INTO transactions (transaction_id, user_id, total_amount, transaction_date, receipt_number) VALUES (20100, 187, 500, '2021-08-21 11:18:53', 'REC-CLASSIC-20100');
INSERT INTO transaction_items (item_id, transaction_id, note_id, purchase_price) VALUES (20100, 20100, 150, 500);
INSERT INTO note_licenses (user_id, note_id, transaction_item_id, acquired_date, status) VALUES (187, 150, 20100, '2021-08-21 11:18:53', 'ACTIVE');
INSERT INTO reviews (note_id, user_id, attitude, content, created_at, status) VALUES (150, 187, 'POSITIVE', '這份筆記真的很棒！對期末考幫助極大，強力推薦！', '2021-08-28 11:18:53', 'VISIBLE');
INSERT INTO transactions (transaction_id, user_id, total_amount, transaction_date, receipt_number) VALUES (20101, 185, 500, '2024-08-31 03:07:35', 'REC-CLASSIC-20101');
INSERT INTO transaction_items (item_id, transaction_id, note_id, purchase_price) VALUES (20101, 20101, 150, 500);
INSERT INTO note_licenses (user_id, note_id, transaction_item_id, acquired_date, status) VALUES (185, 150, 20101, '2024-08-31 03:07:35', 'ACTIVE');
INSERT INTO reviews (note_id, user_id, attitude, content, created_at, status) VALUES (150, 185, 'POSITIVE', '這份筆記真的很棒！對期末考幫助極大，強力推薦！', '2024-09-02 03:07:35', 'VISIBLE');
INSERT INTO transactions (transaction_id, user_id, total_amount, transaction_date, receipt_number) VALUES (20102, 151, 500, '2024-04-29 18:38:13', 'REC-CLASSIC-20102');
INSERT INTO transaction_items (item_id, transaction_id, note_id, purchase_price) VALUES (20102, 20102, 150, 500);
INSERT INTO note_licenses (user_id, note_id, transaction_item_id, acquired_date, status) VALUES (151, 150, 20102, '2024-04-29 18:38:13', 'ACTIVE');
INSERT INTO reviews (note_id, user_id, attitude, content, created_at, status) VALUES (150, 151, 'POSITIVE', '這份筆記真的很棒！對期末考幫助極大，強力推薦！', '2024-05-01 18:38:13', 'VISIBLE');
INSERT INTO transactions (transaction_id, user_id, total_amount, transaction_date, receipt_number) VALUES (20103, 167, 500, '2024-11-18 16:34:59', 'REC-CLASSIC-20103');
INSERT INTO transaction_items (item_id, transaction_id, note_id, purchase_price) VALUES (20103, 20103, 150, 500);
INSERT INTO note_licenses (user_id, note_id, transaction_item_id, acquired_date, status) VALUES (167, 150, 20103, '2024-11-18 16:34:59', 'ACTIVE');
INSERT INTO reviews (note_id, user_id, attitude, content, created_at, status) VALUES (150, 167, 'POSITIVE', '這份筆記真的很棒！對期末考幫助極大，強力推薦！', '2024-11-25 16:34:59', 'VISIBLE');
INSERT INTO transactions (transaction_id, user_id, total_amount, transaction_date, receipt_number) VALUES (20104, 162, 500, '2022-07-06 20:30:27', 'REC-CLASSIC-20104');
INSERT INTO transaction_items (item_id, transaction_id, note_id, purchase_price) VALUES (20104, 20104, 150, 500);
INSERT INTO note_licenses (user_id, note_id, transaction_item_id, acquired_date, status) VALUES (162, 150, 20104, '2022-07-06 20:30:27', 'ACTIVE');
INSERT INTO reviews (note_id, user_id, attitude, content, created_at, status) VALUES (150, 162, 'POSITIVE', '這份筆記真的很棒！對期末考幫助極大，強力推薦！', '2022-07-14 20:30:27', 'VISIBLE');
INSERT INTO transactions (transaction_id, user_id, total_amount, transaction_date, receipt_number) VALUES (20105, 182, 500, '2021-10-27 04:13:49', 'REC-CLASSIC-20105');
INSERT INTO transaction_items (item_id, transaction_id, note_id, purchase_price) VALUES (20105, 20105, 150, 500);
INSERT INTO note_licenses (user_id, note_id, transaction_item_id, acquired_date, status) VALUES (182, 150, 20105, '2021-10-27 04:13:49', 'ACTIVE');
INSERT INTO reviews (note_id, user_id, attitude, content, created_at, status) VALUES (150, 182, 'POSITIVE', '這份筆記真的很棒！對期末考幫助極大，強力推薦！', '2021-11-02 04:13:49', 'VISIBLE');
INSERT INTO transactions (transaction_id, user_id, total_amount, transaction_date, receipt_number) VALUES (20106, 170, 500, '2024-07-06 22:01:03', 'REC-CLASSIC-20106');
INSERT INTO transaction_items (item_id, transaction_id, note_id, purchase_price) VALUES (20106, 20106, 150, 500);
INSERT INTO note_licenses (user_id, note_id, transaction_item_id, acquired_date, status) VALUES (170, 150, 20106, '2024-07-06 22:01:03', 'ACTIVE');
INSERT INTO reviews (note_id, user_id, attitude, content, created_at, status) VALUES (150, 170, 'POSITIVE', '這份筆記真的很棒！對期末考幫助極大，強力推薦！', '2024-07-09 22:01:03', 'VISIBLE');
INSERT INTO transactions (transaction_id, user_id, total_amount, transaction_date, receipt_number) VALUES (20107, 180, 500, '2021-06-01 00:45:00', 'REC-CLASSIC-20107');
INSERT INTO transaction_items (item_id, transaction_id, note_id, purchase_price) VALUES (20107, 20107, 150, 500);
INSERT INTO note_licenses (user_id, note_id, transaction_item_id, acquired_date, status) VALUES (180, 150, 20107, '2021-06-01 00:45:00', 'ACTIVE');
INSERT INTO reviews (note_id, user_id, attitude, content, created_at, status) VALUES (150, 180, 'POSITIVE', '這份筆記真的很棒！對期末考幫助極大，強力推薦！', '2021-06-10 00:45:00', 'VISIBLE');
INSERT INTO transactions (transaction_id, user_id, total_amount, transaction_date, receipt_number) VALUES (20108, 183, 500, '2022-12-25 04:47:35', 'REC-CLASSIC-20108');
INSERT INTO transaction_items (item_id, transaction_id, note_id, purchase_price) VALUES (20108, 20108, 150, 500);
INSERT INTO note_licenses (user_id, note_id, transaction_item_id, acquired_date, status) VALUES (183, 150, 20108, '2022-12-25 04:47:35', 'ACTIVE');
INSERT INTO reviews (note_id, user_id, attitude, content, created_at, status) VALUES (150, 183, 'POSITIVE', '這份筆記真的很棒！對期末考幫助極大，強力推薦！', '2023-01-04 04:47:35', 'VISIBLE');
INSERT INTO transactions (transaction_id, user_id, total_amount, transaction_date, receipt_number) VALUES (20109, 164, 500, '2024-03-07 12:57:27', 'REC-CLASSIC-20109');
INSERT INTO transaction_items (item_id, transaction_id, note_id, purchase_price) VALUES (20109, 20109, 150, 500);
INSERT INTO note_licenses (user_id, note_id, transaction_item_id, acquired_date, status) VALUES (164, 150, 20109, '2024-03-07 12:57:27', 'ACTIVE');
INSERT INTO transactions (transaction_id, user_id, total_amount, transaction_date, receipt_number) VALUES (20110, 186, 500, '2021-06-22 15:35:38', 'REC-CLASSIC-20110');
INSERT INTO transaction_items (item_id, transaction_id, note_id, purchase_price) VALUES (20110, 20110, 150, 500);
INSERT INTO note_licenses (user_id, note_id, transaction_item_id, acquired_date, status) VALUES (186, 150, 20110, '2021-06-22 15:35:38', 'ACTIVE');
INSERT INTO reviews (note_id, user_id, attitude, content, created_at, status) VALUES (150, 186, 'POSITIVE', '這份筆記真的很棒！對期末考幫助極大，強力推薦！', '2021-06-27 15:35:38', 'VISIBLE');
INSERT INTO transactions (transaction_id, user_id, total_amount, transaction_date, receipt_number) VALUES (20111, 184, 500, '2024-08-05 01:02:24', 'REC-CLASSIC-20111');
INSERT INTO transaction_items (item_id, transaction_id, note_id, purchase_price) VALUES (20111, 20111, 150, 500);
INSERT INTO note_licenses (user_id, note_id, transaction_item_id, acquired_date, status) VALUES (184, 150, 20111, '2024-08-05 01:02:24', 'ACTIVE');
INSERT INTO reviews (note_id, user_id, attitude, content, created_at, status) VALUES (150, 184, 'POSITIVE', '這份筆記真的很棒！對期末考幫助極大，強力推薦！', '2024-08-09 01:02:24', 'VISIBLE');
INSERT INTO transactions (transaction_id, user_id, total_amount, transaction_date, receipt_number) VALUES (20112, 166, 500, '2024-03-02 16:51:35', 'REC-CLASSIC-20112');
INSERT INTO transaction_items (item_id, transaction_id, note_id, purchase_price) VALUES (20112, 20112, 150, 500);
INSERT INTO note_licenses (user_id, note_id, transaction_item_id, acquired_date, status) VALUES (166, 150, 20112, '2024-03-02 16:51:35', 'ACTIVE');
INSERT INTO reviews (note_id, user_id, attitude, content, created_at, status) VALUES (150, 166, 'POSITIVE', '這份筆記真的很棒！對期末考幫助極大，強力推薦！', '2024-03-10 16:51:35', 'VISIBLE');
INSERT INTO transactions (transaction_id, user_id, total_amount, transaction_date, receipt_number) VALUES (20113, 171, 500, '2023-03-19 11:30:18', 'REC-CLASSIC-20113');
INSERT INTO transaction_items (item_id, transaction_id, note_id, purchase_price) VALUES (20113, 20113, 150, 500);
INSERT INTO note_licenses (user_id, note_id, transaction_item_id, acquired_date, status) VALUES (171, 150, 20113, '2023-03-19 11:30:18', 'ACTIVE');
INSERT INTO reviews (note_id, user_id, attitude, content, created_at, status) VALUES (150, 171, 'POSITIVE', '這份筆記真的很棒！對期末考幫助極大，強力推薦！', '2023-03-22 11:30:18', 'VISIBLE');
INSERT INTO transactions (transaction_id, user_id, total_amount, transaction_date, receipt_number) VALUES (20114, 173, 500, '2022-04-10 07:56:59', 'REC-CLASSIC-20114');
INSERT INTO transaction_items (item_id, transaction_id, note_id, purchase_price) VALUES (20114, 20114, 150, 500);
INSERT INTO note_licenses (user_id, note_id, transaction_item_id, acquired_date, status) VALUES (173, 150, 20114, '2022-04-10 07:56:59', 'ACTIVE');
INSERT INTO reviews (note_id, user_id, attitude, content, created_at, status) VALUES (150, 173, 'POSITIVE', '這份筆記真的很棒！對期末考幫助極大，強力推薦！', '2022-04-16 07:56:59', 'VISIBLE');
INSERT INTO transactions (transaction_id, user_id, total_amount, transaction_date, receipt_number) VALUES (20115, 155, 500, '2021-02-24 09:50:53', 'REC-CLASSIC-20115');
INSERT INTO transaction_items (item_id, transaction_id, note_id, purchase_price) VALUES (20115, 20115, 150, 500);
INSERT INTO note_licenses (user_id, note_id, transaction_item_id, acquired_date, status) VALUES (155, 150, 20115, '2021-02-24 09:50:53', 'ACTIVE');
INSERT INTO reviews (note_id, user_id, attitude, content, created_at, status) VALUES (150, 155, 'NEGATIVE', '這份筆記真的很棒！對期末考幫助極大，強力推薦！', '2021-03-03 09:50:53', 'VISIBLE');
INSERT INTO transactions (transaction_id, user_id, total_amount, transaction_date, receipt_number) VALUES (20116, 161, 500, '2022-11-07 13:04:12', 'REC-CLASSIC-20116');
INSERT INTO transaction_items (item_id, transaction_id, note_id, purchase_price) VALUES (20116, 20116, 150, 500);
INSERT INTO note_licenses (user_id, note_id, transaction_item_id, acquired_date, status) VALUES (161, 150, 20116, '2022-11-07 13:04:12', 'ACTIVE');
INSERT INTO reviews (note_id, user_id, attitude, content, created_at, status) VALUES (150, 161, 'POSITIVE', '這份筆記真的很棒！對期末考幫助極大，強力推薦！', '2022-11-10 13:04:12', 'VISIBLE');
INSERT INTO transactions (transaction_id, user_id, total_amount, transaction_date, receipt_number) VALUES (20117, 169, 500, '2024-09-27 14:45:35', 'REC-CLASSIC-20117');
INSERT INTO transaction_items (item_id, transaction_id, note_id, purchase_price) VALUES (20117, 20117, 150, 500);
INSERT INTO note_licenses (user_id, note_id, transaction_item_id, acquired_date, status) VALUES (169, 150, 20117, '2024-09-27 14:45:35', 'ACTIVE');
INSERT INTO reviews (note_id, user_id, attitude, content, created_at, status) VALUES (150, 169, 'POSITIVE', '這份筆記真的很棒！對期末考幫助極大，強力推薦！', '2024-10-04 14:45:35', 'VISIBLE');
INSERT INTO transactions (transaction_id, user_id, total_amount, transaction_date, receipt_number) VALUES (20118, 172, 500, '2024-05-06 16:39:44', 'REC-CLASSIC-20118');
INSERT INTO transaction_items (item_id, transaction_id, note_id, purchase_price) VALUES (20118, 20118, 150, 500);
INSERT INTO note_licenses (user_id, note_id, transaction_item_id, acquired_date, status) VALUES (172, 150, 20118, '2024-05-06 16:39:44', 'ACTIVE');
INSERT INTO transactions (transaction_id, user_id, total_amount, transaction_date, receipt_number) VALUES (20119, 158, 500, '2022-10-26 05:13:46', 'REC-CLASSIC-20119');
INSERT INTO transaction_items (item_id, transaction_id, note_id, purchase_price) VALUES (20119, 20119, 150, 500);
INSERT INTO note_licenses (user_id, note_id, transaction_item_id, acquired_date, status) VALUES (158, 150, 20119, '2022-10-26 05:13:46', 'ACTIVE');
INSERT INTO reviews (note_id, user_id, attitude, content, created_at, status) VALUES (150, 158, 'POSITIVE', '這份筆記真的很棒！對期末考幫助極大，強力推薦！', '2022-10-30 05:13:46', 'VISIBLE');
INSERT INTO transactions (transaction_id, user_id, total_amount, transaction_date, receipt_number) VALUES (20120, 189, 500, '2021-03-29 08:02:42', 'REC-CLASSIC-20120');
INSERT INTO transaction_items (item_id, transaction_id, note_id, purchase_price) VALUES (20120, 20120, 150, 500);
INSERT INTO note_licenses (user_id, note_id, transaction_item_id, acquired_date, status) VALUES (189, 150, 20120, '2021-03-29 08:02:42', 'ACTIVE');
INSERT INTO reviews (note_id, user_id, attitude, content, created_at, status) VALUES (150, 189, 'POSITIVE', '這份筆記真的很棒！對期末考幫助極大，強力推薦！', '2021-04-05 08:02:42', 'VISIBLE');
INSERT INTO transactions (transaction_id, user_id, total_amount, transaction_date, receipt_number) VALUES (20121, 159, 500, '2022-04-16 12:56:33', 'REC-CLASSIC-20121');
INSERT INTO transaction_items (item_id, transaction_id, note_id, purchase_price) VALUES (20121, 20121, 150, 500);
INSERT INTO note_licenses (user_id, note_id, transaction_item_id, acquired_date, status) VALUES (159, 150, 20121, '2022-04-16 12:56:33', 'ACTIVE');
INSERT INTO transactions (transaction_id, user_id, total_amount, transaction_date, receipt_number) VALUES (20122, 192, 500, '2022-10-10 18:21:42', 'REC-CLASSIC-20122');
INSERT INTO transaction_items (item_id, transaction_id, note_id, purchase_price) VALUES (20122, 20122, 150, 500);
INSERT INTO note_licenses (user_id, note_id, transaction_item_id, acquired_date, status) VALUES (192, 150, 20122, '2022-10-10 18:21:42', 'ACTIVE');
INSERT INTO reviews (note_id, user_id, attitude, content, created_at, status) VALUES (150, 192, 'POSITIVE', '這份筆記真的很棒！對期末考幫助極大，強力推薦！', '2022-10-11 18:21:42', 'VISIBLE');
INSERT INTO transactions (transaction_id, user_id, total_amount, transaction_date, receipt_number) VALUES (20123, 176, 500, '2021-12-08 12:58:01', 'REC-CLASSIC-20123');
INSERT INTO transaction_items (item_id, transaction_id, note_id, purchase_price) VALUES (20123, 20123, 150, 500);
INSERT INTO note_licenses (user_id, note_id, transaction_item_id, acquired_date, status) VALUES (176, 150, 20123, '2021-12-08 12:58:01', 'ACTIVE');
INSERT INTO reviews (note_id, user_id, attitude, content, created_at, status) VALUES (150, 176, 'POSITIVE', '這份筆記真的很棒！對期末考幫助極大，強力推薦！', '2021-12-12 12:58:01', 'VISIBLE');
INSERT INTO transactions (transaction_id, user_id, total_amount, transaction_date, receipt_number) VALUES (20124, 157, 500, '2023-04-23 16:11:22', 'REC-CLASSIC-20124');
INSERT INTO transaction_items (item_id, transaction_id, note_id, purchase_price) VALUES (20124, 20124, 150, 500);
INSERT INTO note_licenses (user_id, note_id, transaction_item_id, acquired_date, status) VALUES (157, 150, 20124, '2023-04-23 16:11:22', 'ACTIVE');
INSERT INTO reviews (note_id, user_id, attitude, content, created_at, status) VALUES (150, 157, 'POSITIVE', '這份筆記真的很棒！對期末考幫助極大，強力推薦！', '2023-04-30 16:11:22', 'VISIBLE');

-- Inserting sales for HOT NEW
INSERT INTO transactions (transaction_id, user_id, total_amount, transaction_date, receipt_number) VALUES (20125, 186, 500, '2026-11-08 22:41:01', 'REC-CLASSIC-20125');
INSERT INTO transaction_items (item_id, transaction_id, note_id, purchase_price) VALUES (20125, 20125, 115, 500);
INSERT INTO note_licenses (user_id, note_id, transaction_item_id, acquired_date, status) VALUES (186, 115, 20125, '2026-11-08 22:41:01', 'ACTIVE');
INSERT INTO transactions (transaction_id, user_id, total_amount, transaction_date, receipt_number) VALUES (20126, 165, 500, '2026-12-18 10:37:39', 'REC-CLASSIC-20126');
INSERT INTO transaction_items (item_id, transaction_id, note_id, purchase_price) VALUES (20126, 20126, 115, 500);
INSERT INTO note_licenses (user_id, note_id, transaction_item_id, acquired_date, status) VALUES (165, 115, 20126, '2026-12-18 10:37:39', 'ACTIVE');
INSERT INTO reviews (note_id, user_id, attitude, content, created_at, status) VALUES (115, 165, 'POSITIVE', '這份筆記真的很棒！對期末考幫助極大，強力推薦！', '2026-12-24 10:37:39', 'VISIBLE');
INSERT INTO transactions (transaction_id, user_id, total_amount, transaction_date, receipt_number) VALUES (20127, 192, 500, '2026-08-28 17:24:10', 'REC-CLASSIC-20127');
INSERT INTO transaction_items (item_id, transaction_id, note_id, purchase_price) VALUES (20127, 20127, 115, 500);
INSERT INTO note_licenses (user_id, note_id, transaction_item_id, acquired_date, status) VALUES (192, 115, 20127, '2026-08-28 17:24:10', 'ACTIVE');
INSERT INTO reviews (note_id, user_id, attitude, content, created_at, status) VALUES (115, 192, 'POSITIVE', '這份筆記真的很棒！對期末考幫助極大，強力推薦！', '2026-09-05 17:24:10', 'VISIBLE');
INSERT INTO transactions (transaction_id, user_id, total_amount, transaction_date, receipt_number) VALUES (20128, 155, 500, '2026-04-03 09:00:55', 'REC-CLASSIC-20128');
INSERT INTO transaction_items (item_id, transaction_id, note_id, purchase_price) VALUES (20128, 20128, 115, 500);
INSERT INTO note_licenses (user_id, note_id, transaction_item_id, acquired_date, status) VALUES (155, 115, 20128, '2026-04-03 09:00:55', 'ACTIVE');
INSERT INTO reviews (note_id, user_id, attitude, content, created_at, status) VALUES (115, 155, 'NEGATIVE', '這份筆記真的很棒！對期末考幫助極大，強力推薦！', '2026-04-09 09:00:55', 'VISIBLE');
INSERT INTO transactions (transaction_id, user_id, total_amount, transaction_date, receipt_number) VALUES (20129, 177, 500, '2026-08-12 12:34:06', 'REC-CLASSIC-20129');
INSERT INTO transaction_items (item_id, transaction_id, note_id, purchase_price) VALUES (20129, 20129, 115, 500);
INSERT INTO note_licenses (user_id, note_id, transaction_item_id, acquired_date, status) VALUES (177, 115, 20129, '2026-08-12 12:34:06', 'ACTIVE');
INSERT INTO reviews (note_id, user_id, attitude, content, created_at, status) VALUES (115, 177, 'POSITIVE', '這份筆記真的很棒！對期末考幫助極大，強力推薦！', '2026-08-22 12:34:06', 'VISIBLE');
INSERT INTO transactions (transaction_id, user_id, total_amount, transaction_date, receipt_number) VALUES (20130, 169, 500, '2026-02-07 06:51:22', 'REC-CLASSIC-20130');
INSERT INTO transaction_items (item_id, transaction_id, note_id, purchase_price) VALUES (20130, 20130, 115, 500);
INSERT INTO note_licenses (user_id, note_id, transaction_item_id, acquired_date, status) VALUES (169, 115, 20130, '2026-02-07 06:51:22', 'ACTIVE');
INSERT INTO reviews (note_id, user_id, attitude, content, created_at, status) VALUES (115, 169, 'POSITIVE', '這份筆記真的很棒！對期末考幫助極大，強力推薦！', '2026-02-13 06:51:22', 'VISIBLE');
INSERT INTO transactions (transaction_id, user_id, total_amount, transaction_date, receipt_number) VALUES (20131, 190, 500, '2026-02-17 17:33:15', 'REC-CLASSIC-20131');
INSERT INTO transaction_items (item_id, transaction_id, note_id, purchase_price) VALUES (20131, 20131, 115, 500);
INSERT INTO note_licenses (user_id, note_id, transaction_item_id, acquired_date, status) VALUES (190, 115, 20131, '2026-02-17 17:33:15', 'ACTIVE');
INSERT INTO reviews (note_id, user_id, attitude, content, created_at, status) VALUES (115, 190, 'POSITIVE', '這份筆記真的很棒！對期末考幫助極大，強力推薦！', '2026-02-21 17:33:15', 'VISIBLE');
INSERT INTO transactions (transaction_id, user_id, total_amount, transaction_date, receipt_number) VALUES (20132, 179, 500, '2026-03-31 18:50:08', 'REC-CLASSIC-20132');
INSERT INTO transaction_items (item_id, transaction_id, note_id, purchase_price) VALUES (20132, 20132, 115, 500);
INSERT INTO note_licenses (user_id, note_id, transaction_item_id, acquired_date, status) VALUES (179, 115, 20132, '2026-03-31 18:50:08', 'ACTIVE');
INSERT INTO reviews (note_id, user_id, attitude, content, created_at, status) VALUES (115, 179, 'POSITIVE', '這份筆記真的很棒！對期末考幫助極大，強力推薦！', '2026-04-05 18:50:08', 'VISIBLE');
INSERT INTO transactions (transaction_id, user_id, total_amount, transaction_date, receipt_number) VALUES (20133, 152, 500, '2026-03-25 16:15:13', 'REC-CLASSIC-20133');
INSERT INTO transaction_items (item_id, transaction_id, note_id, purchase_price) VALUES (20133, 20133, 115, 500);
INSERT INTO note_licenses (user_id, note_id, transaction_item_id, acquired_date, status) VALUES (152, 115, 20133, '2026-03-25 16:15:13', 'ACTIVE');
INSERT INTO reviews (note_id, user_id, attitude, content, created_at, status) VALUES (115, 152, 'POSITIVE', '這份筆記真的很棒！對期末考幫助極大，強力推薦！', '2026-04-03 16:15:13', 'VISIBLE');
INSERT INTO transactions (transaction_id, user_id, total_amount, transaction_date, receipt_number) VALUES (20134, 150, 500, '2026-06-12 11:05:34', 'REC-CLASSIC-20134');
INSERT INTO transaction_items (item_id, transaction_id, note_id, purchase_price) VALUES (20134, 20134, 115, 500);
INSERT INTO note_licenses (user_id, note_id, transaction_item_id, acquired_date, status) VALUES (150, 115, 20134, '2026-06-12 11:05:34', 'ACTIVE');
INSERT INTO transactions (transaction_id, user_id, total_amount, transaction_date, receipt_number) VALUES (20135, 158, 500, '2026-07-16 00:16:12', 'REC-CLASSIC-20135');
INSERT INTO transaction_items (item_id, transaction_id, note_id, purchase_price) VALUES (20135, 20135, 115, 500);
INSERT INTO note_licenses (user_id, note_id, transaction_item_id, acquired_date, status) VALUES (158, 115, 20135, '2026-07-16 00:16:12', 'ACTIVE');
INSERT INTO reviews (note_id, user_id, attitude, content, created_at, status) VALUES (115, 158, 'POSITIVE', '這份筆記真的很棒！對期末考幫助極大，強力推薦！', '2026-07-18 00:16:12', 'VISIBLE');
INSERT INTO transactions (transaction_id, user_id, total_amount, transaction_date, receipt_number) VALUES (20136, 157, 500, '2026-07-31 01:14:23', 'REC-CLASSIC-20136');
INSERT INTO transaction_items (item_id, transaction_id, note_id, purchase_price) VALUES (20136, 20136, 115, 500);
INSERT INTO note_licenses (user_id, note_id, transaction_item_id, acquired_date, status) VALUES (157, 115, 20136, '2026-07-31 01:14:23', 'ACTIVE');
INSERT INTO reviews (note_id, user_id, attitude, content, created_at, status) VALUES (115, 157, 'NEGATIVE', '這份筆記真的很棒！對期末考幫助極大，強力推薦！', '2026-08-02 01:14:23', 'VISIBLE');
INSERT INTO transactions (transaction_id, user_id, total_amount, transaction_date, receipt_number) VALUES (20137, 164, 500, '2026-07-10 19:29:26', 'REC-CLASSIC-20137');
INSERT INTO transaction_items (item_id, transaction_id, note_id, purchase_price) VALUES (20137, 20137, 115, 500);
INSERT INTO note_licenses (user_id, note_id, transaction_item_id, acquired_date, status) VALUES (164, 115, 20137, '2026-07-10 19:29:26', 'ACTIVE');
INSERT INTO reviews (note_id, user_id, attitude, content, created_at, status) VALUES (115, 164, 'POSITIVE', '這份筆記真的很棒！對期末考幫助極大，強力推薦！', '2026-07-15 19:29:26', 'VISIBLE');
INSERT INTO transactions (transaction_id, user_id, total_amount, transaction_date, receipt_number) VALUES (20138, 189, 500, '2026-10-21 09:41:15', 'REC-CLASSIC-20138');
INSERT INTO transaction_items (item_id, transaction_id, note_id, purchase_price) VALUES (20138, 20138, 115, 500);
INSERT INTO note_licenses (user_id, note_id, transaction_item_id, acquired_date, status) VALUES (189, 115, 20138, '2026-10-21 09:41:15', 'ACTIVE');
INSERT INTO reviews (note_id, user_id, attitude, content, created_at, status) VALUES (115, 189, 'POSITIVE', '這份筆記真的很棒！對期末考幫助極大，強力推薦！', '2026-10-31 09:41:15', 'VISIBLE');
INSERT INTO transactions (transaction_id, user_id, total_amount, transaction_date, receipt_number) VALUES (20139, 180, 500, '2026-10-30 09:11:01', 'REC-CLASSIC-20139');
INSERT INTO transaction_items (item_id, transaction_id, note_id, purchase_price) VALUES (20139, 20139, 115, 500);
INSERT INTO note_licenses (user_id, note_id, transaction_item_id, acquired_date, status) VALUES (180, 115, 20139, '2026-10-30 09:11:01', 'ACTIVE');
INSERT INTO transactions (transaction_id, user_id, total_amount, transaction_date, receipt_number) VALUES (20140, 191, 500, '2026-03-04 13:54:17', 'REC-CLASSIC-20140');
INSERT INTO transaction_items (item_id, transaction_id, note_id, purchase_price) VALUES (20140, 20140, 115, 500);
INSERT INTO note_licenses (user_id, note_id, transaction_item_id, acquired_date, status) VALUES (191, 115, 20140, '2026-03-04 13:54:17', 'ACTIVE');
INSERT INTO reviews (note_id, user_id, attitude, content, created_at, status) VALUES (115, 191, 'POSITIVE', '這份筆記真的很棒！對期末考幫助極大，強力推薦！', '2026-03-13 13:54:17', 'VISIBLE');
INSERT INTO transactions (transaction_id, user_id, total_amount, transaction_date, receipt_number) VALUES (20141, 167, 500, '2026-07-21 15:57:32', 'REC-CLASSIC-20141');
INSERT INTO transaction_items (item_id, transaction_id, note_id, purchase_price) VALUES (20141, 20141, 115, 500);
INSERT INTO note_licenses (user_id, note_id, transaction_item_id, acquired_date, status) VALUES (167, 115, 20141, '2026-07-21 15:57:32', 'ACTIVE');
INSERT INTO reviews (note_id, user_id, attitude, content, created_at, status) VALUES (115, 167, 'POSITIVE', '這份筆記真的很棒！對期末考幫助極大，強力推薦！', '2026-07-22 15:57:32', 'VISIBLE');
INSERT INTO transactions (transaction_id, user_id, total_amount, transaction_date, receipt_number) VALUES (20142, 159, 500, '2026-02-01 12:46:25', 'REC-CLASSIC-20142');
INSERT INTO transaction_items (item_id, transaction_id, note_id, purchase_price) VALUES (20142, 20142, 115, 500);
INSERT INTO note_licenses (user_id, note_id, transaction_item_id, acquired_date, status) VALUES (159, 115, 20142, '2026-02-01 12:46:25', 'ACTIVE');
INSERT INTO reviews (note_id, user_id, attitude, content, created_at, status) VALUES (115, 159, 'POSITIVE', '這份筆記真的很棒！對期末考幫助極大，強力推薦！', '2026-02-07 12:46:25', 'VISIBLE');
INSERT INTO transactions (transaction_id, user_id, total_amount, transaction_date, receipt_number) VALUES (20143, 175, 500, '2026-02-13 18:40:38', 'REC-CLASSIC-20143');
INSERT INTO transaction_items (item_id, transaction_id, note_id, purchase_price) VALUES (20143, 20143, 115, 500);
INSERT INTO note_licenses (user_id, note_id, transaction_item_id, acquired_date, status) VALUES (175, 115, 20143, '2026-02-13 18:40:38', 'ACTIVE');
INSERT INTO transactions (transaction_id, user_id, total_amount, transaction_date, receipt_number) VALUES (20144, 161, 500, '2026-03-25 15:11:54', 'REC-CLASSIC-20144');
INSERT INTO transaction_items (item_id, transaction_id, note_id, purchase_price) VALUES (20144, 20144, 115, 500);
INSERT INTO note_licenses (user_id, note_id, transaction_item_id, acquired_date, status) VALUES (161, 115, 20144, '2026-03-25 15:11:54', 'ACTIVE');
INSERT INTO reviews (note_id, user_id, attitude, content, created_at, status) VALUES (115, 161, 'POSITIVE', '這份筆記真的很棒！對期末考幫助極大，強力推薦！', '2026-03-29 15:11:54', 'VISIBLE');
INSERT INTO transactions (transaction_id, user_id, total_amount, transaction_date, receipt_number) VALUES (20145, 163, 500, '2026-03-20 13:08:56', 'REC-CLASSIC-20145');
INSERT INTO transaction_items (item_id, transaction_id, note_id, purchase_price) VALUES (20145, 20145, 115, 500);
INSERT INTO note_licenses (user_id, note_id, transaction_item_id, acquired_date, status) VALUES (163, 115, 20145, '2026-03-20 13:08:56', 'ACTIVE');
INSERT INTO reviews (note_id, user_id, attitude, content, created_at, status) VALUES (115, 163, 'POSITIVE', '這份筆記真的很棒！對期末考幫助極大，強力推薦！', '2026-03-25 13:08:56', 'VISIBLE');
INSERT INTO transactions (transaction_id, user_id, total_amount, transaction_date, receipt_number) VALUES (20146, 159, 500, '2026-02-21 20:08:05', 'REC-CLASSIC-20146');
INSERT INTO transaction_items (item_id, transaction_id, note_id, purchase_price) VALUES (20146, 20146, 125, 500);
INSERT INTO note_licenses (user_id, note_id, transaction_item_id, acquired_date, status) VALUES (159, 125, 20146, '2026-02-21 20:08:05', 'ACTIVE');
INSERT INTO reviews (note_id, user_id, attitude, content, created_at, status) VALUES (125, 159, 'POSITIVE', '這份筆記真的很棒！對期末考幫助極大，強力推薦！', '2026-03-01 20:08:05', 'VISIBLE');
INSERT INTO transactions (transaction_id, user_id, total_amount, transaction_date, receipt_number) VALUES (20147, 160, 500, '2026-07-07 11:36:40', 'REC-CLASSIC-20147');
INSERT INTO transaction_items (item_id, transaction_id, note_id, purchase_price) VALUES (20147, 20147, 125, 500);
INSERT INTO note_licenses (user_id, note_id, transaction_item_id, acquired_date, status) VALUES (160, 125, 20147, '2026-07-07 11:36:40', 'ACTIVE');
INSERT INTO reviews (note_id, user_id, attitude, content, created_at, status) VALUES (125, 160, 'POSITIVE', '這份筆記真的很棒！對期末考幫助極大，強力推薦！', '2026-07-15 11:36:40', 'VISIBLE');
INSERT INTO transactions (transaction_id, user_id, total_amount, transaction_date, receipt_number) VALUES (20148, 168, 500, '2026-04-16 00:32:08', 'REC-CLASSIC-20148');
INSERT INTO transaction_items (item_id, transaction_id, note_id, purchase_price) VALUES (20148, 20148, 125, 500);
INSERT INTO note_licenses (user_id, note_id, transaction_item_id, acquired_date, status) VALUES (168, 125, 20148, '2026-04-16 00:32:08', 'ACTIVE');
INSERT INTO reviews (note_id, user_id, attitude, content, created_at, status) VALUES (125, 168, 'NEGATIVE', '這份筆記真的很棒！對期末考幫助極大，強力推薦！', '2026-04-22 00:32:08', 'VISIBLE');
INSERT INTO transactions (transaction_id, user_id, total_amount, transaction_date, receipt_number) VALUES (20149, 174, 500, '2026-08-03 18:32:43', 'REC-CLASSIC-20149');
INSERT INTO transaction_items (item_id, transaction_id, note_id, purchase_price) VALUES (20149, 20149, 125, 500);
INSERT INTO note_licenses (user_id, note_id, transaction_item_id, acquired_date, status) VALUES (174, 125, 20149, '2026-08-03 18:32:43', 'ACTIVE');
INSERT INTO reviews (note_id, user_id, attitude, content, created_at, status) VALUES (125, 174, 'POSITIVE', '這份筆記真的很棒！對期末考幫助極大，強力推薦！', '2026-08-11 18:32:43', 'VISIBLE');
INSERT INTO transactions (transaction_id, user_id, total_amount, transaction_date, receipt_number) VALUES (20150, 153, 500, '2026-11-20 18:12:37', 'REC-CLASSIC-20150');
INSERT INTO transaction_items (item_id, transaction_id, note_id, purchase_price) VALUES (20150, 20150, 125, 500);
INSERT INTO note_licenses (user_id, note_id, transaction_item_id, acquired_date, status) VALUES (153, 125, 20150, '2026-11-20 18:12:37', 'ACTIVE');
INSERT INTO reviews (note_id, user_id, attitude, content, created_at, status) VALUES (125, 153, 'POSITIVE', '這份筆記真的很棒！對期末考幫助極大，強力推薦！', '2026-11-24 18:12:37', 'VISIBLE');
INSERT INTO transactions (transaction_id, user_id, total_amount, transaction_date, receipt_number) VALUES (20151, 176, 500, '2026-09-20 19:51:38', 'REC-CLASSIC-20151');
INSERT INTO transaction_items (item_id, transaction_id, note_id, purchase_price) VALUES (20151, 20151, 125, 500);
INSERT INTO note_licenses (user_id, note_id, transaction_item_id, acquired_date, status) VALUES (176, 125, 20151, '2026-09-20 19:51:38', 'ACTIVE');
INSERT INTO reviews (note_id, user_id, attitude, content, created_at, status) VALUES (125, 176, 'POSITIVE', '這份筆記真的很棒！對期末考幫助極大，強力推薦！', '2026-09-29 19:51:38', 'VISIBLE');
INSERT INTO transactions (transaction_id, user_id, total_amount, transaction_date, receipt_number) VALUES (20152, 185, 500, '2026-02-19 11:14:17', 'REC-CLASSIC-20152');
INSERT INTO transaction_items (item_id, transaction_id, note_id, purchase_price) VALUES (20152, 20152, 125, 500);
INSERT INTO note_licenses (user_id, note_id, transaction_item_id, acquired_date, status) VALUES (185, 125, 20152, '2026-02-19 11:14:17', 'ACTIVE');
INSERT INTO reviews (note_id, user_id, attitude, content, created_at, status) VALUES (125, 185, 'POSITIVE', '這份筆記真的很棒！對期末考幫助極大，強力推薦！', '2026-02-26 11:14:17', 'VISIBLE');
INSERT INTO transactions (transaction_id, user_id, total_amount, transaction_date, receipt_number) VALUES (20153, 177, 500, '2026-09-23 20:24:15', 'REC-CLASSIC-20153');
INSERT INTO transaction_items (item_id, transaction_id, note_id, purchase_price) VALUES (20153, 20153, 125, 500);
INSERT INTO note_licenses (user_id, note_id, transaction_item_id, acquired_date, status) VALUES (177, 125, 20153, '2026-09-23 20:24:15', 'ACTIVE');
INSERT INTO reviews (note_id, user_id, attitude, content, created_at, status) VALUES (125, 177, 'POSITIVE', '這份筆記真的很棒！對期末考幫助極大，強力推薦！', '2026-09-24 20:24:15', 'VISIBLE');
INSERT INTO transactions (transaction_id, user_id, total_amount, transaction_date, receipt_number) VALUES (20154, 163, 500, '2026-02-20 09:35:49', 'REC-CLASSIC-20154');
INSERT INTO transaction_items (item_id, transaction_id, note_id, purchase_price) VALUES (20154, 20154, 125, 500);
INSERT INTO note_licenses (user_id, note_id, transaction_item_id, acquired_date, status) VALUES (163, 125, 20154, '2026-02-20 09:35:49', 'ACTIVE');
INSERT INTO reviews (note_id, user_id, attitude, content, created_at, status) VALUES (125, 163, 'POSITIVE', '這份筆記真的很棒！對期末考幫助極大，強力推薦！', '2026-02-26 09:35:49', 'VISIBLE');
INSERT INTO transactions (transaction_id, user_id, total_amount, transaction_date, receipt_number) VALUES (20155, 193, 500, '2026-09-08 07:02:20', 'REC-CLASSIC-20155');
INSERT INTO transaction_items (item_id, transaction_id, note_id, purchase_price) VALUES (20155, 20155, 125, 500);
INSERT INTO note_licenses (user_id, note_id, transaction_item_id, acquired_date, status) VALUES (193, 125, 20155, '2026-09-08 07:02:20', 'ACTIVE');
INSERT INTO reviews (note_id, user_id, attitude, content, created_at, status) VALUES (125, 193, 'NEGATIVE', '這份筆記真的很棒！對期末考幫助極大，強力推薦！', '2026-09-13 07:02:20', 'VISIBLE');
INSERT INTO transactions (transaction_id, user_id, total_amount, transaction_date, receipt_number) VALUES (20156, 151, 500, '2026-06-16 13:27:44', 'REC-CLASSIC-20156');
INSERT INTO transaction_items (item_id, transaction_id, note_id, purchase_price) VALUES (20156, 20156, 125, 500);
INSERT INTO note_licenses (user_id, note_id, transaction_item_id, acquired_date, status) VALUES (151, 125, 20156, '2026-06-16 13:27:44', 'ACTIVE');
INSERT INTO reviews (note_id, user_id, attitude, content, created_at, status) VALUES (125, 151, 'POSITIVE', '這份筆記真的很棒！對期末考幫助極大，強力推薦！', '2026-06-24 13:27:44', 'VISIBLE');
INSERT INTO transactions (transaction_id, user_id, total_amount, transaction_date, receipt_number) VALUES (20157, 175, 500, '2026-09-04 13:13:03', 'REC-CLASSIC-20157');
INSERT INTO transaction_items (item_id, transaction_id, note_id, purchase_price) VALUES (20157, 20157, 125, 500);
INSERT INTO note_licenses (user_id, note_id, transaction_item_id, acquired_date, status) VALUES (175, 125, 20157, '2026-09-04 13:13:03', 'ACTIVE');
INSERT INTO reviews (note_id, user_id, attitude, content, created_at, status) VALUES (125, 175, 'POSITIVE', '這份筆記真的很棒！對期末考幫助極大，強力推薦！', '2026-09-08 13:13:03', 'VISIBLE');
INSERT INTO transactions (transaction_id, user_id, total_amount, transaction_date, receipt_number) VALUES (20158, 166, 500, '2026-10-25 23:27:29', 'REC-CLASSIC-20158');
INSERT INTO transaction_items (item_id, transaction_id, note_id, purchase_price) VALUES (20158, 20158, 125, 500);
INSERT INTO note_licenses (user_id, note_id, transaction_item_id, acquired_date, status) VALUES (166, 125, 20158, '2026-10-25 23:27:29', 'ACTIVE');
INSERT INTO reviews (note_id, user_id, attitude, content, created_at, status) VALUES (125, 166, 'POSITIVE', '這份筆記真的很棒！對期末考幫助極大，強力推薦！', '2026-11-03 23:27:29', 'VISIBLE');
INSERT INTO transactions (transaction_id, user_id, total_amount, transaction_date, receipt_number) VALUES (20159, 154, 500, '2026-01-27 07:53:12', 'REC-CLASSIC-20159');
INSERT INTO transaction_items (item_id, transaction_id, note_id, purchase_price) VALUES (20159, 20159, 125, 500);
INSERT INTO note_licenses (user_id, note_id, transaction_item_id, acquired_date, status) VALUES (154, 125, 20159, '2026-01-27 07:53:12', 'ACTIVE');
INSERT INTO reviews (note_id, user_id, attitude, content, created_at, status) VALUES (125, 154, 'POSITIVE', '這份筆記真的很棒！對期末考幫助極大，強力推薦！', '2026-01-30 07:53:12', 'VISIBLE');
INSERT INTO transactions (transaction_id, user_id, total_amount, transaction_date, receipt_number) VALUES (20160, 182, 500, '2026-02-09 13:31:21', 'REC-CLASSIC-20160');
INSERT INTO transaction_items (item_id, transaction_id, note_id, purchase_price) VALUES (20160, 20160, 125, 500);
INSERT INTO note_licenses (user_id, note_id, transaction_item_id, acquired_date, status) VALUES (182, 125, 20160, '2026-02-09 13:31:21', 'ACTIVE');
INSERT INTO reviews (note_id, user_id, attitude, content, created_at, status) VALUES (125, 182, 'POSITIVE', '這份筆記真的很棒！對期末考幫助極大，強力推薦！', '2026-02-12 13:31:21', 'VISIBLE');
INSERT INTO transactions (transaction_id, user_id, total_amount, transaction_date, receipt_number) VALUES (20161, 179, 500, '2026-08-27 20:34:55', 'REC-CLASSIC-20161');
INSERT INTO transaction_items (item_id, transaction_id, note_id, purchase_price) VALUES (20161, 20161, 125, 500);
INSERT INTO note_licenses (user_id, note_id, transaction_item_id, acquired_date, status) VALUES (179, 125, 20161, '2026-08-27 20:34:55', 'ACTIVE');
INSERT INTO reviews (note_id, user_id, attitude, content, created_at, status) VALUES (125, 179, 'POSITIVE', '這份筆記真的很棒！對期末考幫助極大，強力推薦！', '2026-09-04 20:34:55', 'VISIBLE');
INSERT INTO transactions (transaction_id, user_id, total_amount, transaction_date, receipt_number) VALUES (20162, 181, 500, '2026-05-30 06:27:33', 'REC-CLASSIC-20162');
INSERT INTO transaction_items (item_id, transaction_id, note_id, purchase_price) VALUES (20162, 20162, 125, 500);
INSERT INTO note_licenses (user_id, note_id, transaction_item_id, acquired_date, status) VALUES (181, 125, 20162, '2026-05-30 06:27:33', 'ACTIVE');
INSERT INTO transactions (transaction_id, user_id, total_amount, transaction_date, receipt_number) VALUES (20163, 158, 500, '2026-02-15 04:50:40', 'REC-CLASSIC-20163');
INSERT INTO transaction_items (item_id, transaction_id, note_id, purchase_price) VALUES (20163, 20163, 125, 500);
INSERT INTO note_licenses (user_id, note_id, transaction_item_id, acquired_date, status) VALUES (158, 125, 20163, '2026-02-15 04:50:40', 'ACTIVE');
INSERT INTO reviews (note_id, user_id, attitude, content, created_at, status) VALUES (125, 158, 'POSITIVE', '這份筆記真的很棒！對期末考幫助極大，強力推薦！', '2026-02-17 04:50:40', 'VISIBLE');
INSERT INTO transactions (transaction_id, user_id, total_amount, transaction_date, receipt_number) VALUES (20164, 189, 500, '2026-11-15 21:56:39', 'REC-CLASSIC-20164');
INSERT INTO transaction_items (item_id, transaction_id, note_id, purchase_price) VALUES (20164, 20164, 125, 500);
INSERT INTO note_licenses (user_id, note_id, transaction_item_id, acquired_date, status) VALUES (189, 125, 20164, '2026-11-15 21:56:39', 'ACTIVE');
INSERT INTO reviews (note_id, user_id, attitude, content, created_at, status) VALUES (125, 189, 'POSITIVE', '這份筆記真的很棒！對期末考幫助極大，強力推薦！', '2026-11-25 21:56:39', 'VISIBLE');
INSERT INTO transactions (transaction_id, user_id, total_amount, transaction_date, receipt_number) VALUES (20165, 186, 500, '2026-01-28 21:45:51', 'REC-CLASSIC-20165');
INSERT INTO transaction_items (item_id, transaction_id, note_id, purchase_price) VALUES (20165, 20165, 125, 500);
INSERT INTO note_licenses (user_id, note_id, transaction_item_id, acquired_date, status) VALUES (186, 125, 20165, '2026-01-28 21:45:51', 'ACTIVE');
INSERT INTO reviews (note_id, user_id, attitude, content, created_at, status) VALUES (125, 186, 'POSITIVE', '這份筆記真的很棒！對期末考幫助極大，強力推薦！', '2026-02-05 21:45:51', 'VISIBLE');
INSERT INTO transactions (transaction_id, user_id, total_amount, transaction_date, receipt_number) VALUES (20166, 169, 500, '2026-03-30 20:22:55', 'REC-CLASSIC-20166');
INSERT INTO transaction_items (item_id, transaction_id, note_id, purchase_price) VALUES (20166, 20166, 125, 500);
INSERT INTO note_licenses (user_id, note_id, transaction_item_id, acquired_date, status) VALUES (169, 125, 20166, '2026-03-30 20:22:55', 'ACTIVE');
INSERT INTO reviews (note_id, user_id, attitude, content, created_at, status) VALUES (125, 169, 'POSITIVE', '這份筆記真的很棒！對期末考幫助極大，強力推薦！', '2026-04-06 20:22:55', 'VISIBLE');
INSERT INTO transactions (transaction_id, user_id, total_amount, transaction_date, receipt_number) VALUES (20167, 192, 500, '2026-06-03 06:24:51', 'REC-CLASSIC-20167');
INSERT INTO transaction_items (item_id, transaction_id, note_id, purchase_price) VALUES (20167, 20167, 125, 500);
INSERT INTO note_licenses (user_id, note_id, transaction_item_id, acquired_date, status) VALUES (192, 125, 20167, '2026-06-03 06:24:51', 'ACTIVE');
INSERT INTO reviews (note_id, user_id, attitude, content, created_at, status) VALUES (125, 192, 'POSITIVE', '這份筆記真的很棒！對期末考幫助極大，強力推薦！', '2026-06-08 06:24:51', 'VISIBLE');
INSERT INTO transactions (transaction_id, user_id, total_amount, transaction_date, receipt_number) VALUES (20168, 162, 500, '2026-08-05 23:01:19', 'REC-CLASSIC-20168');
INSERT INTO transaction_items (item_id, transaction_id, note_id, purchase_price) VALUES (20168, 20168, 125, 500);
INSERT INTO note_licenses (user_id, note_id, transaction_item_id, acquired_date, status) VALUES (162, 125, 20168, '2026-08-05 23:01:19', 'ACTIVE');
INSERT INTO transactions (transaction_id, user_id, total_amount, transaction_date, receipt_number) VALUES (20169, 188, 500, '2026-12-20 10:57:40', 'REC-CLASSIC-20169');
INSERT INTO transaction_items (item_id, transaction_id, note_id, purchase_price) VALUES (20169, 20169, 125, 500);
INSERT INTO note_licenses (user_id, note_id, transaction_item_id, acquired_date, status) VALUES (188, 125, 20169, '2026-12-20 10:57:40', 'ACTIVE');
INSERT INTO reviews (note_id, user_id, attitude, content, created_at, status) VALUES (125, 188, 'POSITIVE', '這份筆記真的很棒！對期末考幫助極大，強力推薦！', '2026-12-21 10:57:40', 'VISIBLE');
INSERT INTO transactions (transaction_id, user_id, total_amount, transaction_date, receipt_number) VALUES (20170, 164, 500, '2026-08-05 19:44:49', 'REC-CLASSIC-20170');
INSERT INTO transaction_items (item_id, transaction_id, note_id, purchase_price) VALUES (20170, 20170, 125, 500);
INSERT INTO note_licenses (user_id, note_id, transaction_item_id, acquired_date, status) VALUES (164, 125, 20170, '2026-08-05 19:44:49', 'ACTIVE');
INSERT INTO transactions (transaction_id, user_id, total_amount, transaction_date, receipt_number) VALUES (20171, 183, 500, '2026-08-22 15:44:03', 'REC-CLASSIC-20171');
INSERT INTO transaction_items (item_id, transaction_id, note_id, purchase_price) VALUES (20171, 20171, 125, 500);
INSERT INTO note_licenses (user_id, note_id, transaction_item_id, acquired_date, status) VALUES (183, 125, 20171, '2026-08-22 15:44:03', 'ACTIVE');
INSERT INTO reviews (note_id, user_id, attitude, content, created_at, status) VALUES (125, 183, 'POSITIVE', '這份筆記真的很棒！對期末考幫助極大，強力推薦！', '2026-08-27 15:44:03', 'VISIBLE');
INSERT INTO transactions (transaction_id, user_id, total_amount, transaction_date, receipt_number) VALUES (20172, 165, 500, '2026-09-21 23:17:56', 'REC-CLASSIC-20172');
INSERT INTO transaction_items (item_id, transaction_id, note_id, purchase_price) VALUES (20172, 20172, 135, 500);
INSERT INTO note_licenses (user_id, note_id, transaction_item_id, acquired_date, status) VALUES (165, 135, 20172, '2026-09-21 23:17:56', 'ACTIVE');
INSERT INTO reviews (note_id, user_id, attitude, content, created_at, status) VALUES (135, 165, 'POSITIVE', '這份筆記真的很棒！對期末考幫助極大，強力推薦！', '2026-09-28 23:17:56', 'VISIBLE');
INSERT INTO transactions (transaction_id, user_id, total_amount, transaction_date, receipt_number) VALUES (20173, 166, 500, '2026-04-06 17:56:23', 'REC-CLASSIC-20173');
INSERT INTO transaction_items (item_id, transaction_id, note_id, purchase_price) VALUES (20173, 20173, 135, 500);
INSERT INTO note_licenses (user_id, note_id, transaction_item_id, acquired_date, status) VALUES (166, 135, 20173, '2026-04-06 17:56:23', 'ACTIVE');
INSERT INTO reviews (note_id, user_id, attitude, content, created_at, status) VALUES (135, 166, 'POSITIVE', '這份筆記真的很棒！對期末考幫助極大，強力推薦！', '2026-04-12 17:56:23', 'VISIBLE');
INSERT INTO transactions (transaction_id, user_id, total_amount, transaction_date, receipt_number) VALUES (20174, 186, 500, '2026-01-25 04:50:24', 'REC-CLASSIC-20174');
INSERT INTO transaction_items (item_id, transaction_id, note_id, purchase_price) VALUES (20174, 20174, 135, 500);
INSERT INTO note_licenses (user_id, note_id, transaction_item_id, acquired_date, status) VALUES (186, 135, 20174, '2026-01-25 04:50:24', 'ACTIVE');
INSERT INTO transactions (transaction_id, user_id, total_amount, transaction_date, receipt_number) VALUES (20175, 152, 500, '2026-03-25 12:07:25', 'REC-CLASSIC-20175');
INSERT INTO transaction_items (item_id, transaction_id, note_id, purchase_price) VALUES (20175, 20175, 135, 500);
INSERT INTO note_licenses (user_id, note_id, transaction_item_id, acquired_date, status) VALUES (152, 135, 20175, '2026-03-25 12:07:25', 'ACTIVE');
INSERT INTO reviews (note_id, user_id, attitude, content, created_at, status) VALUES (135, 152, 'POSITIVE', '這份筆記真的很棒！對期末考幫助極大，強力推薦！', '2026-03-30 12:07:25', 'VISIBLE');
INSERT INTO transactions (transaction_id, user_id, total_amount, transaction_date, receipt_number) VALUES (20176, 151, 500, '2026-05-06 01:41:56', 'REC-CLASSIC-20176');
INSERT INTO transaction_items (item_id, transaction_id, note_id, purchase_price) VALUES (20176, 20176, 135, 500);
INSERT INTO note_licenses (user_id, note_id, transaction_item_id, acquired_date, status) VALUES (151, 135, 20176, '2026-05-06 01:41:56', 'ACTIVE');
INSERT INTO reviews (note_id, user_id, attitude, content, created_at, status) VALUES (135, 151, 'NEGATIVE', '這份筆記真的很棒！對期末考幫助極大，強力推薦！', '2026-05-11 01:41:56', 'VISIBLE');
INSERT INTO transactions (transaction_id, user_id, total_amount, transaction_date, receipt_number) VALUES (20177, 189, 500, '2026-07-27 06:38:20', 'REC-CLASSIC-20177');
INSERT INTO transaction_items (item_id, transaction_id, note_id, purchase_price) VALUES (20177, 20177, 135, 500);
INSERT INTO note_licenses (user_id, note_id, transaction_item_id, acquired_date, status) VALUES (189, 135, 20177, '2026-07-27 06:38:20', 'ACTIVE');
INSERT INTO reviews (note_id, user_id, attitude, content, created_at, status) VALUES (135, 189, 'POSITIVE', '這份筆記真的很棒！對期末考幫助極大，強力推薦！', '2026-08-06 06:38:20', 'VISIBLE');
INSERT INTO transactions (transaction_id, user_id, total_amount, transaction_date, receipt_number) VALUES (20178, 173, 500, '2026-11-11 12:08:39', 'REC-CLASSIC-20178');
INSERT INTO transaction_items (item_id, transaction_id, note_id, purchase_price) VALUES (20178, 20178, 135, 500);
INSERT INTO note_licenses (user_id, note_id, transaction_item_id, acquired_date, status) VALUES (173, 135, 20178, '2026-11-11 12:08:39', 'ACTIVE');
INSERT INTO reviews (note_id, user_id, attitude, content, created_at, status) VALUES (135, 173, 'POSITIVE', '這份筆記真的很棒！對期末考幫助極大，強力推薦！', '2026-11-14 12:08:39', 'VISIBLE');
INSERT INTO transactions (transaction_id, user_id, total_amount, transaction_date, receipt_number) VALUES (20179, 154, 500, '2026-12-13 09:41:26', 'REC-CLASSIC-20179');
INSERT INTO transaction_items (item_id, transaction_id, note_id, purchase_price) VALUES (20179, 20179, 135, 500);
INSERT INTO note_licenses (user_id, note_id, transaction_item_id, acquired_date, status) VALUES (154, 135, 20179, '2026-12-13 09:41:26', 'ACTIVE');
INSERT INTO reviews (note_id, user_id, attitude, content, created_at, status) VALUES (135, 154, 'POSITIVE', '這份筆記真的很棒！對期末考幫助極大，強力推薦！', '2026-12-16 09:41:26', 'VISIBLE');
INSERT INTO transactions (transaction_id, user_id, total_amount, transaction_date, receipt_number) VALUES (20180, 182, 500, '2026-11-02 22:14:35', 'REC-CLASSIC-20180');
INSERT INTO transaction_items (item_id, transaction_id, note_id, purchase_price) VALUES (20180, 20180, 135, 500);
INSERT INTO note_licenses (user_id, note_id, transaction_item_id, acquired_date, status) VALUES (182, 135, 20180, '2026-11-02 22:14:35', 'ACTIVE');
INSERT INTO reviews (note_id, user_id, attitude, content, created_at, status) VALUES (135, 182, 'POSITIVE', '這份筆記真的很棒！對期末考幫助極大，強力推薦！', '2026-11-05 22:14:35', 'VISIBLE');
INSERT INTO transactions (transaction_id, user_id, total_amount, transaction_date, receipt_number) VALUES (20181, 187, 500, '2026-01-16 10:52:19', 'REC-CLASSIC-20181');
INSERT INTO transaction_items (item_id, transaction_id, note_id, purchase_price) VALUES (20181, 20181, 135, 500);
INSERT INTO note_licenses (user_id, note_id, transaction_item_id, acquired_date, status) VALUES (187, 135, 20181, '2026-01-16 10:52:19', 'ACTIVE');
INSERT INTO reviews (note_id, user_id, attitude, content, created_at, status) VALUES (135, 187, 'POSITIVE', '這份筆記真的很棒！對期末考幫助極大，強力推薦！', '2026-01-21 10:52:19', 'VISIBLE');
INSERT INTO transactions (transaction_id, user_id, total_amount, transaction_date, receipt_number) VALUES (20182, 179, 500, '2026-08-11 19:13:06', 'REC-CLASSIC-20182');
INSERT INTO transaction_items (item_id, transaction_id, note_id, purchase_price) VALUES (20182, 20182, 135, 500);
INSERT INTO note_licenses (user_id, note_id, transaction_item_id, acquired_date, status) VALUES (179, 135, 20182, '2026-08-11 19:13:06', 'ACTIVE');
INSERT INTO reviews (note_id, user_id, attitude, content, created_at, status) VALUES (135, 179, 'POSITIVE', '這份筆記真的很棒！對期末考幫助極大，強力推薦！', '2026-08-13 19:13:06', 'VISIBLE');
INSERT INTO transactions (transaction_id, user_id, total_amount, transaction_date, receipt_number) VALUES (20183, 176, 500, '2026-10-24 16:07:55', 'REC-CLASSIC-20183');
INSERT INTO transaction_items (item_id, transaction_id, note_id, purchase_price) VALUES (20183, 20183, 135, 500);
INSERT INTO note_licenses (user_id, note_id, transaction_item_id, acquired_date, status) VALUES (176, 135, 20183, '2026-10-24 16:07:55', 'ACTIVE');
INSERT INTO transactions (transaction_id, user_id, total_amount, transaction_date, receipt_number) VALUES (20184, 190, 500, '2026-05-24 20:01:39', 'REC-CLASSIC-20184');
INSERT INTO transaction_items (item_id, transaction_id, note_id, purchase_price) VALUES (20184, 20184, 135, 500);
INSERT INTO note_licenses (user_id, note_id, transaction_item_id, acquired_date, status) VALUES (190, 135, 20184, '2026-05-24 20:01:39', 'ACTIVE');
INSERT INTO reviews (note_id, user_id, attitude, content, created_at, status) VALUES (135, 190, 'POSITIVE', '這份筆記真的很棒！對期末考幫助極大，強力推薦！', '2026-05-31 20:01:39', 'VISIBLE');
INSERT INTO transactions (transaction_id, user_id, total_amount, transaction_date, receipt_number) VALUES (20185, 184, 500, '2026-08-01 14:26:17', 'REC-CLASSIC-20185');
INSERT INTO transaction_items (item_id, transaction_id, note_id, purchase_price) VALUES (20185, 20185, 135, 500);
INSERT INTO note_licenses (user_id, note_id, transaction_item_id, acquired_date, status) VALUES (184, 135, 20185, '2026-08-01 14:26:17', 'ACTIVE');
INSERT INTO reviews (note_id, user_id, attitude, content, created_at, status) VALUES (135, 184, 'POSITIVE', '這份筆記真的很棒！對期末考幫助極大，強力推薦！', '2026-08-09 14:26:17', 'VISIBLE');
INSERT INTO transactions (transaction_id, user_id, total_amount, transaction_date, receipt_number) VALUES (20186, 181, 500, '2026-07-30 12:05:03', 'REC-CLASSIC-20186');
INSERT INTO transaction_items (item_id, transaction_id, note_id, purchase_price) VALUES (20186, 20186, 135, 500);
INSERT INTO note_licenses (user_id, note_id, transaction_item_id, acquired_date, status) VALUES (181, 135, 20186, '2026-07-30 12:05:03', 'ACTIVE');
INSERT INTO reviews (note_id, user_id, attitude, content, created_at, status) VALUES (135, 181, 'POSITIVE', '這份筆記真的很棒！對期末考幫助極大，強力推薦！', '2026-08-04 12:05:03', 'VISIBLE');
INSERT INTO transactions (transaction_id, user_id, total_amount, transaction_date, receipt_number) VALUES (20187, 174, 500, '2026-05-29 03:52:56', 'REC-CLASSIC-20187');
INSERT INTO transaction_items (item_id, transaction_id, note_id, purchase_price) VALUES (20187, 20187, 135, 500);
INSERT INTO note_licenses (user_id, note_id, transaction_item_id, acquired_date, status) VALUES (174, 135, 20187, '2026-05-29 03:52:56', 'ACTIVE');
INSERT INTO reviews (note_id, user_id, attitude, content, created_at, status) VALUES (135, 174, 'POSITIVE', '這份筆記真的很棒！對期末考幫助極大，強力推薦！', '2026-06-08 03:52:56', 'VISIBLE');
INSERT INTO transactions (transaction_id, user_id, total_amount, transaction_date, receipt_number) VALUES (20188, 157, 500, '2026-01-25 05:08:30', 'REC-CLASSIC-20188');
INSERT INTO transaction_items (item_id, transaction_id, note_id, purchase_price) VALUES (20188, 20188, 135, 500);
INSERT INTO note_licenses (user_id, note_id, transaction_item_id, acquired_date, status) VALUES (157, 135, 20188, '2026-01-25 05:08:30', 'ACTIVE');
INSERT INTO reviews (note_id, user_id, attitude, content, created_at, status) VALUES (135, 157, 'POSITIVE', '這份筆記真的很棒！對期末考幫助極大，強力推薦！', '2026-01-28 05:08:30', 'VISIBLE');
INSERT INTO transactions (transaction_id, user_id, total_amount, transaction_date, receipt_number) VALUES (20189, 168, 500, '2026-01-07 12:32:29', 'REC-CLASSIC-20189');
INSERT INTO transaction_items (item_id, transaction_id, note_id, purchase_price) VALUES (20189, 20189, 135, 500);
INSERT INTO note_licenses (user_id, note_id, transaction_item_id, acquired_date, status) VALUES (168, 135, 20189, '2026-01-07 12:32:29', 'ACTIVE');
INSERT INTO reviews (note_id, user_id, attitude, content, created_at, status) VALUES (135, 168, 'POSITIVE', '這份筆記真的很棒！對期末考幫助極大，強力推薦！', '2026-01-15 12:32:29', 'VISIBLE');
INSERT INTO transactions (transaction_id, user_id, total_amount, transaction_date, receipt_number) VALUES (20190, 183, 500, '2026-10-29 08:04:54', 'REC-CLASSIC-20190');
INSERT INTO transaction_items (item_id, transaction_id, note_id, purchase_price) VALUES (20190, 20190, 135, 500);
INSERT INTO note_licenses (user_id, note_id, transaction_item_id, acquired_date, status) VALUES (183, 135, 20190, '2026-10-29 08:04:54', 'ACTIVE');
INSERT INTO reviews (note_id, user_id, attitude, content, created_at, status) VALUES (135, 183, 'POSITIVE', '這份筆記真的很棒！對期末考幫助極大，強力推薦！', '2026-11-01 08:04:54', 'VISIBLE');
INSERT INTO transactions (transaction_id, user_id, total_amount, transaction_date, receipt_number) VALUES (20191, 185, 500, '2026-05-11 11:06:12', 'REC-CLASSIC-20191');
INSERT INTO transaction_items (item_id, transaction_id, note_id, purchase_price) VALUES (20191, 20191, 135, 500);
INSERT INTO note_licenses (user_id, note_id, transaction_item_id, acquired_date, status) VALUES (185, 135, 20191, '2026-05-11 11:06:12', 'ACTIVE');
INSERT INTO transactions (transaction_id, user_id, total_amount, transaction_date, receipt_number) VALUES (20192, 177, 500, '2026-10-29 15:55:31', 'REC-CLASSIC-20192');
INSERT INTO transaction_items (item_id, transaction_id, note_id, purchase_price) VALUES (20192, 20192, 135, 500);
INSERT INTO note_licenses (user_id, note_id, transaction_item_id, acquired_date, status) VALUES (177, 135, 20192, '2026-10-29 15:55:31', 'ACTIVE');
INSERT INTO reviews (note_id, user_id, attitude, content, created_at, status) VALUES (135, 177, 'POSITIVE', '這份筆記真的很棒！對期末考幫助極大，強力推薦！', '2026-11-07 15:55:31', 'VISIBLE');
INSERT INTO transactions (transaction_id, user_id, total_amount, transaction_date, receipt_number) VALUES (20193, 163, 500, '2026-12-28 06:41:47', 'REC-CLASSIC-20193');
INSERT INTO transaction_items (item_id, transaction_id, note_id, purchase_price) VALUES (20193, 20193, 135, 500);
INSERT INTO note_licenses (user_id, note_id, transaction_item_id, acquired_date, status) VALUES (163, 135, 20193, '2026-12-28 06:41:47', 'ACTIVE');
INSERT INTO reviews (note_id, user_id, attitude, content, created_at, status) VALUES (135, 163, 'POSITIVE', '這份筆記真的很棒！對期末考幫助極大，強力推薦！', '2026-12-29 06:41:47', 'VISIBLE');
INSERT INTO transactions (transaction_id, user_id, total_amount, transaction_date, receipt_number) VALUES (20194, 171, 500, '2026-11-29 16:44:23', 'REC-CLASSIC-20194');
INSERT INTO transaction_items (item_id, transaction_id, note_id, purchase_price) VALUES (20194, 20194, 135, 500);
INSERT INTO note_licenses (user_id, note_id, transaction_item_id, acquired_date, status) VALUES (171, 135, 20194, '2026-11-29 16:44:23', 'ACTIVE');
INSERT INTO reviews (note_id, user_id, attitude, content, created_at, status) VALUES (135, 171, 'POSITIVE', '這份筆記真的很棒！對期末考幫助極大，強力推薦！', '2026-12-08 16:44:23', 'VISIBLE');
INSERT INTO transactions (transaction_id, user_id, total_amount, transaction_date, receipt_number) VALUES (20195, 156, 500, '2026-01-10 07:42:48', 'REC-CLASSIC-20195');
INSERT INTO transaction_items (item_id, transaction_id, note_id, purchase_price) VALUES (20195, 20195, 135, 500);
INSERT INTO note_licenses (user_id, note_id, transaction_item_id, acquired_date, status) VALUES (156, 135, 20195, '2026-01-10 07:42:48', 'ACTIVE');
INSERT INTO reviews (note_id, user_id, attitude, content, created_at, status) VALUES (135, 156, 'NEGATIVE', '這份筆記真的很棒！對期末考幫助極大，強力推薦！', '2026-01-11 07:42:48', 'VISIBLE');
INSERT INTO transactions (transaction_id, user_id, total_amount, transaction_date, receipt_number) VALUES (20196, 150, 500, '2026-07-07 04:06:30', 'REC-CLASSIC-20196');
INSERT INTO transaction_items (item_id, transaction_id, note_id, purchase_price) VALUES (20196, 20196, 135, 500);
INSERT INTO note_licenses (user_id, note_id, transaction_item_id, acquired_date, status) VALUES (150, 135, 20196, '2026-07-07 04:06:30', 'ACTIVE');
INSERT INTO reviews (note_id, user_id, attitude, content, created_at, status) VALUES (135, 150, 'POSITIVE', '這份筆記真的很棒！對期末考幫助極大，強力推薦！', '2026-07-17 04:06:30', 'VISIBLE');
INSERT INTO transactions (transaction_id, user_id, total_amount, transaction_date, receipt_number) VALUES (20197, 170, 500, '2026-02-09 22:43:28', 'REC-CLASSIC-20197');
INSERT INTO transaction_items (item_id, transaction_id, note_id, purchase_price) VALUES (20197, 20197, 135, 500);
INSERT INTO note_licenses (user_id, note_id, transaction_item_id, acquired_date, status) VALUES (170, 135, 20197, '2026-02-09 22:43:28', 'ACTIVE');
INSERT INTO reviews (note_id, user_id, attitude, content, created_at, status) VALUES (135, 170, 'POSITIVE', '這份筆記真的很棒！對期末考幫助極大，強力推薦！', '2026-02-19 22:43:28', 'VISIBLE');
INSERT INTO transactions (transaction_id, user_id, total_amount, transaction_date, receipt_number) VALUES (20198, 188, 500, '2026-10-11 04:15:55', 'REC-CLASSIC-20198');
INSERT INTO transaction_items (item_id, transaction_id, note_id, purchase_price) VALUES (20198, 20198, 145, 500);
INSERT INTO note_licenses (user_id, note_id, transaction_item_id, acquired_date, status) VALUES (188, 145, 20198, '2026-10-11 04:15:55', 'ACTIVE');
INSERT INTO reviews (note_id, user_id, attitude, content, created_at, status) VALUES (145, 188, 'POSITIVE', '這份筆記真的很棒！對期末考幫助極大，強力推薦！', '2026-10-12 04:15:55', 'VISIBLE');
INSERT INTO transactions (transaction_id, user_id, total_amount, transaction_date, receipt_number) VALUES (20199, 181, 500, '2026-03-04 07:22:50', 'REC-CLASSIC-20199');
INSERT INTO transaction_items (item_id, transaction_id, note_id, purchase_price) VALUES (20199, 20199, 145, 500);
INSERT INTO note_licenses (user_id, note_id, transaction_item_id, acquired_date, status) VALUES (181, 145, 20199, '2026-03-04 07:22:50', 'ACTIVE');
INSERT INTO transactions (transaction_id, user_id, total_amount, transaction_date, receipt_number) VALUES (20200, 183, 500, '2026-12-11 06:10:18', 'REC-CLASSIC-20200');
INSERT INTO transaction_items (item_id, transaction_id, note_id, purchase_price) VALUES (20200, 20200, 145, 500);
INSERT INTO note_licenses (user_id, note_id, transaction_item_id, acquired_date, status) VALUES (183, 145, 20200, '2026-12-11 06:10:18', 'ACTIVE');
INSERT INTO reviews (note_id, user_id, attitude, content, created_at, status) VALUES (145, 183, 'POSITIVE', '這份筆記真的很棒！對期末考幫助極大，強力推薦！', '2026-12-13 06:10:18', 'VISIBLE');
INSERT INTO transactions (transaction_id, user_id, total_amount, transaction_date, receipt_number) VALUES (20201, 164, 500, '2026-09-09 03:49:43', 'REC-CLASSIC-20201');
INSERT INTO transaction_items (item_id, transaction_id, note_id, purchase_price) VALUES (20201, 20201, 145, 500);
INSERT INTO note_licenses (user_id, note_id, transaction_item_id, acquired_date, status) VALUES (164, 145, 20201, '2026-09-09 03:49:43', 'ACTIVE');
INSERT INTO reviews (note_id, user_id, attitude, content, created_at, status) VALUES (145, 164, 'POSITIVE', '這份筆記真的很棒！對期末考幫助極大，強力推薦！', '2026-09-10 03:49:43', 'VISIBLE');
INSERT INTO transactions (transaction_id, user_id, total_amount, transaction_date, receipt_number) VALUES (20202, 190, 500, '2026-10-23 09:38:23', 'REC-CLASSIC-20202');
INSERT INTO transaction_items (item_id, transaction_id, note_id, purchase_price) VALUES (20202, 20202, 145, 500);
INSERT INTO note_licenses (user_id, note_id, transaction_item_id, acquired_date, status) VALUES (190, 145, 20202, '2026-10-23 09:38:23', 'ACTIVE');
INSERT INTO transactions (transaction_id, user_id, total_amount, transaction_date, receipt_number) VALUES (20203, 169, 500, '2026-10-23 18:34:53', 'REC-CLASSIC-20203');
INSERT INTO transaction_items (item_id, transaction_id, note_id, purchase_price) VALUES (20203, 20203, 145, 500);
INSERT INTO note_licenses (user_id, note_id, transaction_item_id, acquired_date, status) VALUES (169, 145, 20203, '2026-10-23 18:34:53', 'ACTIVE');
INSERT INTO transactions (transaction_id, user_id, total_amount, transaction_date, receipt_number) VALUES (20204, 179, 500, '2026-03-28 00:00:05', 'REC-CLASSIC-20204');
INSERT INTO transaction_items (item_id, transaction_id, note_id, purchase_price) VALUES (20204, 20204, 145, 500);
INSERT INTO note_licenses (user_id, note_id, transaction_item_id, acquired_date, status) VALUES (179, 145, 20204, '2026-03-28 00:00:05', 'ACTIVE');
INSERT INTO reviews (note_id, user_id, attitude, content, created_at, status) VALUES (145, 179, 'POSITIVE', '這份筆記真的很棒！對期末考幫助極大，強力推薦！', '2026-04-02 00:00:05', 'VISIBLE');
INSERT INTO transactions (transaction_id, user_id, total_amount, transaction_date, receipt_number) VALUES (20205, 194, 500, '2026-08-06 17:57:11', 'REC-CLASSIC-20205');
INSERT INTO transaction_items (item_id, transaction_id, note_id, purchase_price) VALUES (20205, 20205, 145, 500);
INSERT INTO note_licenses (user_id, note_id, transaction_item_id, acquired_date, status) VALUES (194, 145, 20205, '2026-08-06 17:57:11', 'ACTIVE');
INSERT INTO reviews (note_id, user_id, attitude, content, created_at, status) VALUES (145, 194, 'POSITIVE', '這份筆記真的很棒！對期末考幫助極大，強力推薦！', '2026-08-08 17:57:11', 'VISIBLE');
INSERT INTO transactions (transaction_id, user_id, total_amount, transaction_date, receipt_number) VALUES (20206, 187, 500, '2026-02-03 04:35:22', 'REC-CLASSIC-20206');
INSERT INTO transaction_items (item_id, transaction_id, note_id, purchase_price) VALUES (20206, 20206, 145, 500);
INSERT INTO note_licenses (user_id, note_id, transaction_item_id, acquired_date, status) VALUES (187, 145, 20206, '2026-02-03 04:35:22', 'ACTIVE');
INSERT INTO reviews (note_id, user_id, attitude, content, created_at, status) VALUES (145, 187, 'POSITIVE', '這份筆記真的很棒！對期末考幫助極大，強力推薦！', '2026-02-07 04:35:22', 'VISIBLE');
INSERT INTO transactions (transaction_id, user_id, total_amount, transaction_date, receipt_number) VALUES (20207, 153, 500, '2026-03-06 02:39:26', 'REC-CLASSIC-20207');
INSERT INTO transaction_items (item_id, transaction_id, note_id, purchase_price) VALUES (20207, 20207, 145, 500);
INSERT INTO note_licenses (user_id, note_id, transaction_item_id, acquired_date, status) VALUES (153, 145, 20207, '2026-03-06 02:39:26', 'ACTIVE');
INSERT INTO reviews (note_id, user_id, attitude, content, created_at, status) VALUES (145, 153, 'POSITIVE', '這份筆記真的很棒！對期末考幫助極大，強力推薦！', '2026-03-14 02:39:26', 'VISIBLE');
INSERT INTO transactions (transaction_id, user_id, total_amount, transaction_date, receipt_number) VALUES (20208, 158, 500, '2026-08-12 16:11:07', 'REC-CLASSIC-20208');
INSERT INTO transaction_items (item_id, transaction_id, note_id, purchase_price) VALUES (20208, 20208, 145, 500);
INSERT INTO note_licenses (user_id, note_id, transaction_item_id, acquired_date, status) VALUES (158, 145, 20208, '2026-08-12 16:11:07', 'ACTIVE');
INSERT INTO transactions (transaction_id, user_id, total_amount, transaction_date, receipt_number) VALUES (20209, 167, 500, '2026-11-08 19:49:32', 'REC-CLASSIC-20209');
INSERT INTO transaction_items (item_id, transaction_id, note_id, purchase_price) VALUES (20209, 20209, 145, 500);
INSERT INTO note_licenses (user_id, note_id, transaction_item_id, acquired_date, status) VALUES (167, 145, 20209, '2026-11-08 19:49:32', 'ACTIVE');
INSERT INTO reviews (note_id, user_id, attitude, content, created_at, status) VALUES (145, 167, 'POSITIVE', '這份筆記真的很棒！對期末考幫助極大，強力推薦！', '2026-11-14 19:49:32', 'VISIBLE');
INSERT INTO transactions (transaction_id, user_id, total_amount, transaction_date, receipt_number) VALUES (20210, 151, 500, '2026-05-22 13:37:23', 'REC-CLASSIC-20210');
INSERT INTO transaction_items (item_id, transaction_id, note_id, purchase_price) VALUES (20210, 20210, 145, 500);
INSERT INTO note_licenses (user_id, note_id, transaction_item_id, acquired_date, status) VALUES (151, 145, 20210, '2026-05-22 13:37:23', 'ACTIVE');
INSERT INTO reviews (note_id, user_id, attitude, content, created_at, status) VALUES (145, 151, 'POSITIVE', '這份筆記真的很棒！對期末考幫助極大，強力推薦！', '2026-06-01 13:37:23', 'VISIBLE');
INSERT INTO transactions (transaction_id, user_id, total_amount, transaction_date, receipt_number) VALUES (20211, 178, 500, '2026-11-14 14:36:01', 'REC-CLASSIC-20211');
INSERT INTO transaction_items (item_id, transaction_id, note_id, purchase_price) VALUES (20211, 20211, 145, 500);
INSERT INTO note_licenses (user_id, note_id, transaction_item_id, acquired_date, status) VALUES (178, 145, 20211, '2026-11-14 14:36:01', 'ACTIVE');
INSERT INTO reviews (note_id, user_id, attitude, content, created_at, status) VALUES (145, 178, 'POSITIVE', '這份筆記真的很棒！對期末考幫助極大，強力推薦！', '2026-11-24 14:36:01', 'VISIBLE');
INSERT INTO transactions (transaction_id, user_id, total_amount, transaction_date, receipt_number) VALUES (20212, 184, 500, '2026-05-18 22:42:07', 'REC-CLASSIC-20212');
INSERT INTO transaction_items (item_id, transaction_id, note_id, purchase_price) VALUES (20212, 20212, 145, 500);
INSERT INTO note_licenses (user_id, note_id, transaction_item_id, acquired_date, status) VALUES (184, 145, 20212, '2026-05-18 22:42:07', 'ACTIVE');
INSERT INTO reviews (note_id, user_id, attitude, content, created_at, status) VALUES (145, 184, 'POSITIVE', '這份筆記真的很棒！對期末考幫助極大，強力推薦！', '2026-05-22 22:42:07', 'VISIBLE');
INSERT INTO transactions (transaction_id, user_id, total_amount, transaction_date, receipt_number) VALUES (20213, 152, 500, '2026-01-09 01:23:39', 'REC-CLASSIC-20213');
INSERT INTO transaction_items (item_id, transaction_id, note_id, purchase_price) VALUES (20213, 20213, 145, 500);
INSERT INTO note_licenses (user_id, note_id, transaction_item_id, acquired_date, status) VALUES (152, 145, 20213, '2026-01-09 01:23:39', 'ACTIVE');
INSERT INTO reviews (note_id, user_id, attitude, content, created_at, status) VALUES (145, 152, 'NEGATIVE', '這份筆記真的很棒！對期末考幫助極大，強力推薦！', '2026-01-16 01:23:39', 'VISIBLE');
INSERT INTO transactions (transaction_id, user_id, total_amount, transaction_date, receipt_number) VALUES (20214, 186, 500, '2026-08-05 15:22:31', 'REC-CLASSIC-20214');
INSERT INTO transaction_items (item_id, transaction_id, note_id, purchase_price) VALUES (20214, 20214, 145, 500);
INSERT INTO note_licenses (user_id, note_id, transaction_item_id, acquired_date, status) VALUES (186, 145, 20214, '2026-08-05 15:22:31', 'ACTIVE');
INSERT INTO reviews (note_id, user_id, attitude, content, created_at, status) VALUES (145, 186, 'POSITIVE', '這份筆記真的很棒！對期末考幫助極大，強力推薦！', '2026-08-11 15:22:31', 'VISIBLE');
INSERT INTO transactions (transaction_id, user_id, total_amount, transaction_date, receipt_number) VALUES (20215, 193, 500, '2026-11-06 19:09:36', 'REC-CLASSIC-20215');
INSERT INTO transaction_items (item_id, transaction_id, note_id, purchase_price) VALUES (20215, 20215, 145, 500);
INSERT INTO note_licenses (user_id, note_id, transaction_item_id, acquired_date, status) VALUES (193, 145, 20215, '2026-11-06 19:09:36', 'ACTIVE');
INSERT INTO reviews (note_id, user_id, attitude, content, created_at, status) VALUES (145, 193, 'POSITIVE', '這份筆記真的很棒！對期末考幫助極大，強力推薦！', '2026-11-09 19:09:36', 'VISIBLE');
INSERT INTO transactions (transaction_id, user_id, total_amount, transaction_date, receipt_number) VALUES (20216, 160, 500, '2026-08-27 16:33:00', 'REC-CLASSIC-20216');
INSERT INTO transaction_items (item_id, transaction_id, note_id, purchase_price) VALUES (20216, 20216, 145, 500);
INSERT INTO note_licenses (user_id, note_id, transaction_item_id, acquired_date, status) VALUES (160, 145, 20216, '2026-08-27 16:33:00', 'ACTIVE');
INSERT INTO transactions (transaction_id, user_id, total_amount, transaction_date, receipt_number) VALUES (20217, 154, 500, '2026-04-20 19:26:05', 'REC-CLASSIC-20217');
INSERT INTO transaction_items (item_id, transaction_id, note_id, purchase_price) VALUES (20217, 20217, 145, 500);
INSERT INTO note_licenses (user_id, note_id, transaction_item_id, acquired_date, status) VALUES (154, 145, 20217, '2026-04-20 19:26:05', 'ACTIVE');
INSERT INTO transactions (transaction_id, user_id, total_amount, transaction_date, receipt_number) VALUES (20218, 180, 500, '2026-05-28 13:07:40', 'REC-CLASSIC-20218');
INSERT INTO transaction_items (item_id, transaction_id, note_id, purchase_price) VALUES (20218, 20218, 145, 500);
INSERT INTO note_licenses (user_id, note_id, transaction_item_id, acquired_date, status) VALUES (180, 145, 20218, '2026-05-28 13:07:40', 'ACTIVE');
INSERT INTO reviews (note_id, user_id, attitude, content, created_at, status) VALUES (145, 180, 'NEGATIVE', '這份筆記真的很棒！對期末考幫助極大，強力推薦！', '2026-05-30 13:07:40', 'VISIBLE');
INSERT INTO transactions (transaction_id, user_id, total_amount, transaction_date, receipt_number) VALUES (20219, 192, 500, '2026-03-16 21:20:25', 'REC-CLASSIC-20219');
INSERT INTO transaction_items (item_id, transaction_id, note_id, purchase_price) VALUES (20219, 20219, 145, 500);
INSERT INTO note_licenses (user_id, note_id, transaction_item_id, acquired_date, status) VALUES (192, 145, 20219, '2026-03-16 21:20:25', 'ACTIVE');
INSERT INTO reviews (note_id, user_id, attitude, content, created_at, status) VALUES (145, 192, 'POSITIVE', '這份筆記真的很棒！對期末考幫助極大，強力推薦！', '2026-03-21 21:20:25', 'VISIBLE');
INSERT INTO transactions (transaction_id, user_id, total_amount, transaction_date, receipt_number) VALUES (20220, 165, 500, '2026-07-12 06:17:49', 'REC-CLASSIC-20220');
INSERT INTO transaction_items (item_id, transaction_id, note_id, purchase_price) VALUES (20220, 20220, 145, 500);
INSERT INTO note_licenses (user_id, note_id, transaction_item_id, acquired_date, status) VALUES (165, 145, 20220, '2026-07-12 06:17:49', 'ACTIVE');
INSERT INTO reviews (note_id, user_id, attitude, content, created_at, status) VALUES (145, 165, 'POSITIVE', '這份筆記真的很棒！對期末考幫助極大，強力推薦！', '2026-07-20 06:17:49', 'VISIBLE');
INSERT INTO transactions (transaction_id, user_id, total_amount, transaction_date, receipt_number) VALUES (20221, 194, 500, '2026-04-09 22:11:28', 'REC-CLASSIC-20221');
INSERT INTO transaction_items (item_id, transaction_id, note_id, purchase_price) VALUES (20221, 20221, 155, 500);
INSERT INTO note_licenses (user_id, note_id, transaction_item_id, acquired_date, status) VALUES (194, 155, 20221, '2026-04-09 22:11:28', 'ACTIVE');
INSERT INTO reviews (note_id, user_id, attitude, content, created_at, status) VALUES (155, 194, 'POSITIVE', '這份筆記真的很棒！對期末考幫助極大，強力推薦！', '2026-04-17 22:11:28', 'VISIBLE');
INSERT INTO transactions (transaction_id, user_id, total_amount, transaction_date, receipt_number) VALUES (20222, 152, 500, '2026-08-04 21:21:27', 'REC-CLASSIC-20222');
INSERT INTO transaction_items (item_id, transaction_id, note_id, purchase_price) VALUES (20222, 20222, 155, 500);
INSERT INTO note_licenses (user_id, note_id, transaction_item_id, acquired_date, status) VALUES (152, 155, 20222, '2026-08-04 21:21:27', 'ACTIVE');
INSERT INTO transactions (transaction_id, user_id, total_amount, transaction_date, receipt_number) VALUES (20223, 193, 500, '2026-09-10 02:19:06', 'REC-CLASSIC-20223');
INSERT INTO transaction_items (item_id, transaction_id, note_id, purchase_price) VALUES (20223, 20223, 155, 500);
INSERT INTO note_licenses (user_id, note_id, transaction_item_id, acquired_date, status) VALUES (193, 155, 20223, '2026-09-10 02:19:06', 'ACTIVE');
INSERT INTO reviews (note_id, user_id, attitude, content, created_at, status) VALUES (155, 193, 'POSITIVE', '這份筆記真的很棒！對期末考幫助極大，強力推薦！', '2026-09-17 02:19:06', 'VISIBLE');
INSERT INTO transactions (transaction_id, user_id, total_amount, transaction_date, receipt_number) VALUES (20224, 189, 500, '2026-12-19 02:22:42', 'REC-CLASSIC-20224');
INSERT INTO transaction_items (item_id, transaction_id, note_id, purchase_price) VALUES (20224, 20224, 155, 500);
INSERT INTO note_licenses (user_id, note_id, transaction_item_id, acquired_date, status) VALUES (189, 155, 20224, '2026-12-19 02:22:42', 'ACTIVE');
INSERT INTO reviews (note_id, user_id, attitude, content, created_at, status) VALUES (155, 189, 'POSITIVE', '這份筆記真的很棒！對期末考幫助極大，強力推薦！', '2026-12-21 02:22:42', 'VISIBLE');
INSERT INTO transactions (transaction_id, user_id, total_amount, transaction_date, receipt_number) VALUES (20225, 164, 500, '2026-09-22 17:08:34', 'REC-CLASSIC-20225');
INSERT INTO transaction_items (item_id, transaction_id, note_id, purchase_price) VALUES (20225, 20225, 155, 500);
INSERT INTO note_licenses (user_id, note_id, transaction_item_id, acquired_date, status) VALUES (164, 155, 20225, '2026-09-22 17:08:34', 'ACTIVE');
INSERT INTO reviews (note_id, user_id, attitude, content, created_at, status) VALUES (155, 164, 'POSITIVE', '這份筆記真的很棒！對期末考幫助極大，強力推薦！', '2026-09-25 17:08:34', 'VISIBLE');
INSERT INTO transactions (transaction_id, user_id, total_amount, transaction_date, receipt_number) VALUES (20226, 163, 500, '2026-06-04 19:39:14', 'REC-CLASSIC-20226');
INSERT INTO transaction_items (item_id, transaction_id, note_id, purchase_price) VALUES (20226, 20226, 155, 500);
INSERT INTO note_licenses (user_id, note_id, transaction_item_id, acquired_date, status) VALUES (163, 155, 20226, '2026-06-04 19:39:14', 'ACTIVE');
INSERT INTO transactions (transaction_id, user_id, total_amount, transaction_date, receipt_number) VALUES (20227, 175, 500, '2026-03-31 23:54:33', 'REC-CLASSIC-20227');
INSERT INTO transaction_items (item_id, transaction_id, note_id, purchase_price) VALUES (20227, 20227, 155, 500);
INSERT INTO note_licenses (user_id, note_id, transaction_item_id, acquired_date, status) VALUES (175, 155, 20227, '2026-03-31 23:54:33', 'ACTIVE');
INSERT INTO reviews (note_id, user_id, attitude, content, created_at, status) VALUES (155, 175, 'POSITIVE', '這份筆記真的很棒！對期末考幫助極大，強力推薦！', '2026-04-10 23:54:33', 'VISIBLE');
INSERT INTO transactions (transaction_id, user_id, total_amount, transaction_date, receipt_number) VALUES (20228, 177, 500, '2026-10-04 23:53:58', 'REC-CLASSIC-20228');
INSERT INTO transaction_items (item_id, transaction_id, note_id, purchase_price) VALUES (20228, 20228, 155, 500);
INSERT INTO note_licenses (user_id, note_id, transaction_item_id, acquired_date, status) VALUES (177, 155, 20228, '2026-10-04 23:53:58', 'ACTIVE');
INSERT INTO reviews (note_id, user_id, attitude, content, created_at, status) VALUES (155, 177, 'POSITIVE', '這份筆記真的很棒！對期末考幫助極大，強力推薦！', '2026-10-14 23:53:58', 'VISIBLE');
INSERT INTO transactions (transaction_id, user_id, total_amount, transaction_date, receipt_number) VALUES (20229, 169, 500, '2026-04-20 19:27:27', 'REC-CLASSIC-20229');
INSERT INTO transaction_items (item_id, transaction_id, note_id, purchase_price) VALUES (20229, 20229, 155, 500);
INSERT INTO note_licenses (user_id, note_id, transaction_item_id, acquired_date, status) VALUES (169, 155, 20229, '2026-04-20 19:27:27', 'ACTIVE');
INSERT INTO reviews (note_id, user_id, attitude, content, created_at, status) VALUES (155, 169, 'POSITIVE', '這份筆記真的很棒！對期末考幫助極大，強力推薦！', '2026-04-26 19:27:27', 'VISIBLE');
INSERT INTO transactions (transaction_id, user_id, total_amount, transaction_date, receipt_number) VALUES (20230, 185, 500, '2026-04-06 07:14:27', 'REC-CLASSIC-20230');
INSERT INTO transaction_items (item_id, transaction_id, note_id, purchase_price) VALUES (20230, 20230, 155, 500);
INSERT INTO note_licenses (user_id, note_id, transaction_item_id, acquired_date, status) VALUES (185, 155, 20230, '2026-04-06 07:14:27', 'ACTIVE');
INSERT INTO reviews (note_id, user_id, attitude, content, created_at, status) VALUES (155, 185, 'POSITIVE', '這份筆記真的很棒！對期末考幫助極大，強力推薦！', '2026-04-16 07:14:27', 'VISIBLE');
INSERT INTO transactions (transaction_id, user_id, total_amount, transaction_date, receipt_number) VALUES (20231, 156, 500, '2026-07-20 06:23:11', 'REC-CLASSIC-20231');
INSERT INTO transaction_items (item_id, transaction_id, note_id, purchase_price) VALUES (20231, 20231, 155, 500);
INSERT INTO note_licenses (user_id, note_id, transaction_item_id, acquired_date, status) VALUES (156, 155, 20231, '2026-07-20 06:23:11', 'ACTIVE');
INSERT INTO reviews (note_id, user_id, attitude, content, created_at, status) VALUES (155, 156, 'POSITIVE', '這份筆記真的很棒！對期末考幫助極大，強力推薦！', '2026-07-29 06:23:11', 'VISIBLE');
INSERT INTO transactions (transaction_id, user_id, total_amount, transaction_date, receipt_number) VALUES (20232, 178, 500, '2026-09-10 17:05:41', 'REC-CLASSIC-20232');
INSERT INTO transaction_items (item_id, transaction_id, note_id, purchase_price) VALUES (20232, 20232, 155, 500);
INSERT INTO note_licenses (user_id, note_id, transaction_item_id, acquired_date, status) VALUES (178, 155, 20232, '2026-09-10 17:05:41', 'ACTIVE');
INSERT INTO reviews (note_id, user_id, attitude, content, created_at, status) VALUES (155, 178, 'POSITIVE', '這份筆記真的很棒！對期末考幫助極大，強力推薦！', '2026-09-19 17:05:41', 'VISIBLE');
INSERT INTO transactions (transaction_id, user_id, total_amount, transaction_date, receipt_number) VALUES (20233, 153, 500, '2026-07-10 21:30:17', 'REC-CLASSIC-20233');
INSERT INTO transaction_items (item_id, transaction_id, note_id, purchase_price) VALUES (20233, 20233, 155, 500);
INSERT INTO note_licenses (user_id, note_id, transaction_item_id, acquired_date, status) VALUES (153, 155, 20233, '2026-07-10 21:30:17', 'ACTIVE');
INSERT INTO reviews (note_id, user_id, attitude, content, created_at, status) VALUES (155, 153, 'NEGATIVE', '這份筆記真的很棒！對期末考幫助極大，強力推薦！', '2026-07-11 21:30:17', 'VISIBLE');
INSERT INTO transactions (transaction_id, user_id, total_amount, transaction_date, receipt_number) VALUES (20234, 180, 500, '2026-10-31 13:04:45', 'REC-CLASSIC-20234');
INSERT INTO transaction_items (item_id, transaction_id, note_id, purchase_price) VALUES (20234, 20234, 155, 500);
INSERT INTO note_licenses (user_id, note_id, transaction_item_id, acquired_date, status) VALUES (180, 155, 20234, '2026-10-31 13:04:45', 'ACTIVE');
INSERT INTO reviews (note_id, user_id, attitude, content, created_at, status) VALUES (155, 180, 'POSITIVE', '這份筆記真的很棒！對期末考幫助極大，強力推薦！', '2026-11-02 13:04:45', 'VISIBLE');
INSERT INTO transactions (transaction_id, user_id, total_amount, transaction_date, receipt_number) VALUES (20235, 168, 500, '2026-10-21 08:19:51', 'REC-CLASSIC-20235');
INSERT INTO transaction_items (item_id, transaction_id, note_id, purchase_price) VALUES (20235, 20235, 155, 500);
INSERT INTO note_licenses (user_id, note_id, transaction_item_id, acquired_date, status) VALUES (168, 155, 20235, '2026-10-21 08:19:51', 'ACTIVE');
INSERT INTO reviews (note_id, user_id, attitude, content, created_at, status) VALUES (155, 168, 'POSITIVE', '這份筆記真的很棒！對期末考幫助極大，強力推薦！', '2026-10-26 08:19:51', 'VISIBLE');
INSERT INTO transactions (transaction_id, user_id, total_amount, transaction_date, receipt_number) VALUES (20236, 154, 500, '2026-02-16 12:25:42', 'REC-CLASSIC-20236');
INSERT INTO transaction_items (item_id, transaction_id, note_id, purchase_price) VALUES (20236, 20236, 155, 500);
INSERT INTO note_licenses (user_id, note_id, transaction_item_id, acquired_date, status) VALUES (154, 155, 20236, '2026-02-16 12:25:42', 'ACTIVE');
INSERT INTO reviews (note_id, user_id, attitude, content, created_at, status) VALUES (155, 154, 'POSITIVE', '這份筆記真的很棒！對期末考幫助極大，強力推薦！', '2026-02-19 12:25:42', 'VISIBLE');
INSERT INTO transactions (transaction_id, user_id, total_amount, transaction_date, receipt_number) VALUES (20237, 159, 500, '2026-12-08 00:19:49', 'REC-CLASSIC-20237');
INSERT INTO transaction_items (item_id, transaction_id, note_id, purchase_price) VALUES (20237, 20237, 155, 500);
INSERT INTO note_licenses (user_id, note_id, transaction_item_id, acquired_date, status) VALUES (159, 155, 20237, '2026-12-08 00:19:49', 'ACTIVE');
INSERT INTO reviews (note_id, user_id, attitude, content, created_at, status) VALUES (155, 159, 'POSITIVE', '這份筆記真的很棒！對期末考幫助極大，強力推薦！', '2026-12-14 00:19:49', 'VISIBLE');
INSERT INTO transactions (transaction_id, user_id, total_amount, transaction_date, receipt_number) VALUES (20238, 187, 500, '2026-11-19 20:44:57', 'REC-CLASSIC-20238');
INSERT INTO transaction_items (item_id, transaction_id, note_id, purchase_price) VALUES (20238, 20238, 155, 500);
INSERT INTO note_licenses (user_id, note_id, transaction_item_id, acquired_date, status) VALUES (187, 155, 20238, '2026-11-19 20:44:57', 'ACTIVE');
INSERT INTO reviews (note_id, user_id, attitude, content, created_at, status) VALUES (155, 187, 'POSITIVE', '這份筆記真的很棒！對期末考幫助極大，強力推薦！', '2026-11-21 20:44:57', 'VISIBLE');
INSERT INTO transactions (transaction_id, user_id, total_amount, transaction_date, receipt_number) VALUES (20239, 184, 500, '2026-06-21 07:31:20', 'REC-CLASSIC-20239');
INSERT INTO transaction_items (item_id, transaction_id, note_id, purchase_price) VALUES (20239, 20239, 155, 500);
INSERT INTO note_licenses (user_id, note_id, transaction_item_id, acquired_date, status) VALUES (184, 155, 20239, '2026-06-21 07:31:20', 'ACTIVE');
INSERT INTO reviews (note_id, user_id, attitude, content, created_at, status) VALUES (155, 184, 'POSITIVE', '這份筆記真的很棒！對期末考幫助極大，強力推薦！', '2026-06-27 07:31:20', 'VISIBLE');
INSERT INTO transactions (transaction_id, user_id, total_amount, transaction_date, receipt_number) VALUES (20240, 150, 500, '2026-02-28 21:39:14', 'REC-CLASSIC-20240');
INSERT INTO transaction_items (item_id, transaction_id, note_id, purchase_price) VALUES (20240, 20240, 155, 500);
INSERT INTO note_licenses (user_id, note_id, transaction_item_id, acquired_date, status) VALUES (150, 155, 20240, '2026-02-28 21:39:14', 'ACTIVE');
INSERT INTO reviews (note_id, user_id, attitude, content, created_at, status) VALUES (155, 150, 'POSITIVE', '這份筆記真的很棒！對期末考幫助極大，強力推薦！', '2026-03-01 21:39:14', 'VISIBLE');

-- Inserting sales for OLD UNPOPULAR
INSERT INTO transactions (transaction_id, user_id, total_amount, transaction_date, receipt_number) VALUES (20241, 177, 500, '2022-10-30 21:59:14', 'REC-CLASSIC-20241');
INSERT INTO transaction_items (item_id, transaction_id, note_id, purchase_price) VALUES (20241, 20241, 112, 500);
INSERT INTO note_licenses (user_id, note_id, transaction_item_id, acquired_date, status) VALUES (177, 112, 20241, '2022-10-30 21:59:14', 'ACTIVE');
INSERT INTO reviews (note_id, user_id, attitude, content, created_at, status) VALUES (112, 177, 'NEGATIVE', '這份筆記真的很棒！對期末考幫助極大，強力推薦！', '2022-11-09 21:59:14', 'VISIBLE');
INSERT INTO transactions (transaction_id, user_id, total_amount, transaction_date, receipt_number) VALUES (20242, 182, 500, '2021-09-18 22:15:42', 'REC-CLASSIC-20242');
INSERT INTO transaction_items (item_id, transaction_id, note_id, purchase_price) VALUES (20242, 20242, 112, 500);
INSERT INTO note_licenses (user_id, note_id, transaction_item_id, acquired_date, status) VALUES (182, 112, 20242, '2021-09-18 22:15:42', 'ACTIVE');
INSERT INTO transactions (transaction_id, user_id, total_amount, transaction_date, receipt_number) VALUES (20243, 153, 500, '2022-05-04 13:59:14', 'REC-CLASSIC-20243');
INSERT INTO transaction_items (item_id, transaction_id, note_id, purchase_price) VALUES (20243, 20243, 122, 500);
INSERT INTO note_licenses (user_id, note_id, transaction_item_id, acquired_date, status) VALUES (153, 122, 20243, '2022-05-04 13:59:14', 'ACTIVE');
INSERT INTO reviews (note_id, user_id, attitude, content, created_at, status) VALUES (122, 153, 'POSITIVE', '這份筆記真的很棒！對期末考幫助極大，強力推薦！', '2022-05-10 13:59:14', 'VISIBLE');
INSERT INTO transactions (transaction_id, user_id, total_amount, transaction_date, receipt_number) VALUES (20244, 174, 500, '2022-11-26 04:35:47', 'REC-CLASSIC-20244');
INSERT INTO transaction_items (item_id, transaction_id, note_id, purchase_price) VALUES (20244, 20244, 122, 500);
INSERT INTO note_licenses (user_id, note_id, transaction_item_id, acquired_date, status) VALUES (174, 122, 20244, '2022-11-26 04:35:47', 'ACTIVE');
INSERT INTO reviews (note_id, user_id, attitude, content, created_at, status) VALUES (122, 174, 'POSITIVE', '這份筆記真的很棒！對期末考幫助極大，強力推薦！', '2022-12-03 04:35:47', 'VISIBLE');
INSERT INTO transactions (transaction_id, user_id, total_amount, transaction_date, receipt_number) VALUES (20245, 173, 500, '2021-10-20 22:32:36', 'REC-CLASSIC-20245');
INSERT INTO transaction_items (item_id, transaction_id, note_id, purchase_price) VALUES (20245, 20245, 132, 500);
INSERT INTO note_licenses (user_id, note_id, transaction_item_id, acquired_date, status) VALUES (173, 132, 20245, '2021-10-20 22:32:36', 'ACTIVE');
INSERT INTO reviews (note_id, user_id, attitude, content, created_at, status) VALUES (132, 173, 'NEGATIVE', '這份筆記真的很棒！對期末考幫助極大，強力推薦！', '2021-10-24 22:32:36', 'VISIBLE');
INSERT INTO transactions (transaction_id, user_id, total_amount, transaction_date, receipt_number) VALUES (20246, 161, 500, '2021-06-23 04:36:59', 'REC-CLASSIC-20246');
INSERT INTO transaction_items (item_id, transaction_id, note_id, purchase_price) VALUES (20246, 20246, 132, 500);
INSERT INTO note_licenses (user_id, note_id, transaction_item_id, acquired_date, status) VALUES (161, 132, 20246, '2021-06-23 04:36:59', 'ACTIVE');
INSERT INTO reviews (note_id, user_id, attitude, content, created_at, status) VALUES (132, 161, 'POSITIVE', '這份筆記真的很棒！對期末考幫助極大，強力推薦！', '2021-06-30 04:36:59', 'VISIBLE');
INSERT INTO transactions (transaction_id, user_id, total_amount, transaction_date, receipt_number) VALUES (20247, 154, 500, '2021-02-04 10:03:45', 'REC-CLASSIC-20247');
INSERT INTO transaction_items (item_id, transaction_id, note_id, purchase_price) VALUES (20247, 20247, 142, 500);
INSERT INTO note_licenses (user_id, note_id, transaction_item_id, acquired_date, status) VALUES (154, 142, 20247, '2021-02-04 10:03:45', 'ACTIVE');
INSERT INTO reviews (note_id, user_id, attitude, content, created_at, status) VALUES (142, 154, 'POSITIVE', '這份筆記真的很棒！對期末考幫助極大，強力推薦！', '2021-02-12 10:03:45', 'VISIBLE');
INSERT INTO transactions (transaction_id, user_id, total_amount, transaction_date, receipt_number) VALUES (20248, 181, 500, '2022-05-21 23:07:54', 'REC-CLASSIC-20248');
INSERT INTO transaction_items (item_id, transaction_id, note_id, purchase_price) VALUES (20248, 20248, 152, 500);
INSERT INTO note_licenses (user_id, note_id, transaction_item_id, acquired_date, status) VALUES (181, 152, 20248, '2022-05-21 23:07:54', 'ACTIVE');
INSERT INTO reviews (note_id, user_id, attitude, content, created_at, status) VALUES (152, 181, 'POSITIVE', '這份筆記真的很棒！對期末考幫助極大，強力推薦！', '2022-05-26 23:07:54', 'VISIBLE');

SELECT setval('transactions_transaction_id_seq', (SELECT MAX(transaction_id) FROM transactions));
SELECT setval('transaction_items_item_id_seq', (SELECT MAX(item_id) FROM transaction_items));
